CANTOR;TÍTULO;INÍCIO DA LETRA
365;SÃO PAULO;Tem dias que eu digo não….
10 cc;I'M NOT IN LOVE;I'm not in love so don't forget it
14 Bis;BOLA DE MEIA BOLA DE GUDE;Há um menino há um moleque
14 Bis;LINDA JUVENTUDE;Zabelê, zumbi, besouro vespa fabricando
14 Bis;NATURAL;Penso em você no seu jeito de falar
14 Bis;PLANETA SONHO;Aqui ninguém mais ficará depois do sol...
14 Bis;ROMANCE;Flores simples
14 Bis;TODO AZUL DO MAR;Foi assim como ver o mar ...
14 Bis;UMA VELHA CANÇÃO ROCK'N'ROLL;Olhe oh oh oh venha solte seu corpo n
3 Doors Down;HERE WITHOUT YOU;A hundred days had made me older
4 Non Blondes;SPACEMAN;Starry night bring me down
4 Non Blondes;WHAT'S UP;Twenty-five years and my life is still
A Banda Mais Bonita da Cidade;ORAÇÃO;Meu amor essa é a última oração
A Cor do Som;ABRI A PORTA;Abri a porta apareci...
A Cor do Som;MENINO DEUS;Menino Deus um corpo azul-dourado
A Cor do Som;ZANZIBAR;No azul de Jezebel no céu de Calcutá
A Teens;MAMMA MIA;I've being cheated by you since I don't
A Teens;SUPER TROUPER;Super trouper beams are gonna blind me
A Turma da Mônica;SER CRIANÇA É BOM;Ser criança é bom ser criança faz bem...
A Vigília;ESTAMOS AQUI;Estamos aqui na casa de Deus...
A Vigília;JEOVÁ É O TEU CAVALEIRO;Jeová é o teu cavaleiro que...
A Vigília;JESUS TE ENTRONIZAMOS;Jesus nesta noite...
A Vigília;RENOVA-ME;Renova-me Senhor Jesus já não quero...
A Zorra;A COR DA ESPERANÇA;Sei
A-Ha;TAKE ON ME;We're talking away
Abba;CHIQUITITA;Chiquitita tell me what's wrong
Abba;DANCING QUEEN;Yeah! You can dance you can jive
Abba;I HAVE A DREAM;I have a dream a song to sing…
Abba;MAMMA MIA;I've been cheated by you since I don't
Abba;THE WINNER TAKES IT ALL;I don’t wanna talk...
Abelhudos;AS CRIANÇAS E OS ANIMAIS;Ê ô ê ô
Abilio Farias;O GENRO ODIADO;Desculpa mulher resolvi mil desculpas pedir
Abílio Farias;CORAÇÃO INDECISO;Um coração indeciso busquei no céu um
Abílio Farias;VOU FECHAR O CABARÉ;Esperei tanto
Absyntho;SÓ A LUA;Lembro que ela disse meio triste...
AC-DC;BACK IN BLACK;Back in black I hit the sack
AC-DC;HIGHWAY TO HELL;Livin' easy lovin' free
Ace of Base;ALL THAT SHE WANTS;She leads a lonely life
Ace of Base;HAPPY NATION;Laudate omnes gentes laudate...
Adair Cardoso;QUE SE DANE O MUNDO;E que se dane o mundo e que se dane
Adalberto e Adriano;SEPARAÇÃO;Qual terá sido o motivo da nossa
Adele;CHASING PAVEMENTS;I've made up my mind
Adele;ROLLING IN THE DEEP;There's a fire starting in my heart
Adele;SET FIRE TO THE RAIN;I let it fall my heart and as I fell
Adele;SOMEONE LIKE YOU;I heard that you're settled down
Adílson Ramos;SONHAR CONTIGO;Sonhar contigo por toda vida…
Adoniran Barbosa;AS MARIPOSAS;As mariposa quando chega o frio
Adoração e Adoradores;FAZ CHOVER;Assim como a corsa anseia por águas
Adoração e Adoradores;VIM PARA ADORAR-TE;Luz do mundo vieste à terra
Adriana;I LOVE YOU BABY;Difícil é viver sem teu amor
Adriana Calcanhoto;CANÇÃO DE NOVELA;Toalha molhada
Adriana Calcanhoto;DEVOLVA-ME;Rasgue as minhas cartas.............
Adriana Calcanhoto;ESQUADROS;Eu ando pelo mundo prestando atenção
Adriana Calcanhoto;FICO ASSIM SEM VOCÊ;Avião sem asa fogueira sem brasa
Adriana Calcanhoto;JUSTO AGORA;Eu ouvi dizer que você assim…
Adriana Calcanhoto;MAIS FELIZ;O nosso amor não vai parar
Adriana Calcanhoto;MARESIA;Meu amor me deixou levou minha identi
Adriana Calcanhoto;MENTIRAS;Nada ficou no lugar
Adriana Calcanhoto;METADE;Eu perco o chão
Adriana Calcanhoto;MULHER SEM RAZÃO;Saia dessa vida de migalhas
Adriana Calcanhoto;NAQUELA ESTAÇÃO;Você entrou no trem
Adriana Calcanhoto;OUTRA VEZ;Outra vez sem você outra vez sem amor
Adriana Calcanhoto;PELOS ARES;Não lhe peço nada
Adriana Calcanhoto;SEU PENSAMENTO;A uma hora dessas
Adriana Calcanhoto;VAMBORA;Entre por essa porta agora
Adryana e a Rapaziada;AMOR PRA VALER;Já faz tanto tempo não consigo........
Adryana e a Rapaziada;EU TE AMO (AND I LOVE HER);Foi tanto que eu te amei e eu não sabia...
Adryana e a Rapaziada;FIM DE NOITE;Você nunca vai me ver sofrer...
Adryana e a Rapaziada;SÓ FALTAVA VOCÊ;Sò faltava você...
Adryana e a Rapaziada;TUDO PASSA;Tudo na vida passa tudo na vida...
Adryana Ribeiro;E AGORA?;E agora como é que eu vou ficar
Adryana Ribeiro;SAUDADE VEM;O que é que você foi fazer comigo
Aerosmith;AMAZING;I get the right ones out...
Aerosmith;CRAZY;Come here baby
Aerosmith;I DON'T WANT TO MISS A THING;I could stay awake just to hear you brea
Afrodisíaco;JA É;Ôh ôh ôh ôh ôh ôh incendeia
Afrodite se Quiser;O QUE QUE ELA TEM QUE EU NÃO TENHO;Não adianta
Agepê;DE AMOR É BOM;Um lindo canto com um gosto de viver
Agepê;DE TODAS AS FORMAS;Me dê a posse do teu corpo
Agepê;DEIXA EU TE AMAR;Quero ir na fonte do teu ser…
Agepê;LÁ VEM O TREM;Lá vem o trem no passo que o vento vem
Agepê;ME LEVA;Tudo nasceu de brincadeira
Agepê;MENINA DE CABELOS LONGOS;Ê ê ê... menina de cabelos longos…
Agepê;MOÇA CRIANÇA;O seu andar tem jeito de moça
CANTOR;TÍTULO;INÍCIO DA LETRA
Agepê;NINGUEM FAZ AMOR COMO VOCÊ;Se eu perdi a hora não se zangue comi
Agepê;MORO ONDE NÃO MORA NINGUÉM;Moro, onde não mora ninguém...
Agnaldo Rayol;A PRAIA;Em plena praia no céu azul brilhava o sol
Agnaldo Rayol;AMIGOS PARA SEMPRE;Eu não tenho nada pra dizer
Agnaldo Rayol;AVE MARIA NO MORRO;Barracão de zinco...
Agnaldo Rayol;O PRINCÍPIO E O FIM;A minha vida em carinhos...
Agnaldo Rayol;SANTA LUCIA;Sul mare luccica l'astro d'argento
Agnaldo Rayol e Charlotte Church;TORMENTO D'AMORE;Martirio tormento d'amore
Agnaldo Timóteo;A CASA DE IRENE;Os dias tristes
Agnaldo Timóteo;A CASA DO SOL NASCENTE;A casa dos meus sonhos é feita de ilu
Agnaldo Timóteo;A GALERIA DO AMOR;Numa noite de insônia saí
Agnaldo Timóteo;A NOIVA;Ave Maria… Branca e radiante…
Agnaldo Timóteo;LIVRE;Livre nasci como a brisa
Agnaldo Timóteo;MAMÃE ESTOU TÃO FELIZ;Mamãe estou tão feliz porque voltei
Agnaldo Timóteo;MEU GRITO;Se eu demoro mais aqui eu vou morrer...
Agnaldo Timóteo;NÃO MEREÇO VOCÊ;Não mereço você sei que vou me…
Agnaldo Timóteo;OS BRUTOS TAMBÉM AMAM;Você jamais vai entender o amor que…
Agnaldo Timóteo;OS VERDES CAMPOS DA MINHA TERRA;Se algum dia à minha terra eu voltar…
Agnaldo Timóteo;QUEM É;Quem é que não sofre por alguém...
Agnela;PODIA SER;Não sei porque você não quis ligar
Agostinho dos Santos;A FELICIDADE;Tristeza não tem fim felicidade...
Agostinho dos Santos;AQUELES OLHOS VERDES;Aqueles olhos verdes translúcidos ser
Agostinho dos Santos;MANHÃ DE CARNAVAL;Manhã tão bonita manhã
Agridoce (Pitty);DANÇANDO;Eu sei que lá no fundo
Air Supply;ALL OUT OF LOVE;I'm lying alone...
Air Supply;EVEN THE NIGHTS ARE BETTER;I I was the lonely one…
Air Supply;HERE I AM;Here I am
Air Supply;LOST IN LOVE;I realize the best part of love
Air Supply;THE ONE THAT YOU LOVE;Now the night has gone…
Akundum;EMACONHADA;Kaya erva danada Kaya erva danada
Al Jarreau;MORNIN';Mornin' mister Radio
Al Jarreau;WE'RE IN THIS LOVE TOGETHER;It's like a diamond ring it's a precious…
Al Martino;LOVE IS BLUE;Blue blue my world is blue
Al Stewart;YEAR OF THE CAT;On a morning from a Bogart movie...
Alan Jackson;EVERYTHING I LOVE;Coffee keeps me up and I can't sleep
Alan Jackson;I'LL TRY;Here we are talkin' bout forever
Alan Jackson;LIVIN' ON LOVE;Two young people without a thing
Alan Jackson;MIDNIGHT IN MONTGOMERY;Midnight in Montgomery silver eagle…
Alan Parson's Project;EYE IN THE SKY;Don't think sorry's easily said
Alan Parson's Project;TIME;Time flowin' like a river…
Alanis Morissette;IRONIC;Hey yeah yeah yeah Oh oh, oh yeah
Alanis Morissette;THAT I WOULD BE GOOD;That I would be good even if I did not
Alanis Morissette;YOU LEARN;Oooh, oooh-do, do
Alanis Morissette;YOU OUGHTA KNOW;I want you to know that I'm happy for y
Alannah Myles;BLACK VELVET;Mississippi in the middle of the dry s
Albert Hammond;FOR THE PEACE OF ALL MANKIND;You turn me on so bad that there
Albert Hammond;IT NEVER RAINS IN SOUTHERN CALIFORNIA;Got on a board a west bound seven forty…
Alceu Valença;ANUNCIAÇÃO;Na bruma leve das paixões
Alceu Valença;COMO DOIS ANIMAIS;Uma moça bonita de olhar agateado…
Alceu Valença;CORAÇÃO BOBO;Meu coração tá batendo...
Alceu Valença;LA BELLE DE JOUR;Ah! eh! ah! eh! La belle de jour
Alceu Valença;SOLIDÃO;A solidão é fera a solidão devora
Alceu Valença;TROPICANA;Da manga rosa quero o gosto e o
Alcione;A LOBA;Sou doce dengosa polida…
Alcione;A PAIXÃO TEM MEMÓRIA;Lá vem você de novo procurar por mim
Alcione;ALÉM DA CAMA;De amor eu não morro...
Alcione;DELÍRIO DO AMOR;Você acaba dando um jeito
Alcione;EU VOU PRA LAPA;É ela a dama da noite
Alcione;FAZ UMA LOUCURA POR MIM;Faz uma loucura por mim
Alcione;GAROTO MAROTO;Você faz de conta que quer meu perdão
Alcione;GOSTOSO VENENO;Esse amor me envenena...
Alcione;MELHORES MOMENTOS;Como posso explicar para o meu
Alcione;MENINO SEM JUÍZO;Sabe meu menino sem juízo
Alcione;MEU ÉBANO;É você e um negão de tirar o chapéu…
Alcione;MEU VÍCIO É VOCÊ;Meu cigarro é o perfume do mato
Alcione;NA HORA DA RAIVA;Na hora da raiva eu lhe disse tudo
Alcione;NÃO CHORE, NÃO;Pra quê chorar a vida é mesmo assim
Alcione;NÃO DEIXE O SAMBA MORRER;Não deixe o samba morrer
Alcione;O MUNDO É DE NÓIS DOIS;Esse nosso amor é a perfeição...
Alcione;O QUE EU FAÇO AMANHÃ?;De repente você vem dizer
Alcione;O SURDO;Amigo que ironia desta vida
Alcione;PIOR É QUE EU GOSTO;De repente é mais uma vez
Alcione;QUALQUER DIA DESSES;Qualquer dia desses
Alcione;QUEM É VOCÊ?;Quem é você
Alcione;RIO ANTIGO;Quero o bate-papo na esquina
Alcione;SE NÃO É AMOR;Se não é amor
Alcione;SUFOCO;Não sei se vou aturar esses seus abusos
Alcione;TÔ COM SAUDADE;Tô com saudade amor já não suporto
Alcione;VOCÊ ME VIRA A CABEÇA;Você me vira a cabeça me tira...
Alcione e Alexandre Pires;ESTRANHA LOUCURA;Minha estranha loucura...
Alda Célia;CHUVA DE AVIVAMENTO;Nos últimos dias diz o Senhor
Alda Célia;SOPRA ESPÍRITO DE DEUS;Sopra dos quatro cantos Espírito
Alejandro Sanz;CORAZÓN PARTÍO;Tiritas pa este corazón partío
Alesis;ALL FOR A REASON;I know it's late and I'm a little drunk...
CANTOR;TÍTULO;INÍCIO DA LETRA
Alesis Brothers;BABY COME BACK;Spending all my nights all my money
Alexandre Peixe;EU SOU MAIS VOCÊ;Ô ô... ô ô ô ô
Alexandre Peixe;VOCÊ VAI PIRAR;Você vai pirar vai enlouquecer
Alexandre Pires;A DEUS EU PEÇO;Que a menina dos meus olhos
Alexandre Pires;A MUSA DAS MINHAS CANÇÕES;No palco de um pequeno bar…
Alexandre Pires;BUM, BUM, BUM;Amiga olha só como mudou a vida...
Alexandre Pires;CIGANO;Era lindo o nosso amor
Alexandre Pires;COISA DO DESTINO;Isso é coisa do destino eu sofri
Alexandre Pires;DESSA VEZ EU ME RENDO;Dizem que amor não mata mas judia da
Alexandre Pires;É POR AMOR;A noite de lua cheia é quase...
Alexandre Pires;ERRO MEU;Se o amor bater deixa entrar
Alexandre Pires;EU TIRO A SUA ROUPA;Às vezes em silêncios a emoção me fa
Alexandre Pires;LEVE TUDO COM VOCÊ;Como pude mentir o meu bem eu traí
Alexandre Pires;MULHER DAS ESTRELAS;Ela canta demais
Alexandre Pires;NECESSIDADE;Beijar a tua boca é minha aventura...
Alexandre Pires;SE ELA ME AMASSE;Se ela me amasse
Alexandre Pires;SEM TEU AMOR NADA É IGUAL;Me pego remexendo em suas coisas
Alexandre Pires;SISSI;Laiá laiá laiá... Ai que dede que dede que delícia
Alexandre Pires;SÓ POR UM MOMENTO;Olha aqui, não fique esperando
Alexandre Pires;TIRA ELA DE MIM;Tira a lembrança que ela deixou…
Alexandre Pires;VEM ME AMAR (AMAME);Vem aqui doce amor...
Alexandre Pires;USTED SE ME LLEVÓ LA VIDA;Usted se me llévo la vida...
Alexandre Pires e Daniel;CHEGUEI TARDE DEMAIS;Não faz não quer não vem não fala nada
Alexandre Pires e Fat Family;AO SENTIR O AMOR;A sensação de ver você chegar...
Alexandre Pires e Revelação;DELÍRIOS DE AMOR;Me lembro o dia que cheguei
Aliados;SORRINDO;Ontem um sonho acabou
Alice Cooper;I NEVER CRY;If there's a tear on my face
Alice Cooper;NO MORE MR. NICE GUY;I used to be such a sweet sweet thing…
Alicia Keys;FALLIN';I keep on fallin' in and out love with
Alicia Keys;NO ONE;I just want you close
Alien Ant Farm;SMOOTH CRIMINAL;Ough!
Aline Barros;CONSAGRAÇÃO;Ao Rei dos Reis consagro tudo...
Aline Barros;DEUS DO IMPOSSÍVEL;O meu Deus é o Deus do Impossível...
Aline Barros;FICO FELIZ;U u... Fico feliz em vir em Tua casa...
Aline Barros;JESUS CRISTO MUDOU MEU VIVER;U ei ê... Jesus Cristo mudou meu viver...
Aline Barros;JESUS FAZ PARTE;É eu pude crer e ver o seu poder...
Aline Barros;RECOMEÇAR;Pai
Aline Barros;RESSUSCITA-ME;Mestre eu preciso de um milagre
Aline Barros;SONDA-ME, USA-ME;Sonda-me Senhor e me conhece
Aline Barros;DIGNO É O SENHOR;Graças eu te dou Pai pelo preço que pa
Aline Barros;RENOVA-ME SENHOR;Renova-me renova-me renova-me Senhor
Aline Calixto;FLOR MORENA;Flor morena que manda no meu coração
Alisson e Ryan;NÃO SOU SEU BRINQUEDO;Pára dá um tempo vê se larga do meu p
All-4-One;I SWEAR;I swear
Almir Rogério;FUSCÃO PRETO;Me disseram que ela foi vista com
Almir Rogério;MOTOQUEIRO;Tudo certo para o nosso casamento
Almir Saler;UM VIOLEIRO TOCA;Quando uma estrela cai no escuridão da noite...
Almir Sater;HORA DO CLARÃO;Ana Raio e Zé Trovão diz a sabedori
Almir Sater;PEÃO;Diga você me conhece eu já fui boiad
Almir Sater;TRAVESSIA DO ARAGUAIA;Naquele estradão deserto uma boiada
Almir Sater;VARANDAS;A noite é um mistério que eu finjo co
Alphaville;BIG IN JAPAN;Winter's cityside...
Alphaville;FOREVER YOUNG;Let's dance in style let's dance for
Altemar Dutra;A PRETENDIDA;Reclamas que te faltam meus carinhos
Altemar Dutra;BALADA TRISTE;Balada triste que me faz lembrar alguém...
Altemar Dutra;BLOCO DA SOLIDÃO;Angústia solidão um triste adeus
Altemar Dutra;BRIGAS;Veja só que tolice nós dois...
Altemar Dutra;CONTIGO APRENDI;Contigo aprendi...
Altemar Dutra;ESTÃO VOLTANDO AS FLORES;Vê...Estão voltando as flores vê
Altemar Dutra;EU SONHEI QUE TU ESTAVAS TÃO LINDA;Eu sonhei que tu estavas tão linda
Altemar Dutra;MARIA HELENA;Maria Helena és tu a minha inspiração…
Altemar Dutra;MEU VELHO (MI VIEJO);É um bom tipo meu velho e anda só...
Altemar Dutra;MODINHA;Olho a rosa na janela sonho um sonho
Altemar Dutra;MURMURA AO MAR;Murmura o mar a derramar uma canção
Altemar Dutra;O TROVADOR;Sonhei que eu era um dia um
Altemar Dutra;QUE QUERES TU DE MIM;Que queres tu de mim?
Altemar Dutra;SENTIMENTAL DEMAIS;Sentimental eu sou, eu sou demais
Altemar Dutra;SOMOS IGUAIS;Acabei de saber que você riu de mim...
Altemar Dutra;TUDO DE MIM;De que é feito afinal esse seu coraç
Altemar Dutra;VAI ANDORINHA;Ao ver passar no céu as andorinhas
Altemar Dutra - Martha Mendonça;VELHA COMPANHEIRA;Não tenho ódio dentro do meu peito
Álvaro e Daniel;AQUI É O SEU LUGAR;É pra você
Alvaro Tito;NÃO CHORE;Tua vida em perigo, se envolver
Alvim and The Chipmunks;CHRISTMAS DON'T BE LATE;Christmas Christmas time is near
Amado Batista;24 HORAS NO AR;Pare de pensar em besteira
Amado Batista;AMANTES;Já amanheceu
Amado Batista;AMIGO FORTE;Como é linda a vida quando vivida
Amado Batista;AMOR MEU LOUCO AMOR;Além do teu olhar o que mais pode
Amado Batista;CARTA SOBRE A MESA;Deixe-me renascer viver e crescer
Amado Batista;CHUVA DE VENTO;Vento que venta lá fora leva esta sau
Amado Batista;COMO NA PRIMEIRA VEZ;Quando o amor nos acontece...
Amado Batista;DESISTO;Rosto que beijei corpo que abracei
Amado Batista;EU QUERO É NAMORAR;Eu pensei
Amado Batista;EU SOU SEU FÃ;Quando você me quiser quando resolver
CANTOR;TÍTULO;INÍCIO DA LETRA
Amado Batista;MEU EX-AMOR;Eu tive um amor amor tão bonito…
Amado Batista;MUITOS COMPROMISSOS;Quanto tempo você vai chorar por mim
Amado Batista;NÃO QUERO FALAR COM ELA;Se ela ligar outra vez
Amado Batista;O FRUTO DO NOSSO AMOR (AMOR PERFEIT;Amor perfeito existia entre nóis dois...
Amado Batista;O POBRETÃO;Que pena que eu não posso ser...
Amado Batista;O PRÍNCIPE;Eu não esqueço
Amado Batista;PRINCESA;Ao te ver pela primeira vez...
Amado Batista;RECLAMANDO SUA AUSÊNCIA;Eu sei Foi o amor que fez…
Amado Batista;SECRETÁRIA (ASSÉDIO SEXUAL);Ela chega tão meiga tão bela...
Amado Batista;SERESTEIRO DAS NOITES;Existem momentos na vida que lembramo
Amado Batista;VÁ EMBORA;Vá embora do meu mundo
Amelinha;FOI DEUS QUEM FEZ VOCÊ;Foi Deus que fez o céu o rancho das
Amelinha;FREVO MULHER;Quantos aqui ouvem, os olhos
Amelinha;MULHER NOVA, BONITA E CARINHOSA;Numa luta de gregos e troianos
America;A HORSE WITH NO NAME;On the first part of the journey….
America;I NEED YOU;We used to laugh we used to cry
America;LONELY PEOPLE;This is for all the lonely people
America;SISTER GOLDEN HAIR;Well I tried to make it Sunday
America;TIN MAN;Sometimes late when things are real
America;VENTURA HIGHWAY;Chewing on a piece of grass
Amii Stewart;KNOCK ON WOOD;I don't want to lose you
Amy Winehouse;BACK TO BLACK;He left no time to regret
Amy Winehouse;LOVE IS A LOSING GAME;For you I was the flame
Amy Winehouse;REHAB;They tried to make me go to rehab
Amy Winehouse;TEARS DRY ON THEIR OWN;All I can ever be to you
Amy Winehouse;YOU KNOW I'M NO GOOD;Meet you downstairs in the bar and heard
Ana Canãs;ESCONDERIJO;Procuro a solidão como o ar procura
Ana Cañas;A ANA;Ahn ahn ahn ahn
Ana Carolina;10 MINUTOS;Por que você não atende as minhas lig
Ana Carolina;A CANÇÃO TOCOU NA HORA ERRADA;A canção tocou na hora errada
Ana Carolina;AQUI;Aqui
Ana Carolina;CARVÃO;Surgiu como um clarão
Ana Carolina;CONFESSO;Confesso acordei achando tudo indife
Ana Carolina;DOIS BICUDOS;Quando te vi andava tão desprevenido
Ana Carolina;É MÁGOA;É mágoa
Ana Carolina;ELA É BAMBA;Ela é bamba ela é bamba....
Ana Carolina;ELEVADOR (LIVRO DE ESQUECIMENTO);Pra que te espero de braços abertos
Ana Carolina;ENCOSTAR NA TUA;Eu quero te roubar pra mim...
Ana Carolina;EU QUE NÃO SEI QUASE NADA DO MAR;Garimpeira da beleza
Ana Carolina;GARGANTA;Minha garganta estranha quando...
Ana Carolina;HOJE EU TÔ SOZINHA;Hoje eu tô sozinha e não aceito cons
Ana Carolina;MAIS QUE ISSO;Eu não vou gostar de você
Ana Carolina;NADA PRA MIM;Eu não vim aqui pra entender ou expli
Ana Carolina;NUA;Olho a cidade ao redor e nada me
Ana Carolina;PRA RUA ME LEVAR;Não vou viver...
Ana Carolina;PROBLEMAS;Qualquer distância entre nós
Ana Carolina;QUE SE DANEM OS NÓS;Vim gastando meus sapatos
Ana Carolina;QUEM DE NÓS DOIS;Eu e você não é assim tão complicado..
Ana Carolina;ROSAS;Você pode me ver do jeito que quiser
Ana Carolina;RUAS DE OUTONO;Nas ruas de outono
Ana Carolina;SIMPLESMENTE ACONTECEU;Simplesmente aconteceu
Ana Carolina;TÁ RINDO, É?;Ah hoje eu quebrei o meu despertador
Ana Carolina;TOLERÂNCIA;Como água no deserto
Ana Carolina;UMA LOUCA TEMPESTADE;Eu quero uma Lua plena eu quero...
Ana Carolina;VAI;Espera aí
Ana Carolina e John Legend;ENTREOLHARES;Se ficar assim me olhando
Ana Carolina e Maria Gadú;MAIS QUE A MIM;Ouvi dizer que você tá bem que já tem
Ana Carolina e Seu Jorge;É ISSO AÍ;É isso aí...
Ana e Mú;QUANDO A GENTE AMA PRA VALER;Quando a gente ama não há nada que
Ana Paula Valadão;PODER DO TEU AMOR;Senhor eis-me aqui vem transformar meu
André Valadão;EU E MINHA CASA;Quero consagrar meu lar a Ti
André Valadão;MAIS QUE ABUNDANTE;Meu Deus é mais que abundante
André Valadão;MILAGRES;Posso crer que em minha vida
Andrea Bocelli;CON TE PARTIRO;Quando sono solo sogno all'orizzonte
Andy Gibb;I JUST WANT TO BE YOUR EVERYTHING;For so long
Andy Williams;HAWAIIAN WEDDING SONG;This is the moment I've waited for
Andy Williams;LOVE STORY;Where do I begin? To tell the
Andy Williams;MOON RIVER;Moon River wider than a mile
Andy Williams;MORE;More than the greatest love the world
Andy Williams;THE IMPOSSIBLE DREAM;To dream the impossible dream
Angela Maria;TANGO PRA TEREZA;Hoje alguém pôs a rodar um disco de G
Ângela Maria;FALHASTE CORAÇÃO;E tu que acreditavas mandar em todo
Ângela Maria e Emílio Santiago;ESCUTA;Escuta
Ângela Rô Rô;AMOR, MEU GRANDE AMOR;Amor meu grande amor…
Ângela Rô Rô;CHANCE DE AMAR;Não é por sentir que te quero
Ângela Rô Rô;COMPASSO;É o que pulsa o meu sangue quente
Ângela Rô Rô;SIMPLES CARINHO;Amar é sofrer eu vou te dizer
Ângela Rô Rô;SÓ NOS RESTA VIVER;Dói em mim saber...
Ângela Rô Rô;TOLA FOI VOCÊ;Tola foi você ao me abandonar
Ângela Rô Rô;VICIEI EM VOCÊ;Eu não quero mais querer você
Ângela Valle e Paulo Sérgio Valle;O CAFONA;Eu eu eu eu eu eu eu eu
Angélica;BLUE JEANS;Vocês não vão acreditar
Angélica;CIÚME;Eu queria entender direito essa
Angélica;MAGIA;Sol de verão queimando no meu corpo
CANTOR;TÍTULO;INÍCIO DA LETRA
Angélica;MEU HERÓI;Ele é meu herói príncipe encantado...
Angélica;PRIMEIRO AMOR (IF);Se você quiser saber quem sou
Angélica;TERRA DO NUNCA;Lápis de cor, bicicleta, bombom...
Angélica;VOU DE TÁXI;Pela janela do meu quarto
Angelo Máximo;A PRIMEIRA NAMORADA;A chuva já molhou a rua…
Ângelo Máximo;DOMINGO FELIZ (BEAUTIFUL SUNDAY);Meu domingo alegre vai ser…
Animals;DON'T LET ME BE MISUNDERSTOOD;Baby do you understand me now
Animals;THE HOUSE OF THE RISING SUN;There is house in New Orleans
Anísio Silva;ALGUÉM ME DISSE;Alguém me disse que tu andas novament
Anita Baker;SWEET LOVE;With all my heart I love you baby…
Anjos de Resgate;AMIGOS PELA FÉ;Quem me dará um ombro amigo
Anne Duá;INDECENTE;Não há santo que aguente
Anne Murray;YOU NEEDED ME;I cried a tear you wiped it dry....
Annie Lennox;NO MORE I LOVE YOU;I used to be lunatic from the gracious...
Annie Lennox & Al Green;PUT A LITTLE LOVE IN YOUR HEART;Think of your fellow man lend him a help…
Antônio Carlos e Jocafi;DESACATO;Inesquecível aquele amor que nem…
Antônio Carlos e Jocafi;TEIMOSA;Nas peripécias do amor teimosa…
Antônio Carlos e Jocafi;VOCÊ ABUSOU;Você abusou tirou partido de mim
Antonio Fagundes;CANTO ALEGRETENSE;Não me perguntes onde fica º..
Antônio Marcos;CARA A CARA;Cara a cara cara a cara cara a cara
Antônio Marcos;EU TENHO UM AMOR MELHOR QUE O SEU;Todo o amor que eu lhe dei você…
Antônio Marcos;MENINA DE TRANÇA;Desde os tempos de criança…
Antônio Marcos;ORAÇÃO DE UM JOVEM TRISTE;Eu tanto ouvia falar em ti
Antônio Marcos;QUEM DÁ MAIS;Eu quero me ver
Antônio Marcos;SE EU PUDESSE CONVERSAR COM DEUS;Eu hoje estou tão triste...
Antônio Marcos;SONHOS DE UM PALHAÇO;Vejam só que história boba eu tenho pra contar...
Antônio Marcos;SOU EU;Eu não quero nunca mais
Aphrodite’s Child;RAIN AND TEARS;Rain and tears are the same...
Aqua;BARBIE GIRL;Hi ya Barbie Hi Ken
Ara Ketu;AMANTES;Vou caminhando nas ruas pensando...
Ara Ketu;ARA KETU BOM DEMAIS;Não dá pra esconder
Ara Ketu;AURORA;Como eu vou ficar, amor
Ara Ketu;COBERTOR;Como é que você foi embora...
Ara Ketu;FACE OCULTA;Ô ô ié ié ié hum Sonhei com você...
Ara Ketu;MAL ACOSTUMADO;Amor de verdade eu só senti
Ara Ketu;MINHA RAZÃO DE VIVER;Como eu digo ao meu coração...
Ara Ketu;NOSSA GUERRA SANTA;Esse nosso amor é uma loucura
Ara Ketu;PIPOCA;O Araketu o Araketu quando toca
Ara Ketu;SEMPRE SERÁ;Gosto de ficar te olhando
Ara Ketu;TÁ NA CARA;Basta uma brisa da praia pra gente
Ara Ketu;TENTAÇÃO;No meu corpo ficou a lembrança
Ara Ketu;TOMA LÁ, DÁ CÁ;Toma lá dá cá me dá meu troco
Ara Ketu;VOLTA;Amor minha maior felicidade…
Arches;SUGAR SUGAR;Sugar ah honey honey you are my
Aretha Franklin;RESPECT;What you want baby I got it What you need
Arlindo Cruz;HOJE TEM SAMBA;A minha vida anda triste tô brigado
Arlindo Cruz;PARA DE PARADINHA;Se liga no papo xará
Arlindo Farias;BICHO DO MATO;Sou bicho feito do mato não tenho…
Armandinho;A FILHA;Quando me dá uma louca
Armandinho;ANALUA;De repente uma nuvem encobriu a lua
Armandinho;BABILÔNIA ME CHAMA;Babilônia me chama
Armandinho;BALANÇO DA REDE;É no balanço da rede é no balanço do
Armandinho;CASINHA;Fazer uma casinha no alto do morro
Armandinho;DESENHO DE DEUS;Quando Deus te desenhou Ele tava namo
Armandinho;FOLHA DE BANANEIRA;Fuma fuma fuma folha de bananeira
Armandinho;MORENA NATIVA;Morena nativa desde criança
Armandinho;OUTRA VIDA;Talvez não seja nessa vida ainda
Armandinho;PAULINHA;Eu conheci Paulinha numa noite de ve
Armandinho;SEMENTE;Semente semente semente semente seme
Armandinho;SENTIMENTO;Sentimento
Armandinho;URSINHO DE DORMIR;E hoje eu descobri o quanto te quero
Armando Valsani;CARUSO;Qui dove il mare luccica e tira fort
Arnaldo Antunes;INVEJOSO;O carro do vizinho é muito mais possa
Arnaldo Antunes e Nando Reis;NÃO VOU ME ADAPTAR;Eu não caibo mais nas roupas que eu ca
Arriba Saia;LIBERA O TÓIM;Sequestraram o Toim sequestraram...
Art Garfunkel;I ONLY HAVE EYES FOR YOU;Are the stars out tonight…
Art Popular;AGAMAMOU;A galera lá do morro do Salgueiro e Vidigal...
Art Popular;BOM BOCADO;Como um bom bocado pra te devorar
Art Popular;DIZEM QUE A FELICIDADE;Dizem que o amor é um momento...
Art Popular;ENCONTRO (PÉTALAS DE ROSA);Ah ah... ah ah... ah ah...
Art Popular;FRICOTE;Você é meu amor te quero de novo
Art Popular;HISTÓRIA SEM FIM;Lerê rê rê...Do seu amor eu gosto..
Art Popular;IRAÊ;Vejo você me olhar ah, que olhar
Art Popular;MANEIRAS;Se eu quiser fumar eu fumo...
Art Popular;NANI;Quantas vezes Nani tantas vezes Nani
Art Popular;PAGODE DA AMARELINHA;Pagode da amarelinha
Art Popular;PIMPOLHO;Pimpolho é um cara bem legal pena que
Art Popular;POR DEUS;De manhã o sol me diz sexo eu quis...
Art Popular;QUANDO VOCÊ ME BEIJA;Um beijo durante aquele amor...
Art Popular;SAI DA FRENTE;Amor eu não consigo viver mais
Art Popular;TEMPORAL;Faz tempo que a gente não é aquele
Art Popular;TRAPAÇA;Quando você passa tento te dizer
Art Popular;UTOPIA;Pra se dizer que a emoção vem depois
Art Popular;VALEU DEMAIS;Ai valeu demais valeu valeu demais
CANTOR;TÍTULO;INÍCIO DA LETRA
Arthur Dani;SE VOCÊ ME DER;Se você me der me der um pouco de carinho
As Chicas;GERALDINOS E ARQUIBALDOS;Mamãe não quer não faça papai diz não
As Frenéticas;AGITO E USO;Sou uma moça sem recato
As Frenéticas;O PRETO QUE SATISFAZ;Hula hula hula hula
As Frenéticas;PERIGOSA;Sei que eu sou bonita e gostosa
As marcianas;NOSSA MELODIA PREFERIDA;Amor hoje descobri
As Meninas;EU TENHO A MANHA;Saiu de casa...
As Meninas;SAMBA DA NEGA MALUCA;Afe Maria ô nega danada...
As Meninas;XIBOM BOMBOM;Bom xibom... Analisando essa cadeia...
Asa de Águia;A DANÇA DO VAMPIRO;Você é o amor que eu sempre
Asa de Águia;AMOR DE FÉ;Nosso amor não é de brincadeira
Asa de Águia;CASAMENTO NÃO;Não me chame pra morar não me chame pr
Asa de Águia;DANÇA DA MANIVELA;Dança da manivela
Asa de Águia;DIA DO ASA;Leve o seu amor pra passear
Asa de Águia;DIA DOS NAMORADOS;Todo dia no mar do farol
Asa de Águia;FARRAUÊ;Mãos para o alto todo mundo
Asa de Águia;MARÉ MANSA;Amor não dá pra te aturar desse...
Asa de Águia;NÃO TEM LUA;Não tem lua que faça você me amar
Asa de Águia;O REI DA RUA;Eu vou eu vou no toque do tambor
Asa de Águia;VALE NIGHT;Vale night
Asa de Águia e Ivete Sangalo;ALÉM MAR;Tudo que eu preciso eu já tenho aqui
Asaph Borba;EM MINHA VIDA;Em minha vida, mais amor
Asaph Borba;QUEM NOS CONDENARÁ;Quem nos condenará
Asia;ONLY TIME WILL TELL;You're leaving now It's in your eyes
Association;NEVER MY LOVE;You ask me if there'll come a time…
Ataíde e Alexandre;VOCÊ MARCOU PRA MIM;Quando eu acordei pela manhã
Ataulfo Alves;AI! QUE SAUDADES DA AMÉLIA;Nunca vi fazer tanta exigência
Ataulfo Alves;ATIRE A PRIMEIRA PEDRA;Covarde sei que me podem chamar
Ataulfo Jr.;OS MENINOS DA MANGUEIRA;Um menino da Mangueira recebeu pelo
Ataulpho Alves;LEVA MEU SAMBA;Leva meu samba meu mensageiro...
Ataulpho Alves;SEI QUE É COVARDIA...MAS;Sei que é covardia...
Atchim e Espirro;A BARATA DIZ QUE TEM;A barata diz que tem sete saias...
Atchim e Espirro;A CANOA VIROU;A canoa virou fui deixar ela virar...
Atchim e Espirro;A GALINHA CANTORA (A orquestra dos bichos);O Jumento descobriu que era um gênio...
Atchim e Espirro;CARANGUEJO;Caranguejo não é peixe caranguejo...
Atchim e Espirro;CIRANDA CIRANDINHA;Ciranda cirandinha vamos todos...
Atchim e Espirro;ESCRAVOS DE JÓ;Escravos de Jó jogavam caxangá...
Atchim e Espirro;FUI NO ITORORÓ;Eu fui no Itororó beber água e não...
Atchim e Espirro;KING-KONG;Da da da que bonitinho...
Atchim e Espirro;MARCHA SOLDADO;Marcha soldado cabeça de papel...
Atchim e Espirro;MEU GALINHO;Faz três noites que eu não durmo lá lá...
Atchim e Espirro;MINHA VIOLA;Eu tirei um dó da minha viola...
Atchim e Espirro;NESTA RUA TEM UM BOSQUE;Se essa rua se essa rua fosse minha...
Atchim e Espirro;O CIRCO CHEGOU-CHEGOU;Chegou chegou tá na hora da alegria...
Atchim e Espirro;O CRAVO BRIGOU COM A ROSA;O cravo brigou com a rosa...
Atchim e Espirro;PEIXE VIVO;Como pode um peixe vivo viver fora...
Atchim e Espirro;QUEM TEM MEDO DO LOBO MAU;Quem tem medo do lobo mau...
Atitude 4;PRO MUNDO INTEIRO;Eu nunca tive amor assim
Atlantic Starr;ALWAYS;Girl you are to me
Audioslave;LIKE A STONE;On a cold wet afternoon
Augusto César;COMO POSSO TE ESQUECER;Como posso te esquecer se em tudo eu
Augusto César;ESCALADA;Vou escalar todo seu corpo
Augusto César;SAUDADE;Estou lendo a carta que você me escreveu
Auto-Sustentável;2 MUNDOS;Será que dois mundos tão diferentes
Aviões do Forró;ABRE O SOM;Oi abre o som do porta mala
Aviões do Forró;BEBER, CAIR E LEVANTAR;Vamos embora pra um bar
Aviões do Forró;BLÁ BLÁ BLÁ;Que por mim você morre de amor
Aviões do Forró;CHUPA QUE É DE UVA;Vem meu cajuzinho te dou muito carinh
Aviões do Forró;CORRENDO ATRÁS DE MIM;Eu quero ver você correndo
Aviões do Forró;EU NÃO VOU MAIS CHORAR;Eu não vou mais chorar eu não vou mais
Aviões do Forró;INDECISÃO;Quando você diz que me quer
Aviões do Forró;LOCADORA DE MULHER;Eu descobri uma locadora de mulher…
Aviões do Forró;QUEM É O GOSTOSÃO DAQUI?;Quem é o gostosão daqui sou eu sou eu
Aviões do Forró;RISCA-FACA;De bar em bar de mesa em mesa
Aviões do Forró e Banda Calypso;AGORA CHORA;Sei que nada vai fazer você voltar
Avril Lavigne;COMPLICATED;Chill out whatcha yelling' for
Avril Lavigne;DON'T TELL ME;You held my hand and walked me home, I k
Avril Lavigne;I'M WITH YOU;I'm standin' on the bridge
Avril Lavigne;MY WORLD;Please tell me what is takin' place
Avril Lavigne;SKATER BOY;He was a boy she was a girl
B.J. Thomas;OH ME OH MY;To make you laugh
B.J. Thomas;RAINDROPS KEEP FALLING ON MY HEAD;Raindrops keep falling on my head
B.J. Thomas;ROCK AND ROLL LULLABY;She was just sixteen and all alone...
B.Miguel-M.Ramos-P.Lopes;HAKUNA MATATA;Hakuna Matata é lindo de ser...
Babado Novo;A CAMISA E O BOTÃO;Quando o sol sair me beije me beije
Babado Novo;ABC DE ME DAR;Quero você do meu lado pra cantar de
Babado Novo;ACONTECEU VOCÊ;No dia em que o amor chegou
Babado Novo;CAI FORA;Eu não quero te prender diga onde…
Babado Novo;CARANGUEJO;Vou catar caranguejo lá no manguezal
Babado Novo;COLADINHO;Se é pra namorar
Babado Novo;DESPENTEIA;Viver a vida com emoção
Babado Novo;DOCE PAIXÃO;Toda vez que eu te vejo o meu coração dispara
Babado Novo;EXTRAVASA;Dominou geral sacudiu a praça
Babado Novo;INSOLAÇÃO DO CORAÇÃO;Paz carnaval futebol
CANTOR;TÍTULO;INÍCIO DA LETRA
Babado Novo;JANEIRO A JANEIRO;Quero você por inteiro só pra mim
Babado Novo;JANELA;Janela que mostra o céu
Babado Novo;LIRIRRIXA;Lirirrixa timbaleia
Babado Novo;PIRIRIPITI;Piriripiti piriripiti
Babado Novo;ROCK TRIBAL;A rua é o palco universal
Babado Novo;SAFADO, CACHORRO SEM VERGONHA;Deixa de ser mulherengo homem...
Babado Novo;VER-TE MAR;Me leva para ver o mar ver-te mar ver
Babado Novo;BOLA DE SABÃO;Baby baby queria tanto te ver
Babado Novo;PENSANDO EM VOCÊ;Tava satisfeita em te ter como amigo
Baby Consuelo;EMILIA (A BONECA GENTE);De uma caixa de costura pano linha e agulha
Baby Consuelo;MENINO DO RIO;Menino do Rio
Baby Consuelo;SEM PECADO E SEM JUÍZO;Dia após dia começo a encontrar...
Baby do Brasil;UM AUÊ COM VOCÊ;Eu queria tanto voar com você
Backstreet Boys;AS LONG AS YOU LOVE ME;Al though loneliness
Backstreet Boys;DROWNING;ohhh    Don't pretend you're sorry…
Backstreet Boys;MORE THAN THAT;I can see that you’ve been crying…
Backstreet Boys;QUIT PLAYING GAMES (WITH MY HEART);Baby, oh
Backstreet Boys;SHOW ME THE MEANING OF BEING LONELY;Show me the meaning of being lonely
Backstreet Boys;THE CALL;Hello
Backstreet Boys;WE'VE GOT IT GOING ON;Everybody groove to the music
Bad Finger;NO MATTER WHAT;No matter what you are I will always
Baiano e Os Novos Caetanos;FOLIA DE REIS;Ai... andar andei ai... como eu andei
Bala, Bombom e Chocolate;CAIXA POSTAL;Umdharan dharará... Diz pra mim...
Bala, Bombom e Chocolate;FISSURAS DE UM CAASAL;Hoje eu acordei...
Balão Magico;AI MEU NARIZ!;Ai meu nariz a-a-a-a-atchim
Balão Mágico;A GALINHA MAGRICELA;Eu conheço uma galinha a galinha...
Balão Mágico;AMIGOS DO PEITO;Meu nome é Mike gosto muito de
Balão Mágico;ATIREI O PAU NO GATO;Atirei a pau no gato to...
Balão Mágico;BAILE DOS PASSARINHOS;Passarinho quer dançar rabicho
Balão Mágico;BOMBOM (MARIA ISABEL);Sonhei que era um cantor de fama internacional
Balão Mágico;BRUXINHA;Ô bruxinha bonitinha da vassoura de
Balão Mágico;DIA DOS PAIS;Um passarinho me acordou...
Balão Mágico;QUADRINHAS E UM REFRÃO;Canta canta essa canção são
Balão Mágico;SE ENAMORA (E' L' AMORE);Quando você chega na classe
Balão Mágico;SUPERFANTÁSTICO;Super fantastico amigo
Balão Mágico;UM, DOIS, TRÊS INDIOZINHOS;Um dois tres indiozinhos
Balão Mágico;URSINHO PIMPÃO;Vem meu ursinho querido
Balão Mágico e Baby Consuelo;JUNTOS (JUNTOS);É tão bonito ver tantos sonhos
Baltimore;TARZAN BOY;Jungle life, I'm far away from nowhere....
Banda Bach;ATÉ DE MANHÃ;Amor aquilo foi demais pra mim
Banda Beijo;A VIDA É FESTA;Amor quero sentir o teu perfume
Banda Beijo;BATE LATA;Era um menino tocador que dispensou..
Banda Beijo;PERAÊ;Pára de sorrir se não te agarro
Banda Betel;BENÇÃOS NO LOUVOR;Só mesmo Deus pra nos guiar...
Banda Betel;NÃO SEREI MAIS UM HOMEM SÓ;Eu quero andar junto a Deus...
Banda Betel;VALEU MEU DEUS;Vale meu Deus...
Banda Brasil;COMO DÓI;Se eu estou sofrendo é por causa
Banda Brasil;EU TE AMO, TE AMO, TE AMO;Tanto tempo longe de você
Banda Brasil;PODEROSA;Pode ser que eu consiga esquecer
Banda Calypso;A LUA ME TRAIU;Parece até conto de fadas
Banda Calypso;ACELEROU;Quando você se aproximou e me parou
Banda Calypso;ANJO BANDIDO;Gosta de me dominar
Banda Calypso;ARREPIOU;Chegue mais perto
Banda Calypso;CHÁ DE MARACUJÁ;Não adianta ligar que eu não atendo
Banda Calypso;CHAMO POR VOCÊ;Quando eu te vi pela primeira vez…
Banda Calypso;CUMBIA DO AMOR;O amor que sinto por você…
Banda Calypso;DANÇANDO CALYPSO;Chega pra cá meu bem que eu vou te…
Banda Calypso;ESQUEÇA MEU CORAÇÃO;Hoje eu descobri
Banda Calypso;FAÇO TUDO POR VOCÊ;Não adianta dar motivos pra brigar
Banda Calypso;IMAGINO;Imagino nós dois na mesma cama...
Banda Calypso;ISSO É CALYPSO;Chegou virou botou pressão
Banda Calypso;MÁQUINA DO TEMPO;Saudade que não vai embora
Banda Calypso;MUITO ALÉM DO PRAZER;Coração tá em pedaços desde que você
Banda Calypso;OBJETO DE DESEJO;Eu não quero mais você
Banda Calypso;PERDEU O TRONO;Não... não vou deitar na mesma cama
Banda Calypso;PERDOA;Com você eu sonhei um lindo sonho
Banda Calypso;PRA TE ESQUECER;Tanto que eu te imaginei te dei meu
Banda Calypso;SE QUEBROU;Estou pedindo não me ligue mais
Banda Calypso;SEM DIREÇÃO;Eu tenho andado tão carente tão fora
Banda Calypso;TIC-TAC;Já é tarde
Banda Calypso;TUDO DE NOVO;A primeira vez que eu te vi
Banda Calypso;VIAGEM LOUCA;De onde vem
Banda Calypso e Leonardo;MAIS UMA CHANCE;Não foi só uma chuva de verão
Banda Cheiro de Amor;A DANÇA DA SENSUAL;Veja a nova dança que eu vou te
Banda Cheiro de Amor;ABRE CORAÇÃO;Meu amor, estou tão sozinha...
Banda Cheiro de Amor;AMASSADINHO;Amassadinho você vai ver amassadinho vou
Banda Cheiro de Amor;AVIÃOZINHO;Voa, voa aviãozinho vai buscar...
Banda Cheiro de Amor;É DEMAIS MEU REI;Vou dar a volta pelo globo terrestre
Banda Cheiro de Amor;ESTRELA PRIMEIRA;É luz do meu ser
Banda Cheiro de Amor;NOSSA GENTE (AVISA LÁ);Avisa lá que eu vou chegar mais tarde
Banda Cheiro de Amor;O SEU ADEUS;Se for ficar sem seu amor eu piro
Banda Cheiro de Amor;OLHA EU AÍ;Olha
Banda Cheiro de Amor;PEGA NO BALANÇO;É bom demais fazer amor dividir
Banda Cheiro de Amor;PENSE EM MIM;Inspiração dos meus sonhos
CANTOR;TÍTULO;INÍCIO DA LETRA
Banda Cheiro de Amor;QUIXABEIRA;Amor de longe benzinho
Banda Cheiro de Amor;TODO MUNDO DANÇA;Todo mundo dança move corpo
Banda Cheiro de Amor;VAI SACUDIR, VAI ABALAR;Vai sacudir vai abalar
Banda Cheiro de Amor;XEQUERÊ;Som e alto astral axé rock and roll
Banda Colorado;EXPLODE CORAÇÃO;Vou cair na estrada hoje nada vai me
Banda Djavú;ME LIBERA;O que pensa que eu sou
Banda Djavú;NÃO DESLIGA O TELEFONE;Amor por favor não desliga o telefon
Banda Djavú;NAVE DO AMOR;Sou dependente de você
Banda Djavú;SE NÃO VALORIZAR (UMBRELLA);Se não valorizar com certeza você vai
Banda Eva;ALÔ PAIXÃO;Eu não vou perder você
Banda Eva;ANJO;Acredita em anjo pois é sou o seu
Banda Eva;ARERÊ;Tudo que eu quero nessa vida toda
Banda Eva;BELEZA RARA;Eu não posso deixar que o tempo
Banda Eva;BELO DIA;Não é todo dia
Banda Eva;CARRO VELHO;Cheiro de pneu queimado...
Banda Eva;COLEÇÃO;Sei que você gosta de brincar de
Banda Eva;DE LADINHO;Não vou ficar sozinha
Banda Eva;FLORES;Já me feri no espinho daquela flor
Banda Eva;LEVA EU;Oh! Leva eu, eva, eva
Banda Eva;LEVADA LOUCA;Shake, shake, shake, shake, shake,
Banda Eva;LUGAR DA ALEGRIA;Eu quero o que se dá do seu do meu
Banda Eva;MAIS DO QUE PRECISO;Se bate forte o coração é sinal é si
Banda Eva;MANDA VER;Vem correndo pros meus braços
Banda Eva;MARLEY;Tanto tempo se passou
Banda Eva;ME ABRAÇA;Quando você passa eu sinto o seu
Banda Eva;NOSSO AMOR É LINDO;Chega de ficar bem longe
Banda Eva;REGGAE DO PORTO;Entardeceu lá no porto
Banda Eva;RUA 15;Ô subá subaiôba oba oba oba
Banda Eva;TODA LINDA;Olha lá ela passando toda linda
Banda Eva;VEM MEU AMOR;Quando te vejo paro logo em teu
Banda Eva e Ivete Sangalo;NÃO ME CONTE SEUS PROBLEMAS;Então não me conte os seus problemas…
Banda Eva e Netinho;QUÍMICA PERFEITA;Quando ela me olhou não vi mais nada
Banda Mel;BAIANIDADE NAGÔ;Já pintou o verão calor no coração
Banda Mel;BATEU SAUDADE;Jura jura que me dá o seu amor
Banda Mel;CRENÇA E FÉ;Vou dar a volta no mundo
Banda Mel;FESTA NA BAHIA;Deixei minha linda na praia de Itapu
Banda Mel;PREFIXO DE VERÃO;Quando você chegar
Banda Rara;DEIXA TUDO;Talvez você não saiba mas existe
Banda Rara;ESTRELA DA MANHÃ;És a nossa estrela da manhã
Banda Rara;HIP HOP;Olhe bem, preste atenção
Banda Rara;HUMANIDADE;Humanidade perdida tentando
Banda Rara;JESUS É O AMOR;Não houve alguém como Jesus
Banda Rara;MARANATA;Cristo manda atento estar
Banda Rara;METRÓPOLE;Andando pelas ruas de São Paulo
Banda Rara;PASTOR;Ainda que lutas, tristezas
Banda Rara;PRESENÇA;Tua presença em mim é mais que
Banda Rara;PURA HARMONIA;Quem me dera encontrar
Banda Rara;QUERO LEMBRAR;Quero lembrar, Cristo ama você
Banda Rara;REI DO REIS;Reina sim Deus, reina sim
Banda Rara;TUDO QUE EU QUIS;Um dia olhei em mim
Banda Rara;VEM DE FORA;Quando olhamos para o mundo
Banda Rara;VÍCIOS;Olha bem a sua vida diga
Banda Rara;VIDA;Vejo nas pessoas o que eu...
Banda Voa Dois;AMOR PIREI;Sabe amor eu nunca esqueci
Bangles;ETERNAL FLAME;Close your eyes give me your hand darling
Barão Vermelho;A CHAVE DA PORTA DA FRENTE;Becos escuros ruas desertas
Barão Vermelho;BETE BALANÇO;Pode seguir a tua estrela o teu brinquedo
Barão Vermelho;BILHETINHO AZUL;Hoje eu acordei com sono...
Barão Vermelho;CUIDADO;O que você come o que você bebe
Barão Vermelho;FÚRIA E FOLIA;Me chamo vento
Barão Vermelho;MEUS BONS AMIGOS;Meus bons amigos onde estão
Barão Vermelho;O POETA ESTÁ VIVO;Baby compra o jornal e vem ver o sol
Barão Vermelho;PENSE E DANCE;Penso como vai minha vida
Barão Vermelho;POR VOCÊ;Por você eu dançaria tango no teto...
Barão Vermelho;PRO DIA NASCER FELIZ;Todo o dia a insônia me convence
Barão Vermelho;PURO ÊXTASE;Toda brincadeira
Barão Vermelho;SORTE E AZAR;Tudo é questão de obedecer ao instinto
Barbra Streisand;ALL I ASK OF YOU;No more talk of darkness
Barbra Streisand;MEMORY;Midnight
Barbra Streisand;STONEY END;I was born from love…
Barbra Streisand;THE WAY WE WERE;Mem'ries light the corners of my
Barbra Streisand;WHERE YOU LEAD;Wanting you the way I do I only wanna…
Barbra Streisand;WOMAN IN LOVE;life is a moment in space
Barbra Streisand & Barry Gibb;GUILTY;Shadows falling baby we stand alone…
Barbra Streisand & Barry Gibb;WHAT KIND OF FOOL;There was a time…
Barclay J. Harvest;POOR MAN'S MOODY BLUE;All the night that I've missed
Barry Manilow;CAN’T SMILE WITHOUT YOU;You know I can’t smile without you...
Barry Manilow;COPACABANA;Her name was Lola...
Barry Manilow;DAYBREAK;I'm singing to the world
Barry Manilow;EVEN NOW;Even now…
Barry Manilow;I MADE IT THROUGH THE RAIN;We dreamers have our ways
Barry Manilow;I WRITE THE SONGS;I’ve been alive forever...
Barry Manilow;LOOKS LIKE WE MADE IT;There you are…
Barry Manilow;MANDY;I remember all my life...
CANTOR;TÍTULO;INÍCIO DA LETRA
Barry Manilow;READY TO TAKE A CHANCE AGAIN;You remind me I live in a shell
Barry Manilow;THE OLD SONGS;Candles burning glasses are chilled
Barry Manilow;THIS ONE'S FOR YOU;This one'll never sell they'll never…
Bartô Galeno;NO TOCA-FITA DO MEU CARRO;No toca-fita do meu carro
Bartô Galeno;SE EU FOR EMBORA É PRO NOSSO BEM;Se qualquer dia desses ao você desper
Bay City Rollers;SATURDAY NIGHT;Saturday night, saturday night
Beach Boys;GOOD VIBRATION;I, I love the colorful clothes she wears
Beach Boys;SLOOP JOHN B.;We'll come on the sloop John B. my
Beatles;A DAY IN THE LIFE;I read the news today oh boy
Beatles;A HARD DAY'S NIGHT;It's been a hard day's night
Beatles;ALL MY LOVING;Close your eyes and I'll kiss you
Beatles;ALL YOU NEED IS LOVE;Love love love
Beatles;AND I LOVE HER;I give her all my love that's all I do
Beatles;BABY IT'S YOU;Sha la la la la la la
Beatles;CAN'T BUY ME LOVE;Can't buy me love oh love oh
Beatles;COME TOGETHER;Here come old flat top he come
Beatles;DON'T LET ME DOWN;Don't let me down
Beatles;FREE AS A BIRD;Free
Beatles;FROM ME TO YOU;Da da da... If there's anything that you want
Beatles;GET BACK;Jo Jo was a man who thought he was…
Beatles;GIRL;Is there anybody gone to listen
Beatles;HELP;Help I need somebody
Beatles;HEY JUDE;Hey Jude, don’t make it bad...
Beatles;I CALL YOUR NAME;I call your name but you're not there
Beatles;I FEEL FINE;Baby's good to me you know
Beatles;I WANNA HOLD YOUR HAND;Oh yeah I'll tell you something
Beatles;I'LL BE BACK;You know If you break my heart I'll go
Beatles;LET IT BE;When I find myself in times of trouble
Beatles;LOVE ME DO;Love, love me do You know I love you
Beatles;MICHELLE;Michelle, ma belle...
Beatles;MONEY;The best things in life are free
Beatles;NOWHERE MAN;He's a real Nowhere Man sitting in his
Beatles;OBLADI OBLADA;Desmond has a barrow in the
Beatles;OH DARLING;Oh darling please believe me…
Beatles;SHE LOVES YOU;She loves you yeah, yeah, yeah
Beatles;SOMETHING;Something in the way she moves...
Beatles;THE LONG AND WINDING ROAD;The long and winding road
Beatles;TICKET TO RIDE;I think I'm gonna be sad…
Beatles;TWIST AND SHOUT;Well shake it up baby twist and shout...
Beatles;WHEN I'M SIXTY-FOUR;When I get older losing my hair
Beatles;YELLOW SUBMARINE;In the town where I was born
Beatles;YESTERDAY;Yesterday
Bebel Gilberto;O CAMINHO;Não quero mais seguir um só caminho…
Bebeto;A BELEZA É VOCÊ MENINA;A beleza é você menina no seu jeito
Bebeto;ESSA MENINA;Essa menina não sabe
Bebeto;SEGURA A NEGA;A gente pra viver bem nesse mundo
Bee Gees;DON'T FORGET TO REMEMBER;Oh my heart won't believe
Bee Gees;FIRST OF MAY;When I was small...
Bee Gees;GREASE;I saw my problems and I'll see the light...
Bee Gees;HOW CAN YOU MEND A BROKEN HEART;I can think of younger days
Bee Gees;HOW DEEP IS YOUR LOVE;I know your eyes in the morning sun...
Bee Gees;I CAN'T SEE NOBODY;I walk the lonely streets
Bee Gees;I STARTED A JOKE;I started a joke
Bee Gees;LOVE SO RIGHT;She came on like the night
Bee Gees;MASSACHUSETTS;Feel I’m going back to Massachusetts...
Bee Gees;MORE THAN A WOMAN;Oh, girl I've known you very well
Bee Gees;NIGHT FEVER;Listen to the ground
Bee Gees;NIGHTS ON BROADWAY;Here we are...
Bee Gees;REACHING OUT;Watching every day go by
Bee Gees;RUN TO ME;If ever you got rain in your heart
Bee Gees;STAYIN’ ALIVE;Well you can tell by the way I use...
Bee Gees;TO LOVE SOMEBODY;There's a light a certain kind of light
Bee Gees;TOO MUCH HEAVEN;Nobody gets too much heaven no more...
Bee Gees;WORDS;Smile every lasting smile
Belchior;À PALO SECO;Se você vier me perguntar por onde
Belchior;ALUCINAÇÃO;Eu não estou interessado em nenhuma
Belchior;APENAS UM RAPAZ LATINO AMERICANO;Eu sou apenas um rapaz
Belchior;COMENTÁRIOS A RESPEITO DE JOHN;Saia do meu caminho eu prefiro andar
Belchior;DIVINA COMÉDIA HUMANA;Estava mais angustiado
Belchior;MEDO DE AVIÃO;Foi por medo de avião
Belchior;NA HORA DO ALMOÇO;No centro da sala diante da mesa
Belchior;TODO SUJO DE BATOM;Eu estou muito cansado do peso da…
Belchior;TUDO OUTRA VEZ;Há tempo muito tempo que eu estou lon
Belchior;PARALELAS;Dentro do carro...
Belo;DESAFIO;Já virou desafio me apossar...
Belo;DESSE JEITO É RUIM PRA MIM;Eu aqui olhando o telefone
Belo;DIREITO DE TE AMAR;Você me diz que somos como água
Belo;ETERNAMENTE;Por quê, Por quê que todo amor...
Belo;FIM DA TRISTEZA;A vida ensinou eu sei vivendo aprend
Belo;INCONDICIONALMENTE;Você vem me procurar faço tudo pra e
Belo;INTRIGA DA OPOSIÇÃO;Diz pra mim que vai ficar
Belo;INVENCÍVEL;Viajei por tanto tempo pra te ver
Belo;LAMBADA DE SERPENTE;Cuidado pé de milho que demora na...
Belo;NADA VAI SEPARAR;De manhã sem te ver sinto um vazio em
CANTOR;TÍTULO;INÍCIO DA LETRA
Belo;PERFUME;Vivia com o coração fechado
Belo;PROCURA-SE UM AMOR;Procura-se um amor que tenha cor ...
Belo;QUEM SERÁ;Alô quem ta falando, com quem tá...
Belo;REINVENTAR;Diz que já é tarde que não tem mais jei
Belo;RESUMO DA FELICIDADE;Eu agradeço a Deus por existir você...
Belo;TUA BOCA;Mel tua boca tem um mel...
Belo;TUDO MUDOU;Tudo mudou depois que eu senti o sabor
Belo;VEM;Você estava ali parada tão sozinha
Belo;VIVER POR ELA;Com ela eu aprendi o gosto do amor
Belo;VOCÊ SABE;Você sabe que nasceu pra mim
Belo;RAZÃO DA MINHA VIDA;Quando eu me vi perdido
Belo e Flávia Santana;QUERO TE AMAR;Hoje eu acordei
Belô Veloso;MAMÃE, CORAGEM;Mamãe mamãe não chore
Ben Harper;DIAMONDS ON THE INSIDE;I knew a girl her name was truth
Ben Harper;WALK AWAY;Oh no here comes that sun again
Beniamino Gigli;TORNA A SURRIENTO;Vide 'o mare quant'e bello
Benito Di Paula;AH, COMO EU AMEI;O amor que eu tenho guardado no peito
Benito di Paula;ALÉM DE TUDO;Você ficou sem jeito e encabulada
Benito Di Paula;AMIGO DO SOL AMIGO DA LUA;E eu criança presa em brinquedos de t
Benito Di Paula;ASSOBIAR OU CHUPAR CANA;Seria muito bom seria muito legal
Benito Di Paula;CANÇÃO DE VIVER COM VOCÊ;Olha eu que tinha até um mar aberto
Benito Di Paula;CHARLIE BROWN;Eh meu amigo Charlie
Benito Di Paula;DO JEITO QUE A VIDA QUER;Ninguém sabe a mágoa que trago...
Benito Di Paula;MODIFICAÇÃO;Eu acalentei seu pranto até dediquei
Benito Di Paula;MULHER BRASILEIRA;Agora chegou a vez vou cantar
Benito Di Paula;NÃO PRECISA ME PERDOAR;Amor voltei pra pedir perdão
Benito Di Paula;PROTEÇÃO ÀS BORBOLETAS;Eu sou como a borboleta
Benito Di Paula;QUE BELEZA;Que beleza ô que beleza
Benito Di Paula;RETALHOS DE CETIM;Ensaiei meu samba o ano inteiro...
Benito Di Paula;SANFONA BRANCA;Aquela sanfona branca
Benito Di Paula;SE NÃO FOR AMOR;Você me olha desse jeito...
Benito Di Paula;TUDO ESTÁ NO SEU LUGAR;Tudo está no seu lugar…
Benito Di Paula;VAI FICAR NA SAUDADE;Você cortou o barato do meu amor
Benito Di Paula;VIOLÃO NÃO SE EMPRESTA A NINGUÉM;Onde está você com o meu violão
Benito Di Paula e Demônios da Garoa;A VIDA É DURA;Quais quais quali cos quais
Berlin;TAKE MY BREATH AWAY;Watching every motion...
Bertie Higgins;CASABLANCA;I fell in love with you
Beth Carvalho;1800 COLINAS;Subi mais de mil e oitocentas colinas…
Beth Carvalho;A CHUVA CAI;A chuva cai lá fora você vai se molha
Beth Carvalho;AMOR DE VERDADE;Tem que ser agora ou nunca mais
Beth Carvalho;ANDANÇA;Vi tanta areia, andei a lua cheia, eu sei
Beth Carvalho;ANTES ELE DO QUE EU;Morreu... o nosso amor morreu
Beth Carvalho;CABÔ MEU PAI;O pai me disse que a tradição é lante
Beth Carvalho;COISINHA DO PAI;Ô coisinha tão bonitinha do pai...
Beth Carvalho;CORDA NO PESCOÇO;E o povo como está
Beth Carvalho;FOLHAS SECAS;Quando eu piso em folhas secas...
Beth Carvalho;SACO DE FEIJÃO;Meu Deus mas para que tanto dinheiro
Beth Carvalho;VOU FESTEJAR;Chora não vou ligar não vou ligar
Beth Lamas;FAMA;Money no bolso é tudo que eu quero...
Betinho;LÚCIA ESPARADRAPO;Não se muda nem desgruda
Beto Barbosa;ADOCICA;Adocica meu amor adocica
Beto Barbosa;BALANÇA O BUMBUM MUCHACHA;Quando eu te vejo bate meu coração
Beto Barbosa;BALANÇO TRILEGAL;Eu vou mostrar pra você como se
Beto Barbosa;BEIJINHO NA BOCA;Beijinho na boca gostoso doce mel
Beto Barbosa;DONA;É amor e prazer uma doce paixão
Beto Barbosa;MEU AMOR NÃO VÁ EMBORA;Meu amor não vá embora não
Beto Barbosa;MORENÁ MORENOU;Eu gosto de você menina só você sabe
Beto Barbosa;PRETA;Preta fala pra mim
Beto Guedes;AMOR DE ÍNDIO;Tudo que move é sagrado...
Beto Guedes;MARIA SOLIDÁRIA;Eu choro de cara suja...
Beto Guedes;PAISAGEM DA JANELA;Da janela lateral do quarto de dormir…
Beto Guedes/R. Bastos;SOL DE PRIMAVERA;Quando entrar setembro
Bette Midler;THE ROSE;Some say love it's a river that
Beyoncé;HALO;Remember those walls I built
Beyoncé;IF I WERE A BOY;If I were a boy
Beyoncé;ME MYSELF AND I;I can't believe
Beyoncé;NAUGHTY GIRL;I love to love you baby
Beyoncé;SINGLE LADIES;All the single ladies
Beyoncé;SWEET DREAMS;Turn the lights on
Bezerra da Silva;DEFUNTO CAGUETE;Mas é que eu fui num velório
Biafra;AGUARDENTE;Quando você me encontrar sem medo
Biafra;ANTES QUE EU TE ESQUEÇA;Antes que eu te esqueça e tudo
Biafra;LEÃO FERIDO;Feche os olhos não te quero mais
Biafra;PERDÕES;Perdoar não vai adiantar
Biafra;SEU NOME;Quando escuto a sua voz
Biafra;SONHO DE ICARO;Voar voar ,subir subir  por onde for...
Biafra;TE AMO;Foi assim que de repente...
Biafra;UMA VEZ E NUNCA MAIS;Olhar pro céu
Biafra;MOLDURA;O tempo passa e a gente
Biafra;RUA RAMALHETE;Sem querer fui me lembrar de uma
Bicho de Pé;NOSSO XOTE;Moreno me convidou...
Bill Halley & The Comets;ROCK AROUND THE CLOCK;One, two, three o'clock, four o'clock, ro
Bill Medley & J.Warnes;I'VE HAD THE TIME OF MY LIFE;Now I've had the time of my life…
Billy Idol;EYES WITHOUT A FACE;I'm all out of hope...
CANTOR;TÍTULO;INÍCIO DA LETRA
Billy Idol;REBEL YELL;Last night a little dancer...
Billy Joel;HONESTY;If you search for tenderness
Billy Joel;IT'S STILL ROCK 'N' ROLL TO ME;What's the matter with the clothes I'm we
Billy Joel;JUST THE WAY YOU ARE;Don't go changing to try and please me
Billy Joel;MY LIFE;Oooh
Billy Joel;PIANO MAN;It's nine o'clock on a Saturday
Billy Joel;TELL HER ABOUT IT;Listen boy....
Billy Joel;THE RIVER OF DREAMS;Oooh oooh oooh oooh oooh oooh
Billy Joel;UPTOWN GIRL;Oh oh oh oh Oh oh oh oh oh oh oh
Billy Paul;ME AND MRS. JONES;Me and Mrs. Jones
Billy Ray Cyrus;ACHY BREAKY HEART;You can tell the world, you never was my
Billy Swan;I CAN HELP;If you've got a problem, don't care what
Biquini Cavadão;AGORA É MODA;Agora é moda
Biquini Cavadão;DANI;Dane-se a hora se é cedo ou se é tarde
Biquini Cavadão;EM ALGUM LUGAR DO TEMPO;Não guarde mágoa de mim
Biquini Cavadão;ESCUTA AQUI;Escuta aqui eu não sou culpado de tudo
Biquini Cavadão;IMPOSSÍVEL;Tudo bem quando termina bem
Biquini Cavadão;JANAÍNA;Janaína acorda todo dia às quatro
Biquini Cavadão;QUANDO EU TE ENCONTRAR;Eu já sei o que os meus olhos vão querer
Biquini Cavadão;QUANTO TEMPO DEMORA UM MÊS;Acordei com o seu gosto e a lembrança do seu
Biquini Cavadão;TÉDIO;Alô.. Sabe esses dias em…
Biquini Cavadão;TIMIDEZ;Toda vez que te olho crio um romance
Biquini Cavadão;VENTO E VENTANIA;Vento e ventania me leve para as
Biquini Cavadão;VOCÊ EXISTE, EU SEI;Há tanto tempo venho procurando
Biquini Cavadão;VOU TE LEVAR COMIGO;As curvas no caminho, meus olhos tão distantes
Biquini Cavadão;ZÉ NINGUÉM;Quem foi que disse que amar é sofrer
Biquini Cavadão e Renato Russo;MÚMIAS;Bem aventurados sejam aqueles
Biro do Cavaco;JÉSSICA;Sem a gente esperar nasce
Bispo Marcelo Crivella;O AMOR MAIOR;Tudo que restou de uma paixão...
Bispo Marcelo Crivella;PERFUME UNIVERSAL;Ela veio movida na força do amor...
Black Eyed Peas;I GOTTA FEELING;I gotta feelin'
Blind Melon;NO RAIN;Uh uh uh uh uh... All I can say is that my
Blitz;A DOIS PASSOS DO PARAISO;Longe de casa há mais de uma semana...
Blitz;EGOTRIP;Um indivíduo alto magro vestindo um
Blitz;MAIS UMA DE AMOR;Perdi meu amor no paraíso
Blitz;QUEM TEM PÕE;Eu moro longe não tenho carro nem
Blitz;VOCÊ NÃO SOUBE ME AMAR;Sabe essas noites que você sai
Blitz;WEEKEND;Alô alô ativo ouvinte
Blondie;CALL ME;Color me your color baby Color me your
Blondie;HEART OF GLASS;Once I had a love and it was a gas
Blondie;THE TIDE IS HIGH;The tide is high but I'm holding on
Bob Marley;COULD YOU BE LOVED;Could you be loved and be loved
Bob Marley;I SHOT THE SHERIFF;I shot the sheriff...
Bob Marley;JAMMIN';All right we're jammin'
Bob Marley;NO WOMAN NO CRY;No woman no cry no woman no cry
Bob Marley;REDEMPTION SONG;Old pirates yes they rob I
Bob Marley & The Wailers;IS THIS LOVE;I wanna love you and treat you right…
Bobby Di Carlo;CUIDADO PRA NÃO DERRETER;Cuidado pra não derreter
Bobby Di Carlo;MARCIANITA;Esperada marcianita
Bobby Di Carlo;TIJOLINHO;Sei que se esperar mais um pouquinho...
Bobby Lewis;TOSSIN' AND TURNIN';Baby, baby.....
Bobby Solo;CRISTINA;Scrivero per te Cristina
Bobby Solo;SE PIANGI SE RIDI;Se piange amore io piango con te
Bobby Solo;UNA LACRIMA SUL VISO;Da una lacrima sul viso ho capito mo
Bobby Solo;ZÍNGARA;Prendi questa mano zíngara
Boca Livre;QUEM TEM A VIOLA;Quem tem a viola pra se acompanhar
Boca Livre;TOADA;Vem morena ouvir comigo essa cantiga
Boca Livre;A CASA;Era uma casa engraçada..
Boi Bumbá Caprichoso;BRASIS AMERÍNDIOS;América América Ybyrapytanga...
Boi Bumbá Garantido;ETERNO CAMPEÃO;Garantido meu brinquedo de criança...
Boka Loka;DESENGANO;Bateu paixão e a saudade logo vem
Bon Jovi;ALWAYS;This Romeo is bleeding
Bon Jovi;I'LL BE THERE FOR YOU;I guess this time you're really leavin'
Bon Jovi;IT'S MY LIFE;This ain't a song for the broken hearted
Bon Jovi;LIVIN' ON A PRAYER;Once upon a time, not so long ago
Bon Jovi;NEVER SAY GOODBYE;As I sit in this smokey room
Bon Jovi;YOU GIVE LOVE A BAD NAME;Shot through the heart And you're to blame
Bonde do Forró;DEPOIS DAQUELE BEIJO;Depois daquele beijo que você roubou
Bonde do Tigrão;CEROL NA MÃO;Quer dançar quer dançar o Tigrão vai te...
Bonde do Tigrão;O BAILE TODO;Uh uh...Só as cachorras uh uh...
Boney M.;RIVERS OF BABYLON;By the rivers of Babylon there we...
Bonnie Tyler;IT'S A HEARTACHE;It's a heartache nothing but a heartache…
Bonnie Tyler;TOTAL ECLIPSE OF THE HEART;Turn around,
Boston;MORE THAN A FEELING;I looked out this morning...
Boyz II Men;END OF THE ROAD;Girl, you know we belong together, heh...
Br'Oz;PROMETIDA;Esse beijo da tua boca...
Br'Oz;SE VOCÊ NÃO ESTÁ AQUI;Tarde... é tarde pra dizer...
Braga Boys;UMA BOMBA;Sensual o movimento sensual...
Bread;AUBREY;And Aubrey was her name...
Bread;BABY I’M A WANT YOU;Baby I’m a want you Baby I’m a need...
Bread;EVERYTHING I OWN;You sheltered me from harm
Bread;IF;If a picture paints a thousand words
Bread;MAKE IT WITH YOU;Hey, have you ever tried...
Bread;THE DIARY;I found her diary underneath a tree...
CANTOR;TÍTULO;INÍCIO DA LETRA
Bread;THE GUITAR MAN;Who draws the crowd and plays...
Brian McKnight;BACK AT ONE;It's undeniable that we should be toge
Brilho de Neon;SE ENGANOU;Se enganou
Britney Spears;BABY ONE MORE TIME;Oh baby baby how was I supposed to kno
Britney Spears;DON'T LET ME BE THE LAST TO KNOW;Oooh yeah
Britney Spears;GIVE ME MORE;Everytime they turn the lights down
Britney Spears;OOPS! I DID IT AGAIN;Oooh yeah
Britney Spears;TOXIC;Baby can't you see I'm calling
Brother Simion;A VOZ DO ORIENTE;A notícia quente vem do oriente
Brother Simion;JABOTICABA;Jaboticaba yeah yeah oh
Brother Simion;JEFF;Esta história começou assim
Brother Simion;LOUVAI;Louvai ao Senhor, louvai ao Senhor
Brother Simion;ORGULHO;Como é enganoso o coração
Bruce Dickinson;TEARS OF THE DRAGON;For too long now there were secrets in my mind
Bruce Springsteen;BORN IN THE USA;Born down in a dead man's town
Bruce Springsteen;DANCING IN THE DARK;I get up in the evening
Bruce Springsteen;STREETS OF PHILADELPHIA;I was
Bruna Caram;CAMINHO PRO INTERIOR;A manhã nasceu lá fora
Bruna Caram;FIM DE TARDE;Eu só desperto quando acende o farol
Bruna Caram;PALAVRAS DO CORAÇÃO;São sorrisos largos lagos
Bruninho & Davi - Michel Teló;VAMOS MEXER;A nossa vida não é brincadeira
Bruninho e Davi;SE NAMORAR FOSSE BOM;Se namorar fosse bom isso aqui tava vazio
Bruno e Marrone;ABAFA O CASO;Abafa o caso
Bruno e Marrone;ACORRENTADO EM VOCÊ;Eu não sei o que é que eu faço...
Bruno e Marrone;AGARRA EM MIM;Enquanto a cidade dorme eu...
Bruno e Marrone;AGORA VAI;Vai Pode ir embora antes...
Bruno e Marrone;ALÇAPÃO;Voce acha fácil chegar dizendo que
Bruno e Marrone;AMIGA AMANTE E NAMORADA;Quando eu te conheci de fato me
Bruno e Marrone;AMOR DE BALADA;Saí
Bruno e Marrone;AMOR DE CARNAVAL;Primavera chegou seu amor me pegou...
Bruno e Marrone;AMOR NÃO VAI FALTAR;Me diz o que você quer que eu te faça
Bruno e Marrone;APAZIGUAR;Outra vez nós dois brigamos
Bruno e Marrone;BIJUTERIA;Quando a noite cai…
Bruno e Marrone;BOM DEMAIS;Bom demais
Bruno e Marrone;CAI FORA;Cai fora eu tô em outra
Bruno e Marrone;CASTELO DE AREIA;Vou tentando segurar é loucura te que
Bruno e Marrone;CHAMEGO BOM;Ai que chamego bom
Bruno e Marrone;CHORAM AS ROSAS;Choram as rosas…
Bruno e Marrone;COISA DE PELE;Se eu te encontrar por aí
Bruno e Marrone;COMO EU CHOREI;Eu nunca pensei que tivesse fim
Bruno e Marrone;CREDO EM CRUZ AVE-MARIA;Desce uma geladinha…
Bruno e Marrone;DEIXA;Deixa eu pelo menos falar de nós...
Bruno e Marrone;DESIGUAIS;Não faz mal sei que já não me quer
Bruno e Marrone;DORMI NA PRAÇA;Caminhei sozinho pela rua ...
Bruno e Marrone;DUAS VEZES VOCÊ;Se a saudade não doesse assim
Bruno e Marrone;ENTÃO PODE IR;Você me fala com tanta certeza
Bruno e Marrone;FAVO DE MEL;Te liguei para testar o seu amor
Bruno e Marrone;FICAR POR FICAR;Eu não quero só ficar quero mais que a
Bruno e Marrone;FLASH BACK DE NÓS DOIS;Mas se quiser pode rolar
Bruno e Marrone;FRUTO ESPECIAL;Gosto quando sua mão
Bruno e Marrone;HOJE AMOR, NÃO VAI DAR;Hoje amor não vai dar
Bruno e Marrone;HOJE EU NÃO TÔ PRA NINGUÉM;Hoje eu amanheci machucado de paixão
Bruno e Marrone;INEVITÁVEL;É animal é tão voraz essa paixão
Bruno e Marrone;LÁGRIMAS E VINHO;Foi com flores e com vinho
Bruno e Marrone;LIGAÇÃO URBANA;Alô amor tô te ligando de um orelhão...
Bruno e Marrone;MARIANNE;No dia do aniversário do nosso namo
Bruno e Marrone;MENINA;Menina cada instante em minha vida…
Bruno e Marrone;MEU JEITO DE SENTIR;Toda vez que vai sair o sol eu estou.....
Bruno e Marrone;NÃO FAZ MAIS ISSO COMIGO;Não faz mais isso comigo
Bruno e Marrone;NÃO TEM OUTRO JEITO;Se quer parar se quer pensar
Bruno e Marrone;NÃO TENTE ME IMPEDIR;Dundêrarium dundêrarium dundêrarium
Bruno e Marrone;PAREDE DE VIDRO;Tá se escondendo em parede de vidro
Bruno e Marrone;PODE IR EMBORA;Procurei em outros braços
Bruno e Marrone;POR TE AMAR DEMAIS;Eu já sei sei que vai ligar
Bruno e Marrone;POR UM MINUTO;E todos os amantes já adormeceram...
Bruno e Marrone;PRA NÃO MORRER DE AMOR;Melhor se me avisasse
Bruno e Marrone;PROGRAMA DO FIM DE SEMANA;Não me deixe fora da sua agenda....
Bruno e Marrone;QUE PESCAR QUE NADA;Já paguei quem eu devia
Bruno e Marrone;QUEM MANDA É O CORAÇÃO;Não vai dar pra segurar...
Bruno e Marrone;QUER CASAR COMIGO?;Quer quer quer... quer casar comigo…
Bruno e Marrone;REI DO RODEIO;Eu sou peão, sou cabra macho bom
Bruno e Marrone;SE NÃO TIVESSE IDO;E eu pensei que nunca ia te perder...
Bruno e Marrone;SEJA BEM-VINDA;Encontrei no carro uma antiga agenda
Bruno e Marrone;SERÁ;Sou o primeiro homem na Lua...
Bruno e Marrone;SONHANDO;Se passa o dia paro escuto o vento
Bruno e Marrone;TÁ PEGANDO;Tá no toque da sanfona tá no gosto do
Bruno e Marrone;TE AMAR FOI ILUSÃO;Eu sei    Talvez eu tenha
Bruno e Marrone;TE AMO E NÃO TE QUERO;Pegue tudo aquilo que é seu
Bruno e Marrone;TE AMO TANTO;Tanto...
Bruno e Marrone;TENTATIVAS EM VÃO;Se eu soubesse o que fazer
Bruno e Marrone;UM BOM PERDEDOR;Sei que você pensa em me deixar...
Bruno e Marrone;VAI DAR NAMORO;Do jeito que você me olha...
Bruno e Marrone;VÊ SE TOMA JUÍZO;Não vou mais acreditar no que me fala
CANTOR;TÍTULO;INÍCIO DA LETRA
Bruno e Marrone;VIDA VAZIA;Depois que você foi embora...
Bruno e Marrone e Calypso;POR QUE CHORAS?;Porque chora assim…
Bruno e Marrone-Edson e Hudson;AMOR DE PING PONG;E esse amor de ping pong
Bryan Adams;CAN'T STOP THIS THING WE STARTED;Yeah
Bryan Adams;EVERYTHING I DO (I DO IT FOR YOU);Look into my eyes you will see...
Bryan Adams;HAVE YOU EVER REALLY LOVED A WOMAN;To really love a woman
Bryan Adams;HEAVEN;Oh, Thinkin’ about all our younger years...
Bryan Adams;PLEASE FORGIVE ME;It still feels like our first night...
Bryan Ferry;SLAVE TO LOVE;Tell her I be waiting in the usual plac....
Buddy Holly;I'M LOOKIN' FOR SOMEONE TO LOVE;Stayin' at home waitin' for you…
Byafra;HELENA;Noite que se foi sem se quer dizer pra onde foi
C. Evangélica Vila Da Penha;NOSSO DEUS É SOBERANO;Me rendo aos Teus pés venho rasgar...
C.C.R;I PUT A SPELL ON YOU;I put a spell on you because you're mine
C.C.R.;BAD MOON RISING;I see the bad moon rising I see
C.C.R.;BORN ON THE BAYOU;Now when I was just a little boy
C.C.R.;COTTON FIELDS;When I was a little baby my mother
C.C.R.;GREEN RIVER;Well take me back down where cool water f
C.C.R.;HAVE YOU EVER SEEN THE RAIN;Someone told me long ago
C.C.R.;LODI;Just about a year ago
C.C.R.;PROUD MARY;Left a good good in the city
C.C.R.;RUN THROUGH THE JUNGLE;Oh oh thought it was a nightmare
C.C.R.;SUSIE Q;Oh susie Q, oh Susie Q, oh Susie
C.C.R.;TRAVELIN’ BAND;Seven-thirty-seven comin’ out...
C.C.R.;UP AROUND THE BEND;There’s a place up ahead and I’m goin’...
C.C.R.;WHO'LL STOP THE RAIN;Long as I remember
Cachorro grande;SINCERAMENTE;Sinceramente você pode se abrir comi
Caetano Veloso;A LUZ DE TIETA;Todo dia é o mesmo dia a vida é tão
Caetano Veloso;ALEGRIA ALEGRIA;Caminhando contra o vento, sem
Caetano Veloso;BELEZA PURA;Não me amarra dinheiro não
Caetano Veloso;CHUVA, SUOR E CERVEJA;Não se perca de mim não se esqueça
Caetano Veloso;DEBAIXO DOS CARACÓIS DOS SEUS CABEL;Um dia a areia branca seus pés irão tocar
Caetano Veloso;DISSERAM QUE VOLTEI AMERICANIZADA;Disseram que eu voltei americanizada
Caetano Veloso;DRÃO;Drão o amor da gente é como um grão...
Caetano Veloso;É HOJE;A minha alegria atravessou o mar
Caetano Veloso;ECLIPSE OCULTO;Nosso amor não deu certo gargalhadas
Caetano Veloso;IRENE;Eu quero ir minha gente
Caetano Veloso;LONDON LONDON;I'm wandering round and round...
Caetano Veloso;LUA DE SÃO JORGE;Lua de São Jorge, lua deslumbrante
Caetano Veloso;LUA E ESTRELA;Menina do anel de lua e estrela
Caetano Veloso;LUNA ROSSA;La ari il ra la ari il ra
Caetano Veloso;MEIA LUA INTEIRA;Meia lua inteira sopapo na cara do......
Caetano Veloso;MINHA VOZ, MINHA VIDA;Minha voz minha vida
Caetano Veloso;NÃO ENCHE;Me larga não enche
Caetano Veloso;O LEÃOZINHO;Gosto muito de te ver leãozinho
Caetano Veloso;ORAÇÃO AO TEMPO;És um senhor tão bonito
Caetano Veloso;PODRES PODERES;Enquanto os homens...
Caetano Veloso;PRA TE LEMBRAR;Que é que eu vou fazer pra te esquecer
Caetano Veloso;QUALQUER COISA;Esse papo já tá qualquer coisa...
Caetano Veloso;QUEIXA;Um amor assim delicado
Caetano Veloso;ROCKS;Tatuou um ganesh na coxa
Caetano Veloso;SAMBA DE VERÃO;Você viu só que amor nunca vi coisa a
Caetano Veloso;SAMPA;Alguma coisa acontece no meu coração
Caetano Veloso;SOY LOCO POR TI AMERICA;Soy loco por ti America...
Caetano Veloso;SOZINHO;As vezes no silêncio da noite
Caetano Veloso;TERRA;Quando eu me encontrava preso
Caetano Veloso;TIRANIZAR;Se você quiser me prender vai ter que saber me s
Caetano Veloso;TREM DAS CORES;A franja da encosta cor de laranja...
Caetano Veloso;TRILHOS URBANOS;O melhor tempo esconde.....
Caetano Veloso;VOCÊ É LINDA;Fonte de mel nos olhos de gueixa
Caetano Veloso;VOCÊ NÃO ME ENSINOU A TE ESQUECER;Não vejo mais você faz tanto tempo...
Caetano Veloso e Flávio Venturini;CÉU DE SANTO AMARO;Olho para o céu...
Caetano Veloso e Gal Costa;CORAÇÃO VAGABUNDO;Meu coração não se cansa de ter esper
Caetano Veloso e Gal Costa;SORTE;Tudo de bom que você me fizer
Caetano Veloso e Gilberto Gil;DESDE QUE O SAMBA É SAMBA;A tristeza é senhora…
Caetano Veloso e Jorge Mautner;TODO ERRADO;Eu não peço desculpa e nem peço…
Caio Cesar e Diego;ANIMAL;Tô à procura de uma namorada
Caio Cesar e Diego;PEGA USA E JOGA FORA;Pega usa e joga fora
Calcinha Preta;AMOR DIVIDIDO;Não quero mais esse amor dividido
Calcinha Preta;BABYDOLL;Só você sabe me fazer mulher
Calcinha Preta;BEBO E CHORO;Eu choro feito um menino chorão
Calcinha Preta;CENA DE NOVELA;O nosso amor é cena de novela
Calcinha Preta;DECLARAÇÃO DE AMOR;Hoje me deu uma vontade louca aluci
Calcinha Preta;PENSÃO ALIMENTÍCIA;Que foi que eu fiz
Calcinha Preta;POR AMOR;Será que você já me esqueceu
Calcinha Preta;POR QUE TOCOU MEU CORAÇÃO;Por que tocou meu coração
Calcinha Preta;SEU NAMORADO;Eu não vou te deixar eu quero é mais
Calcinha Preta;VOCÊ NÃO VALE NADA;Você nao vale nada mas eu gosto de vo
Camisa de Vênus;EU NÃO MATEI JOANA D'ARC;Eu nunca tive nada com Joana D'arc...
Camisa de Vênus;SIMCA CHAMBORD;Um dia meu pai chegou em casa...
Camisa de Vênus;SÓ O FIM;Se o chão abriu sob os seus pés
Cansei de Ser Sexy;SUPER AFIM;Ontem quando eu acordei ah eu tava tã
Capital Inicial;A SUA MANEIRA;Ela dormiu no calor dos meus braços…
Capital Inicial;A VIDA É MINHA (EU FAÇO O QUE EU QUISE;Faça isso Faça aquilo
Capital Inicial;ALGUM DIA;Ninguém nunca te disse como ser tão im
CANTOR;TÍTULO;INÍCIO DA LETRA
Capital Inicial;ALTOS E BAIXOS;Esse aqui é meu lugar
Capital Inicial;ANÚNCIO DE REFRIGERANTE;Sentado embaixo do bloco sem ter o qu
Capital Inicial;AQUI;Às vezes acho que eu fiquei louco
Capital Inicial;AUTORIDADES;Vou denunciar
Capital Inicial;CAI A NOITE;Cai a noite na cidade vinda de lugar...
Capital Inicial;COMO DEVIA ESTAR;Folhas verdes caem no jardim...
Capital Inicial;DANÇANDO COM A LUA;Cuidado comigo eu não sou nenhum sant
Capital Inicial;EU NUNCA DISSE ADEUS;Eu não sei o que eu tô fazendo
Capital Inicial;FÁTIMA;Vocês esperam uma intervenção divina...
Capital Inicial;FOGO;Você é tão acostumada a sempre ter razão
Capital Inicial;INDEPENDÊNCIA;Toda essa curiosidade...
Capital Inicial;MAIS;É sempre frio é tão estranho…
Capital Inicial;MIL VEZES;Há sempre alguma coisa que esquecemos
Capital Inicial;MÚSICA URBANA;Contra todos e contra ninguém
Capital Inicial;NÃO OLHE PRA TRÁS;Nem tudo é como você quer...
Capital Inicial;NATASHA;Tem dezessete anos e fugiu de casa...
Capital Inicial;O MUNDO;Tchuru tchu... você que já esteve no céu
Capital Inicial;O PASSAGEIRO;Eu sou o passageiro eu rodo sem parar.....
Capital Inicial;PROVA;Vejo seu retrato
Capital Inicial;QUATRO VEZES VOCÊ;Rafael tá trancado há dois dias no…
Capital Inicial;RESPIRAR VOCÊ;Lento como o tempo que não quer
Capital Inicial;SEM CANSAR;Lá lá.. Qual é a parte do corpo...
Capital Inicial;TODAS AS NOITES;Todas as noites são iguais
Capital Inicial;UM HOMEM SÓ;As lágrimas secam e eu esqueço
Capital Inicial;VIVENDO E APRENDENDO;Outra história com um outro rosto
Capital Inicial e Kiko Zambianchi;PRIMEIROS ERROS;Meu caminho é cada manhã...
Capital Inicial Zelia Duncan;EU VOU ESTAR;Eu não vou pro inferno
Captain and Tennille;DO THAT TO ME ONE MORE TIME;Do that to me one more time
Captain and Tennille;LOVE WILL KEEP US TOGETHER;Love love will keep us together
Carl Douglas;KUNG FU FIGHTING;Oh oh oh oh
Carl Perkins;BLUE SUEDE SHOES;Well it's one for the money,
Carlinhos Brown;A NAMORADA;Ei bicho o broto do seu lado
Carlinhos Brown;MARES DE TI;Se tropeçar meus pés cansados
Carlinhos Brown e Dj Dero;MARIA CAIPIRINHA;Tê tê tê tê tê tê tê tê tê tê tê tê t
Carlos Alexandre;A CIGANINHA;Você é a ciganinha dona do meu cora
Carlos Dafé;A CRUZ;Êh ah êh ah êh ah
Carlos Dafé;PRA QUE VOU RECORDAR O QUE SOFRI;Não quero mais saber de ti
Carlos Dafé;VENHA MATAR SAUDADES;Chora tristeza de viver assim
Carlos Gonzaga;SERENO;Sereno da madrugada caindo no meu..
Carlos Gonzaga;OH CAROL;Oh Carol sem o teu amor tudo é
Carlos José;ESMERALDA;Vestida de noiva com véu e grinalda
Carlos José;QUERIA;Queria que você fosse o meu último b
Carlos Lyra;LOBO BOBO;Era uma vez um lobo mau
Carlos Oliva/Los Sobrinos;MACARENA;Dale a tu cuerpo alegria macarena
Carlos Santos;QUERO VOCÊ;Meu amor não se esqueça de mim...
Carly Simon;COMING AROUND AGAIN;Baby sneezes momy pleases...
Carly Simon;JUST LIKE YOU DO;If you think you're alone
Carly Simon;NOBODY DOES IT BETTER;Nobody does it better…
Carly Simon;YOU KNOW WHAT TO DO;The night is filled with pretty girls
Carmelo Pagano;L'AMORE SE NE VA;L'amore se ne va
Carmem Silva;ADEUS SOLIDÃO;Eu já sofri e até chorei sozinha sem
Carnaval;ALLAH LÁ OH;Allah lá oh, oh, oh, oh, oh
Carnaval;AURORA;Se você fosse sincera ô, ô, ô
Carnaval;CABELEIRA DO ZEZÉ;Olha a cabeleira do Zezé
Carnaval;CACHAÇA;Você pensa que cachaça é água
Carnaval;CORAÇÃO DE JACARÉ;Trocaram o coração da minha sogra
Carnaval;JARDINEIRA;Ó Jardineira por que estás tão triste?
Carnaval;MAMÃE EU QUERO;Mamãe eu quero, mamãe eu quero
Carnaval;MARCHA DA CUECA;Eu mato, eu mato
Carnaval;MARIA SAPATÃO;Maria sapatão, sapatão, sapatão
Carnaval;ME DÁ UM DINHEIRO AÍ;Ei, você aí
Carnaval;O TEU CABELO NÃO NEGA;O teu cabelo não nega mulata
Carnaval;QUEM SABE, SABE;Quem sabe sabe, conhece bem
Carnaval;SACA ROLHA;As Águas vão rolar
Carnaval;SASSARICANDO;Sa-sassaricando
Carnaval;TAÍ;Taí
Carol Celico e Claudia Leitte;MESMA LUZ;Foi assim que um dia sozinha eu te vi
Carol Song;SILENT NIGHT;Silent night holy night
Carol Song;SILVER BELLS;City side walks busy side walks
Carole King;IT’S TOO LATE;Stayed in bed all mornin’ just to pass...
Carole King;SO FAR AWAY;So far away…
Carpenters;BLESS THE BEASTS AND THE CHILDREN;Bless the beasts and the children
Carpenters;CLOSE TO YOU;Why do birds suddenly appear
Carpenters;HURTING EACH OTHER;No one in the world…
Carpenters;I NEED TO BE IN LOVE;The hardest thing I've ever done
Carpenters;IT’S GONNA TAKE SOME TIME;It’s gonna take some time this time...
Carpenters;LET ME BE THE ONE;Some sleepless night…
Carpenters;ONLY YESTERDAY;After long enough of being alone...
Carpenters;PLEASE MR. POSTMAN;Oh yes wait a minute Mister Postman...
Carpenters;RAINY DAYS AND MONDAYS;Talkin' to myself and feelin' old…
Carpenters;SUPERSTAR;Long ago and oh so far away
Carpenters;THIS MASQUERADE;Are we really happy
Carpenters;TOP OF THE WORLD;Such a feelin's comin'over me
Carpenters;WE'VE ONLY JUST BEGUN;We've only just begun to live…
CANTOR;TÍTULO;INÍCIO DA LETRA
Carpenters;YESTERDAY ONCE MORE;When I was young I'd listen to the radio
Carrapicho;FESTA DE UM POVO;Ôh ôh ôh éh ôh, lê lê lê lê lê lê
Cartola;ACONTECE;Esquece o nosso amor vê se esquece
Cartola;AS ROSAS NÃO FALAM;Bate outra vez com esperanças
Cartola;O MUNDO É UM MOINHO;Ainda é cedo amor
Casa de Davi (Davi Silva e Mike Shea;DIGNO;Não me canso de expressar a Ti
Casa de Davi (Davi Silva e Mike Shea;SANTO É O TEU NOME;Em toda terra se ouvirá um novo som
Cascatinha e Inhana;ÍNDIA;Índia seus cabelos
Cássia Eller;ALL STAR;Estranho seria se eu não me apaixona
Cássia Eller;AS COISAS TÃO MAIS LINDAS;Entre as coisas mais lindas que eu con
Cássia Eller;BLUES DA PIEDADE;Agora eu vou cantar pros miseráveis
Cássia Eller;E.C.T.;Tava com cara que carimba postais
Cássia Eller;GATAS EXTRAORDINÁRIAS;O amor me pegou
Cássia Eller;LUZ DOS OLHOS;Ponho os meus olhos em você
Cássia Eller;MALANDRAGEM;Quem sabe eu ainda sou uma garotinha
Cássia Eller;NA CADÊNCIA DO SAMBA;Sei que vou morrer não sei o dia...
Cássia Eller;NO RECREIO;Quer saber quando te olhei na piscina
Cássia Eller;O MUNDO FICARIA COMPLETO;Não e porque eu sujei a roupa....
Cássia Eller;O SEGUNDO SOL;Quando o segundo sol chegar...
Cássia Eller;PALAVRAS AO VENTO;Ando por aí querendo te encontrar...
Cássia Eller;TODA VEZ QUE EU DIGO ADEUS;Toda vez que eu digo adeus
Cássia Eller;TOP TOP;Lá ih là ih... Eu vou sabotar...
Cássia Eller e Nando Reis;RELICÁRIO;É uma índia com um colar
Cassiane;HINO DA VITORIA;Quem é o Homem que teve o poder...
Cassiane;A CURA;Eu quero mergulhar nos rios do espíri
Cassiane;COM MUITO LOUVOR;Deus não rejeita oração oração é ali
Cassiane e Jairinho;O TEMPO NÃO PODE APAGAR;O tempo não pode apagar
Cassiano;SALVE ESSA FLOR;De um jardim sem cor
Casuarina;VASO RUIM;Mostro minha face suja
Cat Stevens;WILD WORLD;Now that I've lost everything to you
Catedral;EU AMO MAIS VOCÊ;Depois dessa ventania o temporal...
Catedral;TCHAU;Me cansei dos teus desenganos…
Catedral;CHAME A DEUS;Se você não sabe para onde seguir
Cauby Peixoto;CONCEIÇÃO;Conceição eu me lembro muito bem...
Cauby Peixoto;MOLAMBO;Eu sei que vocês vão dizer...
Cauby Peixoto;NINGUÉM É DE NINGUÉM;Ninguém é de ninguém na vida tudo pas
Cavalo de Pau;PADECER NO PARAÍSO;Eu vivi todo esse tempo só pra você
Caviar com Rapadura;SOMOS LOUCOS;Essa morena é a mais gostosa
Cazuza;BRASIL;Não me convidaram pra esta festa...
Cazuza;CODINOME BEIJA-FLOR;Pra que mentir fingir que perdoou
Cazuza;EU QUERIA TER UMA BOMBA;Solidão a dois de dia
Cazuza;EXAGERADO;Amor da minha vida
Cazuza;FAZ PARTE DO MEU SHOW;Te pego na escola e encho a tua bola
Cazuza;IDEOLOGIA;Meu partido é um coração partido
Cazuza;MAIOR ABANDONADO;Eu tô perdido, sem pai nem mãe...
Cazuza;O NOSSO AMOR A GENTE INVENTA;O teu amor é uma mentira
Cazuza;O TEMPO NÃO PARA;Desperto contra o sol sou forte...
Cazuza;QUASE UM SEGUNDO;Eu queria ver no escuro do mundo...
Cazuza;TODO AMOR QUE HOUVER NESTA VIDA;Eu quero a sorte de um amor tranqüilo
Cazuza;VAI À LUTA;Eu li teu nome num cartaz
Cecéu Muniz;BRILHO DAS ESTRELAS;Teu olhar me faz chegar além do belo
Cecéu Muniz;SEM PERCEBER;Me peguei juntando as partes da nossa…
Celia;RIO DE JANEIRO (ISSO É O MEU BRASIL);Oh...
Célia;VIDAS INTEIRAS;Não seja por isso
Celine Dion;(IF THERE WAS) ANY OTHER WAY;Sorry I know I'm late…
Celine Dion;ALL BY MYSELF;When I was young I never needed anyone
Celine Dion;BECAUSE YOU LOVED ME;For all those times you stood by me...
Celine Dion;I'M ALIVE;Mmmmm... mmmmm...
Celine Dion;MY HEART WILL GO ON (TITANIC);Every night in my dreams I see you
Celine Dion;TO LOVE YOU MORE;Take me back into the arms I love
Celine Dion e Bee Gees;IMMORTALITY;So this is who I am and this is all I...
Celine Dion e C. Griffin;WHEN I FALL IN LOVE;When I fall in love It will be forever...
Celso Blues Boy;AUMENTA QUE ISSO AÍ É ROCK AND ROLL;Estava deitado dormindo acordado
Celso Ricardi;TE AMO ETERNAMENTE;Ah que bom que te encontrei
Cely Campelo;BANHO DE LUA;Tomo um banho de lua fico branca
Cely Campelo;ESTÚPIDO CUPIDO;Oh oh cupido vê se deixa em paz
Cely Campelo;TÚNEL DO AMOR;Só tu... lá no túnel do amor
Century;LOVER WHY;A sign of time
Cesar Menotti e Fabiano;PARA DE CHORAR;Você me humilhou me maltratou me desp
César Menotti e Fabiano;AQUI NÃO;Aqui não aqui não
César Menotti e Fabiano;CASO POR ACASO;Eu não quero mais um caso por acaso
César Menotti e Fabiano;CIUMENTA;Saia dessa paranóia de dizer que ten
César Menotti e Fabiano;DO LADO ESQUERDO;Tem uma paixão morando aqui do lado
César Menotti e Fabiano;É RUIM QUE DÓI;Volta ligeirinho meu benzinho
César Menotti E Fabiano;LABIRINTO;Sonhos planos
César Menotti e Fabiano;LEILÃO;Estou à beira da loucura ninguém mais
César Menotti e Fabiano;MENSAGEM PRA ELA;Mandei mensagem pra ela ela não me re
César Menotti e Fabiano;TARDE DEMAIS;Só tem um jeito de você me entender
César Menotti e Fabiano;TÔ MORRENDO DE SAUDADE;Quando a gente terminou nosso caso de
César Menotti e Fabiano;VEM ME AMAR;Louco de saudade te liguei pra te fal
Cesar Sampaio;SECRETÁRIA DA BEIRA DO CAIS;Ela espera e não desespera na beira do cais
Céu;LENDA;Tome tento fique esperto hoje não tem
Céu;MALEMOLÊNCIA;Veio até mim
Céu e Diogo Poças;NADA QUE TE DIZ RESPEITO;Leva eu leva eu leva... Nada que te diz
CANTOR;TÍTULO;INÍCIO DA LETRA
Cézar e Paulinho;A GATA DO BMW;Eu recebi de uma gata gostosona...
Cézar e Paulinho;AMOR ALÉM DA VIDA;Imaginei andei
Cézar e Paulinho;CARMINHA;Tarde da noite eu já estava deitado
Cézar e Paulinho;MEU ENDEREÇO;Eu vou lhe dar o endereço onde moro
Cézar e Paulinho;NÃO OLHE PRO MEU OLHAR;Não olhe pro meu olhar se for embora
Cézar e Paulinho;PERDOA;Perdoa por eu ter te escolhido...
Cézar e Paulinho;SE TIVER MULHER NÓIS VAI;Nossa paixão é viola nóis nascemo…
Cézar e Paulinho;VOCÊ É TUDO QUE PEDI PRA DEUS;Na Fazenda da Esperança mora o meu a
Cezar e Paulinho (part. Daniel);NÓIS É CAUBÓI (NÓIS É XIKI NU ÚRTIMO);Nóis é country é caubói nóis é…
Charles And Eddie;WOULD I LIE TO YOU?;No no no... baby hum…
Charlie Brown Jr.;CÉU AZUL;Tão natural quanto a luz do dia
Charlie Brown Jr.;CHAMPAGNE E ÁGUA BENTA;Atitude a gente tem sorte a gente
Charlie Brown Jr.;DIAS DE LUTA, DIAS DE GLÓRIA;Canto minha vida com orgulho
Charlie Brown Jr.;ELA VAI VOLTAR;Minha mente nem sempre tão lúcida
Charlie Brown Jr.;LUGAR AO SOL;Que bom viver como é bom sonhar...
Charlie Brown Jr.;LUTAR PELO QUE É MEU;A gente passa a entender melhor a vi
Charlie Brown Jr.;PONTES INDESTRUTÍVEIS;Buscando um novo rumo
Charlie Brown Jr.;PROIBIDA PRA MIM;Ela achou o meu cabelo engraçado...
Charlie Brown Jr.;SENHOR DO TEMPO;Eu não sou senhor do tempo
Charlie Brown Jr.;SÓ OS LOUCOS SABEM;Agora eu sei exatamente o que fazer
Charlie Brown Jr.;TE LEVAR;Tive pensando em me mudar
Charlie Brown Jr.;ZÓIO D'LULA;Tirou a roupa entrou no mar...
Charlie Brown Jr. - Negra Li;NÃO É SÉRIO;Eu vejo na TV o que eles falam sobre o jovem nã
Chayene;VOA VOA BRABULETA (XOTE DA BRABULET;Ela gosta de ficar pegando fogo
Cheiro de Amor;DIAS DE SOL;Dias de Sol
Chelsia Chan;GRADUATION TEARS;And now is the time to say goodbye
Cher;BELIEVE;After love, after love After love, afte
Cher;STRONG ENOUGH;I don't need your sympathy
Chicabana;EU QUERO SÓ VOCÊ;Ô ô ô ô ô ô ô ô ô ô ô ô ô ô ô ô ô
Chicago;COLOUR MY WORLD;As time goes on realize just want
Chicago;HARD FOR ME TO SAY I'M SORRY;Ev'rybody needs a little time away...
Chicago;IF YOU LEAVE NOW;If you leave me now you'll take way
Chicago;MAKE ME SMILE;Children play in the park they don't
Chicago;YOU'RE THE INSPIRATION;You know our love was meant to be
Chicas;CARAS E BOCAS;Pra que conteúdo se a casca é bacana
Chiclete com Banana;A FILA ANDOU;Nananá nana nananá nananá nana nana
Chiclete com Banana;CEM POR CENTO VOCÊ;Lê lê... Um céu sem estrelas
Chiclete com Banana;CHORAREI AMOR;Já nem lembro de ti já nem sinto
Chiclete com Banana;DIGA PRA MIM;Tere tets te tere tets te te oba
Chiclete com Banana;DIGA QUE VALEU;Um beijo em você eu quero dar
Chiclete com Banana;EU QUERO ESSE AMOR;Eu vou voar atrás desse amor
Chiclete com Banana;FLUTUAR;Por isso vem cá me traz o amor
Chiclete com Banana;ME PEGUE SE QUISER;Me pegue se quiser e leve se puder ôh
Chiclete com Banana;NÃO VOU CHORAR;Por que será que tem que ser assim
Chiclete com Banana;PERFUME DE LUAR;Quando te vejo desperta o desejo…
Chiclete com Banana;POSSO SENTIR;Posso sentir chego a tocar na sua mão
Chiclete com Banana;QUERO CHICLETE;Chiclete chiclete quero chiclete chiclet
Chiclete com Banana;VOA, VOA;Pa êh ôh para rara rarara êh ôh
Chico Buarque;A RITA;A Rita levou meu sorriso no sorriso dela
Chico Buarque;A VOLTA DO MALANDRO;Eis o malandro na praça outra vez...
Chico Buarque;APESAR DE VOCÊ;Amanhã vai ser outro dia
Chico Buarque;AS VITRINES;Eu te vejo sumir por aí
Chico Buarque;BRISA DO MAR;Brisa do mar
Chico Buarque;BYE BYE BRASIL;Oi coração...
Chico Buarque;CAROLINA;Carolina
Chico Buarque;CIRANDA DA BAILARINA;Procurando bem todo mundo tem pereba
Chico Buarque;DESALENTO;Sim vai e diz
Chico Buarque;EU TE AMO;Ah se já perdemos a noção da hora
Chico Buarque;FUTUROS AMANTES;Não se afobe não que nada é pra já
Chico Buarque;GENI E O ZEPELIM;De tudo que é nego torto do mangue e do cais
Chico Buarque;GENTE HUMILDE;Tem certos dias em que eu penso em
Chico Buarque;GOTA D'ÁGUA;Já lhe dei meu corpo
Chico Buarque;HOMENAGEM AO MALANDRO;Eu fui fazer um samba em homenagem
Chico Buarque;MORENA DOS OLHOS D'ÁGUA;Morena dos olhos d'água
Chico Buarque;O QUE SERÁ;O que será que será
Chico Buarque;OLÊ OLÁ;Não chore ainda não
Chico Buarque;QUEM TE VIU, QUEM TE VÊ;Você era a mais bonita das cabrochas
Chico Buarque;RETRATO EM BRANCO E PRETO;Já conheço os passos dessa estrada
Chico Buarque;TROCANDO EM MIÚDOS;Eu vou lhe deixar a medida do Bonfim
Chico Buarque;VAI PASSAR;Vai passar nessa avenida...
Chico Buarque;VALSINHA;Um dia ele chegou tão diferente
Chico Buarque;O CADERNO;Sou eu que vou seguir voce
Chico Buarque;RODA VIVA;Tem dias que a gente se sente....
Chico Buarque - Elis Regina;NOITE DOS MASCARADOS;Quem é você
Chico Buarque e Elza Soares;FAÇAMOS (VAMOS AMAR);Os cidadãos no Japão fazem
Chico Buarque e Luisa Buarque;CEM MIL RÉIS;Você me pediu cem mil réis
Chico Buarque e Maria Bethânia;SEM FANTASIA;Vem meu menino vadio vem sem mentir…
Chico Buarque e Milton Nascimento;CÁLICE;Pai afasta de mim esse cálice
Chico Buarque e MPB4;AMIGO É PRA ESSAS COISAS;Salve... como é que vai
Chico Buarque e Nara Leão;JOÃO E MARIA;Agora eu era o herói...
Chico Buarque, Miúcha e Tom Jobim;MANINHA;Se lembra da fogueira
Chico César;MAMA ÁFRICA;Let me sing let me sing
Chico César;PÉTALA POR PÉTALA;A sua falta me fez ver o que de mal a vida pode t
Chico César;TEMPLO;Se você olha pra mim se me dá…
CANTOR;TÍTULO;INÍCIO DA LETRA
Chico Rey e Paraná;ALMA TRANSPARENTE;Te dei meu mundo minha vida o meu car
Chico Rey e Paraná;LEÃO DOMADO;Você é a maior paixão que eu tenho em minha vid
Chico Rey e Paraná;NÃO SÃO SÓ PALAVRAS LINDAS;É por nada que eu te quero é por tudo que me dá
Chimarruts;DO LADO DE CÁ;Uh uh uh uh
Chimarruts;EM BUSCA DA FÉ;Palavras que foram dadas com tom de amanhac
Chimarruts;PRA ELA;Se um dia alguém te deixou
Chimarruts;QUANDO O AMOR BATE A PORTA;Sorria amor que o melhor ainda está por vir
Chimarruts;VERSOS SIMPLES;Uhh yeh ah ah ah
Chiquititas;BERLINDA (BERLIN);Neste jogo só se diz a verdade se
Chiquititas;REMEXE (RECHUFAS);Tudo se transforma com magia
Chiquititas;CORAÇÃO COM BURAQUINHOS;Sabe o coraçao as vezes chora
Chitãozinho e Xororó;60 DIAS APAIXONADO;Viajando pra Mato Grosso
Chitãozinho e Xororó;A MINHA VIDA;Eu sei, eu aprendi a me aceitar do
Chitãozinho e Xororó;AI MARIA;Ai Maria
Chitãozinho e Xororó;ALÔ;Alô tô ligando pra saber como você está...
Chitãozinho e Xororó;ATÉ QUE TE CONHECI;Eu vivia tão contente, tão alegre...
Chitãozinho e Xororó;ATÉ VOCÊ VOLTAR;Eu hoje perguntei para o meu coração
Chitãozinho e Xororó;AVE MARIA;Ave Maria mãe abençoada virgem imaculada
Chitãozinho e Xororó;BAILÃO DE PEÃO;É bailão, é rodeio festa de peão também
Chitãozinho e Xororó;BRINCAR DE SER FELIZ;Tranquei a porta do meu peito
Chitãozinho e Xororó;CONFIDÊNCIAS;Abra os olhos do seu coração
Chitãozinho e Xororó;CORAÇÃO SERTANEJO;Andei, andei, andei até encontrar
Chitãozinho e Xororó;COWBOY DO ASFALTO;São três horas da manhã
Chitãozinho e Xororó;DEIXEI DE SER COWBOY POR ELA;Eu sempre acreditei no amor
Chitãozinho e Xororó;É AMOR, É PAIXÃO;Quanto mais o tempo passa
Chitãozinho e Xororó;É ASSIM QUE TE AMO;Sem me pedir você chegou assim
Chitãozinho e Xororó;ELA NÃO VAI MAIS CHORAR;Por tantas vezes eu menti
Chitãozinho e Xororó;ENCONTRO CASUAL;Boa noite um sorriso um encontro…
Chitãozinho e Xororó;ESSÊNCIA DO PRAZER;Então vai ser assim…
Chitãozinho e Xororó;EU E O SABIÁ;Ai quem me dera sabiá também…
Chitãozinho e Xororó;EU MENTI;Eu menti pra você...
Chitãozinho e Xororó;EVIDÊNCIA;Quando eu digo que deixei de te amar
Chitãozinho e Xororó;FALANDO ÀS PAREDES;Eu agora estou falando às paredes
Chitãozinho e Xororó;FAZ UM ANO;Se eu pudesse te contar como eu sofro noite e di
Chitãozinho e Xororó;FEITO EU;Caminhando sem saber pra onde
Chitãozinho e Xororó;FIO DE CABELO;Quando a gente ama qualquer coisa
Chitãozinho e Xororó;FOGÃO DE LENHA;Espere minha mãe estou voltando
Chitãozinho e Xororó;FOGE DE MIM;Eu conto com você nos momentos
Chitãozinho e Xororó;FRETE;Eu conheço cada palmo desse chão...
Chitãozinho e Xororó;GALINHADA;Acende o fogo espicha o frango e ti
Chitãozinho e Xororó;LOIRA GELADA;Hoje eu vou cair no mundo
Chitãozinho e Xororó;NA ABA DO MEU CHAPÉU;Ela me abraçou, me deu um beijo...
Chitãozinho e Xororó;NASCEMOS PRA CANTAR;O grande mestre do céu o nosso
Chitãozinho e Xororó;NO RANCHO FUNDO;No rancho fundo bem pra lá do fim do mundo
Chitãozinho e Xororó;NUVEM DE LÁGRIMAS;Há uma núvem de lágrimas
Chitãozinho e Xororó;O AMOR É MAIS FORTE;Tenho andado tão sozinho seguando a ...
Chitãozinho e Xororó;O HOMEM DE NAZARÉ;Ei, tá chegando o ano dois mil
Chitãozinho e Xororó;PÁGINA DE AMIGOS;Ela ligou terminando tudo entre eu e
Chitãozinho e Xororó;PALAVRAS (WORDS);Smile, an everlasting smile
Chitãozinho e Xororó;PÉ NA ESTRADA;Pé na estrada, lá vamos nós outra vez
Chitãozinho e Xororó;PENSANDO EM MINHA AMADA;Imagine um rapaz apaixonado...
Chitãozinho e Xororó;PLANETA AZUL;A vida e a natureza sempre à mercê
Chitãozinho e Xororó;PODE SER PRÁ VALER;Se você está aí sozinha
Chitãozinho e Xororó;PURA EMOÇÃO;Ela é mistério nesse jeito sério pode
Chitãozinho e Xororó;QUE AMOR É ESSE;Que forte amor é esse amor...
Chitãozinho e Xororó;SACO DE OURO;Um saco de estopa com embira amarra
Chitãozinho e Xororó;SE DEUS ME OUVISSE;Ah! Se Deus me ouvisse e mandasse
Chitãozinho e Xororó;SINÔNIMO;Quanto tempo o coração leva pra saber...
Chitãozinho e Xororó;SISTEMA BRUTO;Hoje não tem jeito hoje vai ou racha
Chitãozinho e Xororó;SÓ QUEM AMOU DEMAIS;Se já doeu demais a falta desse amor
Chitãozinho e Xororó;TE ESQUECER É IMPOSSÍVEL;Você ainda nem me disse por que tudo...
Chitãozinho e Xororó;UM HOMEM QUANDO AMA;Amigo, se você ama não tenha medo
Chitãozinho e Xororó;UM SONHO DE AMOR;De onde vem esse amor tão intenso...
Chitãozinho e Xororó;UM, DOIS, TRÊS;"Um dois três... ""Um"" descobri que..."
Chitãozinho e Xororó;VÁ PRO INFERNO COM SEU AMOR;Não adianta mais
Chitãozinho e Xororó;VEZ EM QUANDO VEM ME VER;Não toque em meus cabelos feito
Chitãozinho e Xororó part. Roupa Nov;FRIO DA NOITE (DON'T LET ME DOWN);Quero entender porque razão tudo...
Chitãozinho Xororó RMcEntire;CORAÇÃO VAZIO;Lá fora a chuva cai e o que acontece...
Chris de Burgh;LADY IN RED;I’ve never seen you looking so lovely...
Chris de Burgh;LOVE IS MY DECISION;And when they tell you that you're crazy
Chris de Burgh;SO BEAUTIFULL;I'm lying here tonight
Chris Rea;FOOL (IF YOU THINK IT'S OVER);A dyin' flame you're free again
Chris Thompson;IF YOU REMEMBER ME;When you remember me If you remember m
Christian e Cristiano;FÃ;Guarde o seu sorriso só pra mim
Christian e Ralf;AUSÊNCIA;Se eu te deixo sei que vai morrer
Christian e Ralf;CHEIRO DE SHAMPOO;Você me dá um beijo me pede…
Christian e Ralf;DESEJO DE AMAR;Pele macia, toda morena. Esse seu corpo
Christian e Ralf;ESSE AMOR QUE ME MATA;Tô sozinho e você tão longe sabe Deus
Christian e Ralf;IPÊ FLORIDO;Quando há muitos anos
Christian e Ralf;LOUCURA DEMAIS;Pra ganhar o seu amor eu de tudo sou capaz
Christian e Ralf;MINHA GIOCONDA;Do dia que nascemos e vivemos
Christian e Ralf;NOVA YORK;Essa é a história de um novo herói...
Christian e Ralf;O QUE TIVER DE VIR VIRÁ;Você não sabe que eu sei…
CANTOR;TÍTULO;INÍCIO DA LETRA
Christian e Ralf;ONDE VOCÊ FOR EU VOU;Quanta loucura a gente faz…
Christian e Ralf;SEM DOCUMENTO;Deixa-me atravessar o vento...
Christian e Ralf;SENSÍVEL DEMAIS;Hoje eu tive medo
Christian e Ralf;SOU EU;Ele te provoca pra mostrar que
Christian e Ralf;UM CANTINHO DO SEU CORAÇÃO;Tão só e apaixonado apaixonado...
Christian e Ralf;VIRA VIROU;Por causa de você
Christie;YELLOW RIVER;So long boy you can take my place...
Christina Aguilera;GENIE IN A BOTTLE;I feel like I've been locked up tight
Christina Aguilera;I TURN TO YOU;When I'm lost in the rain
Christopher Cross;ARTHUR'S THEME (BEST THAT YOU CAN DO;Once in your life you'll find her
Christopher Cross;I WILL TAKE YOU FOREVER;I was a man
Christopher Cross;NEVER BE THE SAME;It was good for me was good for you
Christopher Cross;SAILING;But it's not far down to paradise
Chrystian;DON'T SAY GOODBYE;Please don't say goodbye...
Chubby Checker;LET'S TWIST AGAIN;Come on everybody clap your hands
Chubby Checker;THE TWIST;Come on baby, let's do the twist...
Chuck Berry;JOHNNY B. GOOD;Deep down in Louisiana close to new
Ciculadô de Fulô;ÁGUAS MANSAS;A saudade lembra quando águas mansas
Cidade Negra;A COR DO SOL;Amor estamos atravessando...
Cidade Negra;A ESTRADA;Você não sabe o quanto eu caminhei…
Cidade Negra;A FLECHA E O VULCÃO;Se me chamar eu vou agora...
Cidade Negra;A SOMBRA DA MALDADE;Eu sei que ela
Cidade Negra;ALÉM DAS ONDAS;Além além além das ondas além além
Cidade Negra;CASA;É seu único lugar no mundo
Cidade Negra;DOUTOR;Ó doutor, tem que me ajudar
Cidade Negra;DOWNTOWN;Eu fiui eu fui eu fui eu fui eu fui
Cidade Negra;EU TAMBÉM QUERO BEIJAR;A flor do desejo e do maracuja...
Cidade Negra;FALAR A VERDADE;Vamos falar a verdade pra vocês
Cidade Negra;FIRMAMENTO;O que é que eu vou fazer agora
Cidade Negra;GIRASSOL;Tchuru...A favor da comunidade...
Cidade Negra;HOJE;Hoje eu acordei pensando
Cidade Negra;JOHNNY B. GOOD;Lá no meio da baixada um gueto do Bra
Cidade Negra;LUTA DE CLASSES;Tudo o que eu posso ver
Cidade Negra;MEU CORAÇÃO;Na iê na na na ô ô iô iô iô iô
Cidade Negra;MINHA IRMÃ;Ô, isso é que me faz sorrir
Cidade Negra;MUCAMA;Ô ô ô, que se espera de uma nação
Cidade Negra;NA MORAL;Há ah ah ah de se respirar.....
Cidade Negra;NEGRO REI;Ayê ayê Mãe África
Cidade Negra;O ERÊ;Uh, uh, uh, uh, uh, uh, uh, uh, uh, pra
Cidade Negra;O PARAÍSO TEM UM TEMPO BOM;Não me importa a onda que você está
Cidade Negra;ONDE VOCÊ MORA?;Amor igual ao teu eu nunca mais terei
Cidade Negra;PENSAMENTO;Você precisa saber o que se passa
Cidade Negra;QUEREM MEU SANGUE;Dizem que guardam bom lugar
Cidade Negra;SÁBADO À NOITE;Todo mundo espera alguma coisa...
Cinderela;BIBIDI-BABIDI-BU;Salagadula mexe cabula bibidi...
Cine;AS CORES;O vento bate a porta e não me engana
Circuladô de Fulô;CHUVA DE GELO;Acreditar num sonho bom…
Ciro Monteiro;SE ACASO VOCÊ CHEGASSE;Se acaso você chegasse e no meu
Clamor Pelas Nações (Ricardo Robort;QUANDO SINTO TEU TOQUE;Quando sinto Teu toque tudo em mim est
Clara Becker;NOVAMENTE;Me disse vai embora eu não fui…
Clara Nunes;AS FORÇAS DA NATUREZA;Quando o sol se derramar em toda a su
Clara Nunes;CANTO DAS TRÊS RAÇAS;Ninguém ouviu
Clara Nunes;CONTO DE AREIA;É água no mar é maré cheia ô
Clara Nunes;É BAIANA;É Baiana, ê ê ê Baiana, Baianinha
Clara Nunes;FEIRA DE MANGAIO;Fumo de rolo arreio de cangáia
Clara Nunes;GUERREIRA;Se vocês querem saber quem eu sou
Clara Nunes;JUIZO FINAL;O Sol há de brilhar mais uma vez
Clara Nunes;LAMA;Pelo curto tempo que você sumiu
Clara Nunes;MORENA DE ANGOLA;Morena de Angola...
Clara Nunes;O MAR SERENOU;O mar serenou quando ela pisou
Clara Nunes;PORTELA NA AVENIDA;Portela eu nunca vi coisa mais bela
Clara Nunes;SERRINHA;Serrinha é o império do samba chegando
Clara Nunes;TRISTEZA PÉ NO CHÃO;Dei um aperto de saudade no meu tambo
Clara Nunes;VOCÊ PASSA EU ACHO GRAÇA;Quis você pra meu amor
Cláudia Barroso;A VIDA É MESMO ASSIM;A vida é mesmo assim alguém tem que
Cláudia Barroso;AH SE EU FOSSE VOCÊ;Ah se eu fosse você não tomaria esta
Claudia Leitte;ÁGUA;Ioi ioi ioi
Claudia Leitte;AS MÁSCARAS;As máscaras vão cair
Claudia Leitte;BEIJAR NA BOCA;Eu estava numa vida de horror com a cabeça
Claudia Leitte;HORIZONTE;Noite à toa sentimento de querer bem
Claudia Leitte;LARGADINHO;Eu já falei pra você deixar de maresia
Claudia Leitte;PÁSSAROS;Eu conheço a imensidão do céu
Claudia Leitte;PRETO;Preto se você me der amor tudo de mim
Claudia Leitte e Belo;DON JUAN;Por muito tempo eu calei meu coração
Claudia Leitte e Dudu Nobre;ACONTECE QUE EU SOU BAIANO;Acontece que eu sou baiana
Claudia Leitte e Travis McCoy;FAMOSA (BILLIONAIRE);Eu quero ser muito famosa
Claudia Telles;FIM DE TARDE;Hoje eu sinto tanto não ter você.........
Cláudia Telles;A NOITE VAI CHEGAR;A noite vai chegar…
Cláudia Telles;EU PRECISO TE ESQUECER;Tudo se perdeu foi tudo em vão
Claudinho e Buchecha;COISA DE CINEMA;Hoje tudo tem que ser legal....
Claudinho e Buchecha;CONQUISTA;Sabe, tchu ru ru ru
Claudinho e Buchecha;MALES;Voçê não pensou voçê abusou...
Claudinho e Buchecha;NOSSO SONHO;Gatinha quero te encontrar vou falar
Claudinho e Buchecha;SÓ LOVE;Só love, só love, só love
CANTOR;TÍTULO;INÍCIO DA LETRA
Cláudio Fontana;ADEUS INGRATA;Hoje à noite partirei…
Claudio Zoli;CADA UM, CADA UM (A NAMORADEIRA);Foi bom te ver saber que você é feliz…
Claudio Zoli;FLOR DO FUTURO;Tudo bem
Claudio Zoli;IRA;Quando a vida lhe contraria
Claudio Zoli;NOITE DE PRAZER;A noite vai ser boa.....
Cláudio Zoli;PARAÍSO;Um aviso veio para nos dizer
Claus e Vanessa;MEDO DE AMAR;Tá com medo de amar é tá com medo do amor e
Cleber e Cauan;OUSADIA (HOJE EU QUERO TRAIR);Eu vou pra ousadia eu vou pra cachorrada
Cleiton e Camargo;AGENDA RABISCADA;Você fala por aí que não me ama
Cleiton e Camargo;ME ACERTOU EM CHEIO;É madrugada eu não consigo adormecer
Cleiton e Camargo;NA HORA DE AMAR;Seu olhar sempre está muito longe...
Cleiton e Camargo;OLHA PRA MIM;Tire essa dúvida do olhar...
Cleiton e Camargo;OUTRA CHANCE;Se você está sozinha em sua casa...
Cleiton e Camargo;QUANDO UM GRANDE AMOR SE FAZ;Todo amor parece no começo um
Cliff Richard;THE YOUNG ONE'S;The young one's
Cliff Richard;WE DON'T TALK ANYMORE;Used to think that life was sweet…
Clovers;LOVE POTION NUMBER NINE;I took my troubles down to Madam Ruth
Cogulomelo Plutão;ESPERANDO NA JANELA;Tchu... Quando me perdi...
Cogumelo Plutão;BEIJAR NA BOCA;Eu estava numa vida de horror
Coldplay;CLOCKS;Lights go out and I can't be saved
COM 22;TARDE DE OUTUBRO;Peguei minhas coisas e fui embora...
Commodores;EASY;I know it sounds funny....
Commodores;THERE TIME A LADY;Thanks for the times that you've
Companhia do Calypso;CARRO DE APAIXONAO;Carro de apaixonado tem que ter um so
Companhia do Calypso;DOCE TENTAÇÃO;Aumente o seu volume a Companhia vai
Companhia do Calypso;FALTOU CORAGEM;Nem disse adeus
Companhia do Calypso;GOODBYE AMOR;Lá vem você de novo com essa história
Companhia do Calypso;MEDO DE FALAR;Vai ver eu quero te mostrar
Companhia do Calypso;MENTIRAS NA CAMA;O que diz é da boca pra fora
Companhia do Calypso;SE MANCOL;Corta essa Don Juan conquistador bara
Companhia do Calypso;SEDUÇÃO;É muito bom o seu doce sabor
Companhia do Calypso;SÓ EU;Vem desfrutar do meu amor
Companhia do Calypso;TARARÁ;Tum tá tum tarará
Companhia do Pagode;A DANÇA DO ROBÔ;Essa é a nova dança que nós
Companhia do Pagode;MELÔ DO STRIP TEASE;Eu lhe disse que não bulisse
Companhia do Pagode;NA BOQUINHA DA GARRAFA;No samba ela me diz que rala
Companhia do Pagode;PINGOS DE LÁGRIMA;Pingos de lágrima molharam meu rosto
Companhia do Pagode;PSIU, PSIU;Psiu, Psiu...
Companhia do Pagode;SANDUÍCHE;Tá chegando pra ficar todo mundo
Comunidade da Zona Sul;DEBAIXO DO MEU PÉ;Eu fui no terreno do inimigo
Comunidade da Zona Sul;INCOMPARÁVEL;Tu não habitas em tendas
Comunidade De Nilópolis;BOM É ESTAR;Bom é estar em Tua casa Senhor...
Comunidade De Nilópolis;DEUS SARA ESTA NAÇÃO;Deus sara esta nação...
Comunidade De Nilópolis;NÃO HÁ DEUS MAIOR;Não há Deus maior não há Deus...
Comunidade Evangélica de Nilópolis;CELEBRAI COM JÚBILO;Celebrai com júbilo ao Senhor
Copacabana Beat;ME LEVA CONTIGO;Baby fala comigo diz se eu corro perigo
Copacabana Beat;MEL DA SUA BOCA;Como é doce o beijo quando vem
Coral Infantil;GARIBALDI;Garibaldi foi à missa num cavalo sem...
Coral Vencedores por Cristo;AO ORARMOS;Ao orarmos senhor
Coral Vencedores por Cristo;LOUVA DEUS;Louva Deus, louva Deus
Corrs (The);HEART LIKE A WHEEL;Some say the heart is just like a wheel
Costers;BESAME MUCHO;Besame besame mucho
Cover Girls;WISHING ON A STAR;I'm wishing on a star to follow where you
CPM 22;ALÉM DE NÓS;Eu sei
CPM 22;APOSTAS E CERTEZAS;Quantas vezes eu fugi
CPM 22;ATORDOADO;Foram-se os dias...
CPM 22;DESCONFIO;Sei como que as coisas são…
CPM 22;DIAS ATRÁS;Nunca mais espero te encontrar…
CPM 22;ESTRANHO NO ESPELHO;Quem você vê quando me olha
CPM 22;INEVITÁVEL;Inevitável nossos sonhos nossas vidas
CPM 22;IRREVERSÍVEL;A vida me sorri então
CPM 22;O MUNDO DÁ VOLTAS;Quando eu mais precisei nunca mais eu
CPM 22;UM MINUTO PARA O FIM DO MUNDO;Me sinto só
CPM 22;NOSSA MÚSICA;Lembro que disse
Crash Test Dummies;MMM MMM MMM MMM;Once there was this kid who got into an
Cravo e Canela;COISA BOA DEMAIS;Ai que coisa boa, coisa boa demais
Cravo e Canela;LÁ VEM O NEGÃO;Lá vem o negão cheio de paixão
Creed;MY OWN PRISION;A court is in session a verdict is in
Creed;WITH ARMS WIDE OPEN;Well I just heard the news today
Cristiano Araújo;FAZENDO BARÁ BERÊ;Bará bará bará berê berê berê
Cristiano Araujo - Gusttavo Lima;É FATO;Estou tentando manter esse amor esque
Cristina Mel;A MÃO DO MESTRE;No olhar de um irmão vejo
Cristina Mel;ALÉM DOS MIL HORIZONTES;Toda natureza humana
Cristina Mel;CRIADOR;Criador do mundo
Cristina Mel;DEUS PROVERÁ;Se estás passando aflição
Cristina Mel;FIRME NAS PROMESSAS;Firme nas promessas
Cristina Mel;LOUVEMOS AO REI;Toda glória, honra e majestade
Cristina Mel;MESTRE;Mestre tem lugar na minha casa se...
Cristina Mel;MEU AMIGO;Desde que eu pude conhecer
Cristina Mel;REFÚGIO DE AMOR;Ó, meu Senhor, vim te dizer
Cristina Mel;SAUDADE;Saudade é aquela dor no peito
Cristina Mel;VIDA OU SOLIDÃO?;Jesus disse assim jamais te deixarei
Cristina Mel;DEUS UNIU;O que Deus uniu não poderá jamais
Cristina Mel;ME LEVANTOU JESUS;Se a noite aparecer e o frio surpree
CANTOR;TÍTULO;INÍCIO DA LETRA
Cristina Mel;SE O ESPÍRITO SANTO TE TOCAR;Teu coração te diz que não tem jeito
Cristina Monteiro;OMBRO AMIGO;Você apareceu ferido
Cristina Monteiro;PEDRA FALSA;Deixa de bobagem corta essa de viver
Cristina Monteiro;SANTA MADRUGADA;Talvez um dia a gente possa se encontrar
Cristina Monteiro- L.Carlos;SEMPRE SOU EU;É...mais uma vez estou chorando
Crowded House;DON'T DREAM IT'S OVER;There is freedom within...
Crystal Gayle;DON'T IT MAKE MY BROWN EYES BLUE;Don't know when I've been so blue...
Culture Club;IT'S A MIRACLE;Guns that cross the street
Culture Club;KARMA CHAMALEON;Desert loving in your eyes all the way
Culture Club;MISTAKE NUMBER THREE;Can't bystand all the people
CW7;TUDO QUE EU SINTO;Faz muito tempo que eu te vi pela primeira vez
Cyndi Lauper;ALL THROUGH THE NIGHT;All through the night
Cyndi Lauper;THE GOONIES R GOOD ENOUGH;Here we are hanging' on to strains
Cyndi Lauper;TIME AFTER TIME;Lyin’ in my bed...
Cyndi Lauper;WHO LET IN THE RAIN;Things like this Can always take a little time
Cyz;DOCE MEL;Você tem um brilho no olhar
D'Black;REVOLTA;Diga ó vida me diga me dê direção
D'Black;SEM AR;Meus pés não tocam mais o chão
D'Black e Negra Li;UM MINUTO;Olha eu só tenho um minuto
Dado Dolabella;VEM NI MIM;Quando eu vejo uma mulher...
Dallas Company;CLIMA DE RODEIO;A magia está no ar vejo fogo…
Dalto;MUITO ESTRANHO;Hum mas se um dia eu chegar muito
Dalva de Oliveira;BANDEIRA BRANCA;Bandeira branca amor não posso...
Dalva de Oliveira;QUE SERÁ;Que será da minha vida…
Dalvan;AGORA OU NUNCA;Agora ou nunca vem me abraçar...
Dan Fogelberg;LONGER;Longer than there've been fishes in the
Daniel;A GATA DO MILÊNIO;Ela dança ela mexe ela dança ela mexe...
Daniel;A JIRIPOCA VAI PIAR;"Hoje a jiripoca vai ""piá"" vai..."
Daniel;A PRIMEIRA LETRA;Não sei o que se passa dentro da sua
Daniel;ADORO AMAR VOCÊ;Tá no meu paladar
Daniel;AMIGA;Você não aceita que eu te chame de a
Daniel;AMOR ABSOLUTO;Quanta pedreira a gente enfrentou
Daniel;AO MEU LADO OUTRA VEZ;Caminhos tem o céu mistérios...
Daniel;BOÊMIO APAIXONADO;Sou um viajante que passa
Daniel;BOTA PRA MOER;Bota pra moer bota no fogo pra ferver
Daniel;CAIPIRINHA;Tire seus olhos da minha frente
Daniel;DÁ-ME, DÁ-ME (DAME DAME);Dá-me dá-me dá-me…
Daniel;DAQUI NÃO SAIO;Eu já fiquei prisioneiro do seu coração...
Daniel;DECLARAÇÃO DE AMOR;Minha vida e o meu mundo...
Daniel;DENGO;Vem cá meu dengo vem comigo...
Daniel;DESATINO;Em um quarto de hotel loucamente…
Daniel;DIFÍCIL NÃO FALAR DE AMOR;Eu já te escrevi mil cartas
Daniel;DO FUNDO DO MEU CORAÇÃO;Eu cada vez que vi você chegar
Daniel;DO OUTRO LADO DO RÁDIO;Ei você do outro lado do rádio
Daniel;EMBRIAGADO DE AMOR;Eu pensei que a minha base.............
Daniel;ENCANTO DA NATUREZA;Tu que não tiveste a felicidade...
Daniel;EU AMO AMAR VOCÊ;Eu ando louco de saudade de você
Daniel;JOGADO NA RUA;Eu ando largado na rua faz uma...
Daniel;O AMOR É PODEROSO;O pó da nossa roupa já denunciou
Daniel;OS AMANTES;Qualquer dia qualquer hora
Daniel;PAIXÃO CAIPIRA;Vou pela estrada da minha saudade
Daniel;PEÃO APAIXONADO;Eu vou com tudo hoje eu não fico…
Daniel;PRA FALAR A VERDADE;Um amigo me falou a poeira vai...
Daniel;PRA SEMPRE TE AMAR;Não somos duas crianças
Daniel;QUANDO ACABA UMA PAIXÃO;Quando acaba uma paixão os sorrisos
Daniel;QUANDO O CORAÇÃO SE APAIXONA;Quando o coração da gente se...
Daniel;QUASE LOUCO;Lá fora a chuva cai
Daniel;QUE ERA EU;Um dia você vai procurar por mim...
Daniel;QUE QUI TEM, QUE QUI TEM;Chega de blá blá blá chega de nhém nhém
Daniel;QUEM DIRIA, HEIN?;Quem diria hein...
Daniel;QUERIDA;Eu não sei dizer como te esquecer
Daniel;SEUS BEIJOS;Quero sentir o leve toque das suas...
Daniel;SHOW DE BOLA;Vem cá meu bem pro escurinho...
Daniel;SÓ SEU AMOR NÃO VAI EMBORA;Todas as lembranças suas eu desfiz...
Daniel;TANTINHO;Fiz essa canção em coma de amor
Daniel;TEM ALGUÉM NO SEU LUGAR;Ontem ela me ligou e chorou de soluç
Daniel;UM BEIJO PRA ENLOUQUECER;Às vezes perto de você eu juro...
Daniel;UM HOMEM APAIXONADO;Se você vive ao pé do telefone…
Daniel;VAI DAR SAMBA;Gosto e isso não é nenhum...
Daniel;VIDA MINHA;Olha lá vem o sol vai chegar novo dia…
Daniel;FLÔR E COLIBRI;Eu queria talvez que você fosse flor...
Daniel e Camilo;MEU REINO ENCANTADO;Eu nasci num recanto feliz...
Daniel Jobim;BONITA DEMAIS;Por que você que é tão bonita
Daniel Powter;BAD DAY;Where is the moment we needed the most
Daniela Mercury;A PRIMEIRA VISTA;Quando não tinha nada eu quis
Daniela Mercury;BATUQUE;Tá no batuque que balança nego
Daniela Mercury;BEAT LAMENTO;Meu coração batecum por você...
Daniela Mercury;COMO VAI VOCÊ;Como vai você, eu preciso saber...
Daniela Mercury;FEIJÃO DE CORDA;Compraria o mundo inteiro...
Daniela Mercury;MINAS COM BAHIA;Sacudir estrelas despertar desejo...
Daniela Mercury;MÚSICA DE RUA;Alegria agora agora e amanhã
Daniela Mercury;MUTANTE;Kiss me baby kiss me baby...
Daniela Mercury;NOBRE VAGABUNDO;Quanto tempo tenho pra matar essa
Daniela Mercury;O CANTO DA CIDADE;A cor dessa cidade sou eu
CANTOR;TÍTULO;INÍCIO DA LETRA
Daniela Mercury;O MAIS BELO DOS BELOS;Quem é que sobe a ladeira do
Daniela Mercury;RAPUNZEL;Love as suas tranças de mel
Daniela Mercury;SÓ NO BALANÇO DO MAR;Tchuru tchuru...Já naveguei maremoto..
Daniela Mercury;SÓ PRA TE MOSTRAR;Não quero nada que não venha de nós
Daniela Mercury;SWING DA COR;Não, não me abandone
Daniela Mercury;VOCÊ NÃO ENTENDE NADA;Quando eu chego em casa nada
Daniela Mércury;AMOR DE NINGUÉM;Meu bem não chore
Daniela Mércury;ILÊ PÉROLA NEGRA;O canto do negro veio lá do alto...
Daniela Mércury;LEVADA BRASILEIRA;Capoeira din din din din din don
Daniela Mércury;MEU PLANO;Tchururu.... Meu plano era deixar...
Daniela Mércury;PENSAR EM VOCÊ;É só pensar em você que muda o dia
Daniela Mércury;SANTA HELENA;Saiu na quarta-feira
Daniela Mércury;SOL DO SUL;Eu trago o sol
Daniela Mércury;TRIO METAL;A massa em lata invadia metida a he
Daniela Mercury - Jon Secada;SE EU NÃO TE ENCONTRASSE (Disney);Se eu não te encontrasse
Daniela Mércury e Aleh;DONA DA BANCA;Ela é dona do jogo ela é dona da ba
Daniela Mércury e Jammil e Uma Noit;QUERO A FELICIDADE;Quero toda alegria que há
Danilo Caymmi;NADA A PERDER;Nada a perder pra quem não tinha nada a
Danni Carlos;COISAS QUE EU SEI;Eu quero ficar perto de tudo o que a
Danni Carlos;DOCE SAL;Tem que amar com fé tem que morrer de
Dave McLean;ME AND YOU;Give me only a smile
David Bowie;AS THE WORLD FALLS DOWN;There's such a sad love deep in your eyes
David Castle;YOU'RE TOO FAR AWAY;You say that you're been used
David Lee Roth;JUST A GIGOLO;I'm just a gigolo and everywhere I go
David M.Quinlan;ABRA OS OLHOS DO MEU CORAÇÃO;Abra os olhos do meu coração
David M.Quinlan;ACENDE O FOGO EM MIM;Não deixe o meu amor se esfriar
David M.Quinlan;ÁGUAS PROFUNDAS;Vem sobre nós como a chuva
David M.Quinlan;É ASSIM QUE NÓS VENCEMOS;Tua luz rompeu minha noite
David M.Quinlan;ESSÊNCIA DA ADORAÇÃO;Quando a música esmorece
David M.Quinlan;GERAÇÃO QUE DANÇA;Tua graça nos faz dançar com toda for
Dayane Taylor;LOVE WILL LEAD YOU BACK;Saying goodbye is never an easy thing…
Debbie Boone;YOU LIGHT UP MY LIFE;So many nights I'd sit by my window
Debbie Gibson;FOOLISH BEAT;There was a time when
Debbie Gibson;ONLY IN MY DREAMS;Ah ah ah ah ah ah ah
Deborah Blando;A LUZ QUE ACENDE O OLHAR;A luz que acende o olhar…
Deborah Blando;ÁGUIAS;Eu não consigo mais ter que esconder
Deborah Blando;CHOCOLATE COM PIMENTA;Um frio queimando e um calor de chove...
Deborah Blando;CONTRATO ASSINADO;Você esqueceu um detalhe
Deborah Blando;GATA;Vem que eu tô doida pra pirar te amar
Deborah Blando;INDIVISÍVEL;Corre em minhas veias sonhos
Deborah Blando;INNOCENCE;O céu esconde o que eu queria ver...
Deborah Blando;JUNTO COM O TEU SONHO;No mundo vão tentar tirar o seu valor
Deborah Blando;PRÓPRIAS MENTIRAS;Cuide do seu nariz você fala demais...
Deborah Blando;SOMENTE O SOL;Somente o sol você e eu
Deborah Blando;ÚLTIMA ESTÓRIA;Quando eu fecho os olhos e me sinto
Deborah Blando;UNICAMENTE;Vem sentir a era das águas
Deep Blue Something;BREAKFAST AT TIFFANY'S;You'll say we've got nothing in common...
Deep Purple;SOLDIER OF FORTUNE;I have often told you stories about
Degradée;MAIS QUE UM SONHADOR;Quando a noite vem começo a pensar
Delta Goodrem;BORN TO TRY;Doing everything that I believe in
Demis Roussos;FOREVER AND EVER;Ever and ever forever and ever....
Demônios da Garoa;IRACEMA;La laio...Iracema eu nunca mais...
Demônios da Garoa;SAMBA DO ARNESTO;O Arnesto nos convidô prum samba
Demônios da Garoa;SAMBA ITALIANO;Piove piove
Demônios da Garoa;SAUDOSA MALOCA;Se o sinhô não tá lembrado
Demônios da Garoa;TREM DAS ONZE;Não posso ficar nem mais um minuto
Depeche Mode;CONDEMNATION;Condemnation Tried
Depeche Mode;ENJOY THE SILENCE;Words like violence break the silence
Depeche Mode;STRANGE LOVE;There'll be times
Derek & The Dominos;LAYLA;What'll you do when you get lonely
Destiny's Child;SURVIVOR;Now that you are out of my life
Detonautas;DIA COMUM;Por que você se faz o que não pode ser
Detonautas;NÃO RECLAME MAIS;Não reclame mais no meu ouvido
Detonautas;O AMANHÃ;Quando vem o amanhã incerto
Detonautas;O DIA QUE NÃO TERMINOU;Me sinto tão estranho aqui que mal posso
Detonautas;O INFERNO SÃO OS OUTROS;O que seria da tua beleza
Detonautas;OLHOS CERTOS;Tento te encontrar
Detonautas;OUTRO LUGAR;Ainda vou te levar pra outro lugar…
Detonautas;QUANDO O SOL SE FOR;Penso no que faço…
Detonautas;TÊNIS ROCK;Peguei meu tênis e fui atrás do meu
Detonautas;UM CARA DE SORTE;Hoje eu acordei com uma vontade
Detonautas;VOCÊ ME FAZ TÃO BEM;Quando eu me perco é quando eu te enc
Dhi Ribeiro;AULA DE MATEMÁTICA;Pra que dividir sem raciocinar
Diana;AINDA QUEIMA A ESPERANÇA;Uma vela está queimando hoje é nosso
Diana;FOI TUDO CULPA DO AMOR;Peço perdão mais uma vez se compliquei
Diana;PORQUE BRIGAMOS;Quanto mais eu penso em lhe deixar
Diana King;I SAY A LITTLE PRAYER;Say a little prayer for you
Diana Krall;CRY ME A RIVER;Now you say you're lonely
Diana Pequena;BLOWIN IN THE WIND;Quantos caminhos um homem deve andar...
Diana Ross;DO YOU KNOW WHERE YOU’RE GOIN’ TO;Do you know where you’re goin’ to...
Diana Ross;MISSING YOU;Since you've been away
Diana Ross;ONE LOVE IN MY LIFETIME;Ooh... yeah....From rags to riches here...
Diante do Trono;ACLAME AO SENHOR;Meu Jesus Salvador outro igual não há
CANTOR;TÍTULO;INÍCIO DA LETRA
Diante do Trono;ADORAMOS O CORDEIRO;Jesus...
Diante do Trono;ÁGUAS PURIFICADORAS;Existe um rio Senhor
Diante do Trono;AMIGO FIEL;Não há maior não há igual a ti
Diante do Trono;CORAÇÃO IGUAL AO TEU;Se tu olhares Senhor pra dentro de mim
Diante do Trono;ESPERANÇA;Quando estou só
Diante do Trono;LEVA-ME;Longe de Ti não quero ficar
Diante do Trono;MANANCIAL;Senhor estou aqui para Te adorar
Diante do Trono;ME DERRAMAR;Eis-me aqui outra vez
Diante do Trono;NÃO TEMAS;Não temas não temas não temas....
Diante do Trono;NOS BRAÇOS DO PAI;Pai estou aqui olha para mim
Diante do Trono;O CHEIRO DAS ÁGUAS;Há esperança para o ferido
Diante do Trono;PRECISO DE TI;Preciso de Ti preciso do Teu perdão
Diante do Trono;QUÃO GRANDE ÉS TU;Tu és digno de todo o louvou Senhor...
Diante do Trono;QUERO CELEBRAR;Quero celebar minha nova vida...
Diante do Trono;QUERO ME APAIXONAR;Tenho saudades saudades de Ti
Diante do Trono;SEJA O CENTRO;Seja o centro seja o tudo
Diante do Trono;TUA CHUVA;Posso sentir um cheiro suave no ar
Diante do Trono (Crianças);AMIGO DE DEUS;Eu quero ser amigo amigo de Deus
Diante do Trono (Crianças);ESCONDE-ESCONDE;Deus conhece o meu coração
Diante do Trono (Crianças);O AMOR DO NOSSO DEUS;Jesus deixou toda sua glória
Dick Farney;COPACABANA;Existem praias tão lindas cheia de luz
Dick Farney;MARINA;Marina morena Marina você se pintou
Dick Farney;NEM EU;Não fazes favor nenhum em gostar...
Dick Farney;NICK BAR;Foi neste bar pequenino onde encontre
Dick Farney e part. Claudete Soares;PRECISO APRENDER A SER SÓ;Ah se eu pudesse fazer entender...
Dicró;FUNERAL DO RICARDÃO;Fecharam
Dicró;MELÔ DA GALINHA;Você sai de casa igual uma bonequinha
Dido;HUNTER;With one light on in one room
Dido;THANK YOU;My tea's gone cold,
Dino e Deny;CORUJA;Coruja o nome que eu dei àquele…
Diogo Nogueira;BATENDO A PORTA;Como é que vai saúde boa
Diogo Nogueira;CHEGOU O AMOR;Ela chegou no meu samba bonita de ver
Diogo Nogueira;MALANDRO É MALANDRO E MANÉ É MANÉ;Malandro é malandro e mané é mané
Diogo Nogueira;PRA QUE DISCUTIR COM MADAME;Madame diz que a raça não melhora
Dionne Warwick;I’LL NEVER FALL IN LOVE AGAIN;What do you get when you fall in love...
Dionne Warwick;NO NIGHT'S SO LONG;An old friend told me
Dionne Warwick;THAT'S WHAT FRIENDS ARE FOR;And I never thought I'd feel this way
Dionne Warwick e Bee Gees;HEARTBREAKER;I've got to say it and it's hard for me
Dire Straits;BROTHERS IN ARMS;These mist covered mountains
Dire Straits;YOUR LATEST TRICK;All the late night bargains....
DJ Maluco;BAR DO TOBAS;Tobas é um cara muito conhecido
Djavan;AÇAÍ;Solidão de manhã...
Djavan;ÁLIBI;Havia mais que um desejo
Djavan;BOA NOITE;Meu ar de dominador
Djavan;CAIR EM SI;Às vezes parece um tambor
Djavan;CAPIM;Capim do vale
Djavan;CELEUMA;Não me deixe sem me ouvir falar
Djavan;CIGANO;Te querer viver mais pra ser exato…
Djavan;DELÍRIO DOS MORTAIS;Rio
Djavan;DESANDOU;Me diga já o que foi que aconteceu
Djavan;DESENHO DE GIZ;Quem quer viver um amor
Djavan;DIA AZUL;Tu somente tu…
Djavan;É HORA;É hora de trabalhar
Djavan;EU TE DEVORO;Teus sinais
Djavan;FALTANDO UM PEDAÇO;O amor é um grande laço...
Djavan;FARINHA;A farinha é feita
Djavan;FLOR DE LIS;Valei-me Deus é o fim do nosso amor
Djavan;FLOR DO MEDO;Venha me beijar de uma vez
Djavan;INFINITO;To perdido por alguém
Djavan;LEI;Vou lhe contar nem dá pra crer
Djavan;LILÁS;Amanhã outro dia lua sai
Djavan;LINHA DO EQUADOR;Luz das estrelas laço do infinito
Djavan;MEU BEM QUERER;Meu bem querer é segredo é sagrado
Djavan;MUNDO VASTO;Conta pra pagar a vida é o mesmo bea
Djavan;NEM UM DIA;Um dia frio um bom lugar pra ler
Djavan;OCEANO;Assim que o dia amanheceu
Djavan;OUTONO;Um olhar uma luz ou um par de pérolas
Djavan;PÉTALA;O seu amor reluz que nem riqueza
Djavan;SABES MENTIR;Sabes mentir
Djavan;SAMURAI;Ah! Quanto querer cabe em meu
Djavan;SE ACONTECER;As estrelas brilham sem saber...
Djavan;SE...;Você disse que não sabe se não
Djavan;SERRADO;Se o Senhor me for louvado…
Djavan;SINA;Pai e mãe ouro de mina coração
Djavan;UM AMOR PURO;O que há dentro do meu coração
Djavan & Cássia Eller;MILAGREIRO;Agora vamos ter os girassóis…
Do Jeito Que Eu Gosto;DO JEITO QUE EU GOSTO;La laiá...Foi bom te encontrar eva
Doce Encontro;AMOR JOGADO FORA;Faz tempo que eu não venho aqui
Doce Encontro;LUGARES PROIBIDOS;Eu gosto do claro
Doce Encontro;PERDOA;Perdoa
Doce Encontro;TÔ DE SACO CHEIO;La laiá laiá laiá laiá
Dolores Duran;A NOITE DO MEU BEM;Hoje eu quero a rosa mais linda
Domenico Modugno;DIO COME TI AMO;Nel cielo passano le nuvole
Domenico Modugno;NEL BLU DIPINTO DI BLU;Penso che un sogno cosi non ritorni m
CANTOR;TÍTULO;INÍCIO DA LETRA
Domenico Modugno;PIOVE;Ciao ciao bambina un bacio ancora
Dominguinhos;EU SÓ QUERO UM XODÓ;Qua falta eu sinto de um bem
Dominguinhos;ISSO AQUI TÁ BOM DEMAIS;Olha isso aqui tá muito bom
Dominó;COM TODOS MENOS COMIGO;Vai por aí com uns e com outros e passa por mim
Dominó;COMPANHEIRO;O sol está brilhando ô ô ô
Dominó;ELA NÃO GOSTA DE MIM;Eu levo jeito no esporte sou bom
Dominó;MANEQUIM;Um sonho vindo na passarela
Dominó;P DA VIDA;Tô p da vida
Don Beto;PENSANDO NELA;Quando a chuva me molhar pelas ruas v
Don Gibson;NEVER ON SUNDAY;Oh you can kiss me on a monday
Don McLean;CRYING;I was all right for a while...
Donato e Estefano;MI DIOS Y MI CRUZ;Uh...uh...
Donizete;GALOPEIRA(GALOPERA);Foi num baile em Assuncion...
Donny Osmond;A TIME FOR US;A time for us someday will be
Doobie Brothers;LISTEN TO THE MUSIC;Don't you feel it growin'
Doobie Brothers;WHAT A FOOL BELIEVES;He came from somewhere back in her long
Doors;BREAK ON THROUGH;You know the day destroys the night
Doors;LIGHT MY FIRE;You know that it would be untrue...
Dori Edson;VOCÊ É CRIANÇA PRA MIM;Pegue sua boneca e vê se vai brincar
Doris Day;QUE SERA SERA;When I was just a little girl
Dóris Monteiro;É ISSO AÍ (ISSO É PROBLEMA DELA);Preparei uma roda de samba só pra el
Dorival Caymmi;O BEM E O MAL;Eu guardo em mim dois corações
Dorival Caymmi;RETIRANTES;Lê lê lê lê lê lê lê lê lê lê
Dorival Caymmi;VATAPÁ;Quem quiser vatapá ô que procure faze
Dorival Caymmi e Nana Caymmi;ACALANTO;É tão tarde a manhã já vem
Double;THE CAPTAIN OF HER HEART;It was way past midnight...
Double You;LOOKING AT MY GIRL;It happened long ago when I don't know
Double You;RUN TO ME;You gotta run to me oh can't you see
Double You;SHE'S BEAUTIFUL;Tell me baby what you are going to do
Double You;WE ALL NEED LOVE;We all need love we all need love
Dr. Silvana e Cia;EH OH EH OH;Você parece preocupado
Dr. Silvana e Cia;SERÃO EXTRA;New Iguaçu três e meia da madrugada
Dr.Hook;SEXY EYES;I was sitting all alone…
Drifters;MY GIRL;I've got sunshine on a cloudy day
Drifters;SAVE THE LAST DANCE FOR ME;You can dance every dance with the guy
Duda;NÃO FAZ ASSIM COMIGO NÃO;Não faz assim comigo não vai machucar
Dudu França;GRILO NA CUCA;Grilo na cuca grilo na cuca
Dudu Nobre;A GRANDE FAMÍLIA;Esta família é muito unida
Dudu Nobre;FELIZ DA VIDA;Neném vem me dar um...
Dudu Nobre;GOIABADA CASCÃO;Goiabada cascão em caixa...
Dudu Nobre;NO MEXE MEXE NO BOLE BOLE;Tô querendo esse seu amor...
Dudu Nobre;TEMPO DE DON DON;No tempo que Don Don jogava no...
Duduca e Dalvan;RASTROS NA AREIA;O sonho que tive esta noite
Dulca Pontes;CANÇÃO DO MAR;Fui bailar no batel além do mar...
Duran Duran;A VIEW TO A KILL;Meeting you with a view to a kill
Duran Duran;NOTORIOUS;No no notorious notorious
Duran Duran;SAVE A PRAYER;You saw me standing by the wall
É o Tchan;A LOURINHA;Sei que a lourinha geladinha
É o Tchan;A NOVA LOIRA DO TCHAN;Luz na passarela que lá vem ela...
É o Tchan;BAMBOLÊ;Vem na pegada do bambo do bambo...
É o Tchan;DANÇA DO PÕE, PÕE;Olha o Tchan que já chegou
É o Tchan;DENGO DE MULHERES;Toda moça tem um dengo
É o Tchan;DISQUE TCHAN (ALÔ, É TCHAN);Pega no compasso no passo dessa
É o Tchan;ESTÁTUA;Venha comigo requebrar
É o Tchan;MALHAÇÃO;Vou lhe dizer é bom malhar
É o Tchan;MELÔ DO TCHACO II;Frente do tchaco pro lado e prá trás
É o Tchan;RALANDO O TCHAN;Essa é a mistura do Brasil com o Egito
É o Tchan;TRIBOTCHAN;Uh uh... Essa a tribotchan...
É o Tchan;LAMBA TCHAN;Pi pará pirô pi para pirô...
Eagles;DESPERADO;Desperado You've been out ridin fences…
Eagles;HOTEL CALIFORNIA;On a dark desert highway
Eagles;LOVE WILL KEEP US ALIVE;I was standing
Eagles;ONE OF THESE NIGHTS;One of these nights
Eagles;THE GIRL FROM YESTERDAY;It wasn't really sad the way they said
Eagles;WAITING IN THE WEEDS;It's comin' on the end of August
Eagles;WHAT DO I DO WITH MY HEART;You don't have to say a word
Earl Grant;THE END;At the end of a rainbow
Ed Motta;BANANEIRA;Bananeira não sei bananeira será
Ed Motta;COLOMBINA;Se você voltar pra mim...
Ed Motta;FORA DA LEI;Cidade nua, noite neon
Ed Motta;MANUEL;Manuel foi pro céu
Ed Motta;TEM ESPAÇO NA VAN;Se arruma aqui que tá bom
Ed Motta;VENDAVAL;Tá tudo bem mas não me leve a mal
Ed Motta;VOCÊ MENTIU PRA MIM;É um absurdo quase o fim...
Ed Motta e Flávio Venturini;NASCENTE;Clareia manhã...
Ed Motta e Maria Rita;A TURMA DA PILANTRAGEM;Essa pilantragem que eu quero com voc
Ed Wilson;BIQUÍNI DE BOLINHA AMARELINHO;Ana Maria entrou na cabine
Ednardo;PAVÃO MYSTERIOZO;Pavão mysterioso passaro formoso.....
Edoardo Vianello;O MIO SIGNORE;O mio Signore in questo mondo
Edson;COMO EU QUERIA TE AMAR;Mais uma vez
Edson;UMA CANÇÃO PRA VOCÊ;Como uma flecha em meu coração
Edson Cordeiro;IT'S RAINING MEN;Humidity is rising barometer's gettin
Edson Cordeiro;TIPO ZERO;Você é um tipo que não tem tipo
Edson Cordeiro;Y.M.C.A.;Young man
CANTOR;TÍTULO;INÍCIO DA LETRA
Edson e Hudson;A FORÇA DA PAIXÃO;Deus fez a Terra e o mar...
Edson e Hudson;AZUL;Foi na manhã em que eu te encontrei…
Edson e Hudson;CIÚME EXAGERADO;Já sofri já chorei
Edson e Hudson;ENTRA NA ARENA;Se você quer se divertir
Edson e Hudson;FALA;Fala que entendi errado
Edson e Hudson;FOI DEUS;Foi Deus
Edson e Hudson;MIL RAZÕES PARA CHORAR;Não sei por que aqui voltei...
Edson e Hudson;NÃO VOU DAR MORAL;Vai chorar vai sofrer vai me ligar
Edson e Hudson;O BICHO VAI PEGAR;O chão vai tremer o bicho vai pegar
Edson e Hudson;POR QUE CHORA A TARDE;Por que chora a tarde
Edson e Hudson;PORTA RETRATO;Parecia um sonho a gente ficar junto...
Edson e Hudson;PRA NÃO CHORAR;Às vezes por impulso
Edson e Hudson;SAUDADE;Saudade bate no peito ela vem pra ma
Edson e Hudson;TE QUERO PRA MIM;Chego em casa já é de manhã
Edson e Hudson e Bruno e Marrone;IMPREVISÍVEL;Como esquecer o seu olhar
Edu Ribeiro;DE MAIS NINGUÉM;Se você quiser me ensinar
Edu Ribeiro;ME NAMORA;Lembro que te vi caminhar
Edu Ribeiro;O SOL, A LIS E O BEIJA-FLOR;Tchururururu... Flor de lis não vá dizer
Eduardo Andrade;SÓ DEUS PODE AMAR-TE MAIS;Pedi a Deus alguém pra mim
Eduardo Araújo;O BOM;Meu carro é vermelho
Eduardo Araújo;RUA AUGUSTA;Entrei na rua Augusta a cento e vinte
Eduardo Costa;A CARTA;Estou escrevendo esta carta meio aos
Eduardo Costa;ACABOU O AMOR;Olha estou tentando entender
Eduardo Costa;AMOR DE VIOLEIRO;Moça eu não sei falar
Eduardo Costa;AMORES IMORTAIS;Amores imortais
Eduardo Costa;CACHACEIRO;Dizem que eu sou cachaceiro
Eduardo Costa;CANSEI DE SER PALHAÇO;Brigou chingou me deixou jogando amor
Eduardo Costa;CENA DE UM FILME;Eu amei um alguém que me amou pra val
Eduardo Costa;COMIGO A FILA ANDA;Beber eu bebo chorar eu choro
Eduardo Costa;CORAÇÃO ABERTO;A gente tem que conversar
Eduardo Costa;EU APOSTO;Eu aposto
Eduardo Costa;EU DUVIDO;Você pode revirar o mundo
Eduardo Costa;ME APAIXONEI;A primeira vez que eu te vi
Eduardo Costa;MELHOR OU PIOR;Vou caminhar por uma estrada
Eduardo Costa;NÃO VALEU PRA VOCÊ;Não valeu pra você foi uma noite ape
Eduardo Costa;PRESENTE DE DEUS;Hoje quando parei pra pensar
Eduardo Costa;PRIMEIRO DE ABRIL;Se eu bebi
Eduardo Costa;TÔ INDO EMBORA;O que eu não tenho em casa
Eduardo Costa - Paula Fernandes;MEU GRITO DE AMOR;Me dei demais
Eduardo Costa e Amado Batista;AMIGO;Amigo fica um pouco aqui comigo
Eduardo Costa e Bruno e Marrone;VOCÊ FOI ATRIZ;Vou tentar te esquecer mas não vou pro
Eduardo Duzek;ALÔ, ALÔ BRASIL;Alô alô... quem fala é do Brasil
Eduardo Duzek;BARRADOS NO BAILE;Uapa pararu rara uapapa para...
Eduardo Duzek;CABELOS NEGROS;Eu quero seus cabelos negros
Eduardo Duzek;CANTANDO NO BANHEIRO;Cantando no banheiro berrando no chuv
Eduardo Duzek;DOMÉSTICA;Foi trabalhar recomendada
Eduardo Duzek;EU QUERO;Tchuru... Eu quero seus cabelos negros...
Eduardo Duzek;GULA;Comer
Eduardo Duzek;LUZ DE VELAS;Oh, oh, oh,... Vi seu olhar, seu olhar
Eduardo Duzek;NOSTRADAMUS;Naquela manhã eu acordei tarde de bo
Eduardo Duzek;ROCK DA CACHORRA;Uau... Bap thuba... Troque seu cachorro...
Eduardo Duzek;TAMANHO NÃO É DOCUMENTO;Eu sou pequeno por fora mas grande por
Elba Ramalho;AI QUE SAUDADE D'OCÊ;Não se admire se um dia um...
Elba Ramalho;AMPLIDÃO;Deixa eu te guardar a casa é sua
Elba Ramalho;BANHO DE CHEIRO;Eu quero um banho de cheiro
Elba Ramalho;BATE CORAÇÃO;Bate bate bate coração
Elba Ramalho;CANÇÃO DA DESPEDIDA;Já vou embora mas sei que vou voltar
Elba Ramalho;CASA, COMIDA E PAIXÃO;Lá se vai o meu amor...
Elba Ramalho;CHÃO DE GIZ;Desço dessa solidão
Elba Ramalho;CIRANDA DA ROSA VERMELHA;Teu beijo doce tem sabor do mel da cana
Elba Ramalho;DE VOLTA PRO ACONCHEGO;Estou de volta pro meu aconchego
Elba Ramalho;DO JEITO QUE A GENTE GOSTA;Cai cai morena no fuá que ainda é cedo
Elba Ramalho;É SÓ VOCÊ QUERER;O meu amor é seu
Elba Ramalho;ENTRE O CÉU E O MAR;Quantos labirintos tem o meu coração..
Elba Ramalho;ESTRADA DO SERTÃO;Coisa que não arrenego nem tão…
Elba Ramalho;FOLIA BRASILEIRA;Tem que ter molejo meu bem
Elba Ramalho;JOGO DE CINTURA;Você tem que ter jogo de cintura
Elba Ramalho;O MEU AMOR;O meu amor
Elba Ramalho;SETE CANTIGAS PARA VOAR;Cantiga de campo de concentração
Elba Ramalho;TOQUE DE FOLE;Toque sanfoneiro um forró bem animad
Elba, Zé Ramalho, Alceu e Zé Geraldo;TAXI LUNAR;Ela me deu o seu amor eu tomei...
Eliana;A FORÇA DO MESTRE;Para ser um grande mestre Pokémon...
Eliana;CORRE COTIA;Vamos brincar de roda vamos vamos...
Eliana;PERNA E PÉ;Cabeça ombro perna e pé perna e pé...
Eliana;PRIMAVERA;Respiramos alegria é a primavera..
Eliana;DEDINHOS;Ou ou dedinhos...
Eliana de Lima;APENAS MATRIZ;Você diz que eu te faço infeliz
Eliana de Lima;DESEJO DE AMAR;Foi sem querer que derramei toda
Eliana de Lima;DRINK DO AMOR;Olá você não sabe como é bom te ver
Eliana de Lima;QUERO FICAR COM VOCÊ;Ah... Os meus olhos querem te
Eliana de Lima;SAUDADE DANADA;Como dói a solidão preciso do
Eliana de Lima;VOLTA PRA ELA;Quando você chegou em mim
Eliana e Molejo;DIA DE ALEGRIA;Hoje é dia de folia...
Elias Muniz;FLOR DE MAIO;Você é a flor mais pura o amor mais
CANTOR;TÍTULO;INÍCIO DA LETRA
Elis Regina;ÁGUAS DE MARÇO;É pau é pedra
Elis Regina;ALÔ ALÔ MARCIANO;Alô, Alô marciano...
Elis Regina;ALTOS E BAIXOS;Foi quem sabe esse disco
Elis Regina;AOS NOSSOS FILHOS;Perdoem a cara amarrada
Elis Regina;APRENDENDO A JOGAR;Vivendo e aprendendo a jogar…
Elis Regina;ARRASTÃO;Ê tem jangada no mar
Elis Regina;AS APARÊNCIAS ENGANAM;As aparências enganam
Elis Regina;ATRÁS DA PORTA;Quando olhaste bem nos olhos meus...
Elis Regina;BALA COM BALA;A sala cala o jornal prepara
Elis Regina;BASTA DE CLAMARES INOCÊNCIA;Basta de clamares inocência
Elis Regina;BOA NOITE AMOR;Boa noite amor meu grande amor
Elis Regina;CAI DENTRO;Até que eu vou gostar
Elis Regina;CARTOMANTE;Nos dias de hoje é bom que se proteja...
Elis Regina;CASA NO CAMPO;Eu quero uma casa no campo...
Elis Regina;CAXANGÁ;Sempre no coração
Elis Regina;CHOVENDO NA ROSEIRA;Olha está chovendo na roseira
Elis Regina;COMO NOSSOS PAIS;Não quero lhe falar meu grande amor
Elis Regina;CORRIDA DE JANGADA;Meu mestre deu a partida
Elis Regina;DOIS PRA LÁ, DOIS PRA CÁ;Sentindo frio em minh'alma
Elis Regina;É COM ESSE QUE EU VOU;É com esse que eu vou sambar até cair
Elis Regina;FASCINAÇÃO;Os sonhos mais lindos sonhei
Elis Regina;GRACIAS A LA VIDA;Gracias a la vida que me ha dado
Elis Regina;LAPINHA;Quando eu morrer me enterre na Lapinha
Elis Regina;MADALENA;Oh Madalena o meu peito percebeu
Elis Regina;ME DEIXAS LOUCA;Quando caminho pela rua lado
Elis Regina;NADA SERÁ COMO ANTES;Eu já estou com o pé nessa estrada…
Elis Regina;O BÊBADO E A EQUILIBRISTA;Caía a tarde feito um viaduto
Elis Regina;O CAVALEIRO E OS MOINHOS;Acreditar na existência dourada
Elis Regina;O MESTRE-SALA DOS MARES;Há muito tempo nas águas da....
Elis Regina;O QUE FOI FEITO DEVERÁ;O que foi feito amigo…
Elis Regina;O RANCHO DA GOIABADA;Os bóias frias quando tomam
Elis Regina;QUERO;Quero ver o sol atrás do muro
Elis Regina;ROMARIA;É de sonho e de pó o destino de um só
Elis Regina;SABIÁ;Vou voltar sei que ainda vou voltar
Elis Regina;TIRO AO ÁLVARO;De tanto levar frechada do teu olhar
Elis Regina;TRANSVERSAL DO TEMPO;As coisas que eu sei de mim
Elis Regina;TRISTE;Triste é viver na solidão
Elis Regina;UPA NEGUINHO;Upa neguinho na estrada upa pra lá...
Elis Regina;VELHA ROUPA COLORIDA;Você não sente, não vê...
Elis Regina;VOU DEITAR E ROLAR;Não venha querer se consolar
Elis Regina e Tom Jobim;SÓ TINHA QUE SER COM VOCÊ;É só eu sei quanto amor eu guardei…
Elizângela;PERTINHO DE VOCÊ;Uh uh uh ... Pertinho de você, em cada vez que
Elizeth Cardoso;CANÇÃO DA VOLTA;Nunca mais vou fazer o que meu coração
Elizeth Cardoso;ÚLTIMA FORMA;É como eu falei não ia durar
Elson;TALISMÃ;Sabe quanto tempo eu não te vejo
Elton John;BENNIE AND THE JETS;Hey kids shake it loose together...
Elton John;BLUE EYES;Blue eyes baby’s got blue eyes...
Elton John;CAN YOU FEEL THE LOVE TONIGHT;There's a calm surrender to the rush of
Elton John;CANDLE IN THE WIND;Goodbye England's rose
Elton John;CROCODILE ROCK;I remember when the rock was young
Elton John;DANIEL;Daniel is travelin’ tonight on a plane...
Elton John;DON’T GO BREAKING MY HEART;Don’t go breaking my heart...
Elton John;EMPTY GARDEN;What happened here…
Elton John;FRIENDS;I hope the day will be a lighter...
Elton John;GOODBYE YELLOW BRICK ROAD;When are you gonna come down...
Elton John;I DON'T WANNA GO ON WITH YOU LIKE THA;I've always said that one's enough to lo
Elton John;LITTLE JEANNIE;Oh little Jeannie you got so much love
Elton John;NIKITA;Hey Nikita is it cold...
Elton John;ROCKET MAN;She packed my bags last night preflight…
Elton John;SACRIFICE;It’s a human sign when things go wrong...
Elton John;SAD SONGS;Guess there are times
Elton John;SKYLINE PIGEON;Turn me loose from your hands...
Elton John;YOUR SONG;It's a little bit funny this feeling in
Elton John & George Michael;DON'T LET THE SUN GO DOWN ON ME;I can't light no more of your darkness
Elvis Costello;SHE;She maybe the face I can't forget
Elvis Presley;ARE YOU LONESOME TONIGHT?;Are you lonesome tonight?
Elvis Presley;BURNING LOVE;Lord almighty I feel my temperature
Elvis Presley;CANT HELP FALLIN' IN LOVE;Wise man say only fools rush in
Elvis Presley;DON’T BE CRUEL;Ah, you know I can be found...
Elvis Presley;I REALLY DON'T WANT TO KNOW;How many arms have held you
Elvis Presley;IN THE GHETTO;As the snow flies…
Elvis Presley;IT'S NOW OR NEVER;It's now or never come hold me tight
Elvis Presley;KISS ME QUICK;Mmm, Kiss me quick...
Elvis Presley;LOVE ME TENDER;Love me tender love me sweet
Elvis Presley;RETURN TO SENDER;Return to sender return to sender..
Elvis Presley;SURRENDER;When we kiss my heart’s on fire...
Elvis Presley;SUSPICIOUS MINDS;We’re caught in a trap I can’t walk out...
Elvis Presley;TEDDY BEAR;A-baby let me be your lovin' teddy bear....
Elvis Presley;THE WONDER OF YOU;When no one else can understand me
Elvis Presley;TOO MUCH;Well honey I love you too much…
Elvis Presley;YOU’VE LOST THAT LOVIN’ FEELIN’;You never close your eyes...
Elymar Santos;AMOR SEM CENSURA;Se a cabeça não pensar
Elymar Santos;CORAÇÃO VADIO;Coração cigano coração vadio
Elymar Santos;DEZ A DEZ;Eu gosto tanto dessas nossas aventura
CANTOR;TÍTULO;INÍCIO DA LETRA
Elymar Santos;ESCANCARANDO DE VEZ;Tem certas coisas, que são muito...
Elymar Santos;JAMAIS DEIXEI DE AMAR VOCÊ;Tá certo, não tenho palavras...
Elymar Santos;MAL DE AMOR;Independe de mim
Elymar Santos;PÔXA;Pôxa...como foi bacana te encontrar
Elymar Santos;TEU JOGO;Conheço esse jogo
Elza Soares;CADEIRA VAZIA;Entra meu amor fica à vontade…
Elza Soares;MULATA ASSANHADA;Ô mulata assanhada
Elza Soares;SAMBA DA MINHA TERRA;O samba da minha terra deixa
Emílio Santiago;CADÊ JUÍZO;Meu bem não trate o amor assim
Emílio Santiago;ESSA FASE DO AMOR;Essa fase do amor é bonita demais
Emílio Santiago;FLAMBOYANT;Por quantas noites eu me vi desencantar
Emílio Santiago;LA SIGNORA DI TRENT'ANNI FA;Il cuor mio indiscreto pace ancor non
Emílio Santiago;LESÕES CORPORAIS;Nós dois já não somos os mesmos não
Emílio Santiago;LOGO AGORA;Logo agora
Emílio Santiago;MASCARADO;Vejo agora este teu lindo olhar
Emílio Santiago;MULHER;Não sei que intensa magia
Emílio Santiago;PERFUME SIAMÊS;Mas que prazer te rever que bom
Emílio Santiago;ROSA MORENA;Rosa morena
Emílio Santiago;SAIGON;Tantas palavras meias palavras
Emílio Santiago;TÁ TUDO ERRADO;Tá tudo errado entre nós o coração me diz
Emílio Santiago;TRISTEZA DE NÓS DOIS;Quando a noite vem
Emílio Santiago;VERDADE CHINESA;Era só isso que eu queria da vida
Emílio Santiago;VOCÊ;Você manhã de todo meu você
Emílio Santiago- V. Sabino;TUDO QUE SE QUER;Olha nos meus olhos esquece
Empreguetes;VIDA DE EMPREGUETE;Todo dia acordo cedo moro longe do
En Vogue;DON'T LET GO (LOVE);What's it gonna be? 'Cause I can't prete...
Engenheiros do Hawaii;A PERIGO;Planos de Vôo tava tudo em cima
Engenheiros do Hawaii;A PROMESSA;Não vejo nada
Engenheiros do Hawaii;ARMAS QUÍMICAS E POEMAS;Eu me lembro muito bem como se fosse
Engenheiros do Hawaii;ATÉ O FIM;Não vim até aqui pra desistir agora
Engenheiros do Hawaii;DEPOIS DE NÓS;Hoje os ventos do destino
Engenheiros do Hawaii;DOM QUIXOTE;Muito prazer meu nome é otário
Engenheiros do Hawaii;ERA UM GAROTO;Era um garoto que como eu
Engenheiros do Hawaii;EU QUE NÃO AMO VOCÊ;Eu que não fumo queria um cigarro
Engenheiros do Hawaii;INFINITA HIGHAWAY;Telefono te procuro....
Engenheiros do Hawaii;NOVOS HORIZONTES;Corpos em movimento universo...
Engenheiros do Hawaii;NÚMEROS;Última edição do Guiness Book corações a mais
Engenheiros do Hawaii;O PAPA É POP;Todo mundo tá relendo o que nunca foi...
Engenheiros do Hawaii;PRA SER SINCERO;Pra ser sincero não espero de você
Engenheiros do Hawaii;REFRÃO DE BOLERO;Eu que falei nem pensar
Engenheiros do Hawaii;SOMOS QUEM PODEMOS SER;Um dia me disseram
Engenheiros do Hawaii;TERCEIRA DO PLURAL;Corrida pra vender cigarro
Engenheiros do Hawaii;TODA FORMA DE PODER;Eu presto atenção no que eles dizem
Engenheiros do Hawaii;VIDA REAL;Cai a noite sobre a minha indecisão
Engerbert Humperdinck;RELEASE ME;Please release me, let me go
Enrique Iglesias, Sandy e Junior;YOU'RE MY Number 1;I´ve kissed the moon a million times...
Enzo e Rodrigo;TRAZ DE VOLTA A MINHA VIDA;Outra vez você se foi e nem sei se vai
Erasmo Carlos;FESTA DE ARROMBA;Vejam só que festa de arromba
Erasmo Carlos;FILHO ÚNICO;Ei mãe não sou mais menino
Erasmo Carlos;LERO LERO;Meu bem
Erasmo Carlos;MINHA FAMA DE MAU;Meu bem às vezes diz que deseja
Erasmo Carlos;O CADERNINHO;Eu queria ser o seu caderninho
Erasmo Carlos;PEGA NA MENTIRA;Zico tá no Vasco com Pelé...
Erasmo Carlos;SENTADO À BEIRA DO CAMINHO;Eu não posso mais ficar aqui...
Erasmo Carlos;VEM QUENTE QUE EU ESTOU FERVENDO;Se você quer brigar e acha que com
Erasmo Carlos;MULHER (SEXO FRÁGIL);Dizem que a mulher é o sexo frágil...
Erasmo Carlos e Marisa Monte;MAIS UM NA MULTIDÃO;Guarde segredo que te quero......
Erasmo Carlos e Renato Russo;A CARTA;Escrevo-te estas mal traçadas linhas
Erasure;A LITTLE RESPECT;I try to discover…
Erasure;STAR;We go waiting for the stars
Eric Burdon & The Animals;SAN FRANCISCAN NIGHTS;Strobe lights beam creates dreams…
Eric Carmen;MAKE ME LOSE CONTROL;I run a comb through my hair…
Eric Clapton;BAD LOVE;Oh what a feeling I get when I’m with...
Eric Clapton;CHANGE THE WORLD;If I can reach the stars Pull one down
Eric Clapton;COCAINE;If you wanna hang out…
Eric Clapton;LET IT GROW;Standin'at the cross road trying to
Eric Clapton;TEARS IN HEAVEN;Would you know my name
Eric Clapton;WONDERFUL TONIGHT;It's late in the evening
Erick e Léo;LOCUTOR;Tô num celular falando de um bar
Etta James;STORMY WEATHER;Don't know why
Eurythmics;SWEET DREAMS;Sweet dreams are made of this
Eurythmics;THE MIRACLE OF LOVE;How many sorrows do you try to hide
Evaldo Braga;A CRUZ QUE CARREGO;Sinto que é grande a tristeza…
Evaldo Braga;SORRIA, SORRIA;Sorria meu bem Sorria...
Evaldo Braga;TUDO FIZERAM PRA ME DERROTAR;Tudo fizeram pra me derrotar
Evanescence;BRING ME TO LIFE;How can you see into my eyes
Evanescence;CALL ME WHEN YOU'RE SOBER;Don't cry to me if you loved me
Evanescence;GOING UNDER;Now I will tell you what I've done for y
Evanescence;LITHIUM;Lithium don't want to lock me up inside
Evanescence;MY IMMORTAL;I'm so tired being here
Evanescence & Seether;BROKEN;I wanted you to know
Everly Brothers;LET IT BE ME;I bless the day I found you
Evinha;CANTIGA POR LUCIANA;Manhã no peito de um cantor
Evinha;CASACO MARROM;Eu vou voltar aos velhos tempos de mim
CANTOR;TÍTULO;INÍCIO DA LETRA
Exaltasamba;40 GRAUS DE AMOR;Meu coração é o teu lugar
Exaltasamba;A GENTE FAZ A FESTA;Ela curte um funk ela é de balada
Exaltasamba;ABANDONADO;No pagode é lá laiá laiá... Abandonado
Exaltasamba;ACABA TUDO BEM;La laiá laiá laiá laiá
Exaltasamba;ARMADILHA;Dessa vez te peguei de jeito
Exaltasamba;CARTÃO POSTAL;Como sempre distraída te filmei...
Exaltasamba;DESLIGA E VEM;Por favor, me diz quem é você...
Exaltasamba;DEZ A UM;Quantas vezes dormi com o astro-rei
Exaltasamba;DOIDINHO;Vem menina com teu sabor e me beija
Exaltasamba;É VOCÊ;É você
Exaltasamba;EU CHORO;Você pensa que só você chora...
Exaltasamba;FAÇA O QUE EU DIGO;Faça o que eu digo joga de banda...
Exaltasamba;FUI;Quando o coração da gente
Exaltasamba;GAMEI;Quando eu vi, me amarrei
Exaltasamba;JÁ TENTEI;Impossível entender…
Exaltasamba;JOGO DE SEDUÇÃO;Lê...
Exaltasamba;LOUCA PAIXÃO;Vem a noite e eu tão só doidinho pra te
Exaltasamba;LUZ DO DESEJO;Apague a luz, deita ao meu lado
Exaltasamba;MAIS UMA VEZ;Ainda procuro um jeito...
Exaltasamba;ME APAIXONEI PELA PESSOA ERRADA;Eu não tenho culpa de estar
Exaltasamba;MEGASTAR;Pra te amar...
Exaltasamba;MINHA RAZÃO;Eu me apaixonei tão de repente
Exaltasamba;NÃO SERIA JUSTO;Tá chegando a hora de te encontrar
Exaltasamba;POR TÃO POUCO;Por tão pouco eu perdi você
Exaltasamba;QUEM É VOCÊ;Quem é você pra mudar assim...
Exaltasamba;SE LIGA;Já faz um tempo que eu venho te falan
Exaltasamba;SINCERA;Mais que amiga foi um xodó
Exaltasamba;TÁ VENDO AQUELA LUA;Te filmando eu tava quieto no meu canto
Exaltasamba;TELEGRAMA;Ah! Que saudade de você estou
Exaltasamba;UM MINUTO;Ai brincadeira de negrão cê sabe qual é
Exaltasamba;VALEU;Valeu... Aproveita...
Exaltasamba;VEM PRA FICAR COMIGO;Me bateu a saudade cadê você...
Exaltasamba;LIVRE PRA VOAR;Quando a gente se encontrar
Exaltasamba-Mariana Rios;VIVER SEM TI;Eu não vou saber viver sem ti
Exaltassamba e Zeca Pagodinho;CHORO DE ALEGRIA;Chora chora que chorar faz bem...
Extreme;MORE THAN WORDS;Saying I love you
Eyshila;FALA COMIGO;Fala comigo fala Senhor
Eyshila;POSSO CLAMAR;Mestre o vento balançou meu barco
Eyshila;TERREMOTO;Seja qual for o teu problema amigo
Fábio;STELLA;Stella... em que estrela você
Fábio e Tim Maia;ATÉ PARECE QUE FOI SONHO;Menina você não sabe do jeito que es
Fábio Júnior;A CÚMPLICE;Eu quero uma mulher que seja diferen
Fábio Júnior;ABANDONO;Se voltar não faça espanto
Fábio Júnior;ALMA GÊMEA;Por você eu tenho e faço tudo que puder
Fábio Júnior;AMARRADOS;Nós estamos amarrados um ao outro
Fábio Júnior;CAÇA E CAÇADOR;Você pintou como um sonho
Fábio Júnior;CASA COMIGO;Eu sem você sou pedaço metade
Fábio Júnior;CHICO XAVIER;Chico Xavier Chico Xavier
Fábio Júnior;CHORO;Tem hora que bate uma tristeza tão grande
Fábio Júnior;COMPROMISSO;A gente tem um compromisso...
Fábio Júnior;DESEJOS E DELÍRIOS;Amor é uma palavra que enfeita
Fábio Júnior;DOU MINHA PALAVRA;Sabe a madrugada faz barulho
Fábio Júnior;EM CADA AMANHECER;Quando a noite traz o silêncio…
Fábio Júnior;ENTREGA;Você foi chegando de mansinho
Fábio Júnior;EU NUNCA ESTIVE TÃO APAIXONADO;O que eu pude eu vou fazer
Fábio Júnior;FELICIDADE;Um jeito, um gesto envolto de...
Fábio Júnior;IMPOSSÍVEL ACREDITAR QUE PERDI VOCÊ;Não, eu não consigo acreditar
Fábio Júnior;LUA;Lua cheia meio displicente
Fábio Júnior;MINHA OUTRA METADE;Sabe eu vou tentar de novo...
Fábio Júnior;NA CANÇÃO;Isso é pra quem não acredita...
Fábio Júnior;O QUE É QUE HÁ;O que é que há ?
Fábio Júnior;OBRIGADO;Obrigado por ter me concedido a vida
Fábio Júnior;PAI;Pai, pode ser que daqui a
Fábio Júnior;PAREÇO UM MENINO;Apenas você tem o dom de guiar meu
Fábio Júnior;QUANDO GIRA O MUNDO;Tudo tudo pode acontecer
Fábio Júnior;SEM PESO E SEM MEDIDA;Quando a noite desce com um beijo...
Fábio Júnior;SENTA AQUI;Senta aqui...
Fábio Júnior;SEU MELHOR AMIGO;Olha menina mostre o seu pensamento...
Fábio Júnior;SÓ VOCÊ;Demorei muito pra te encontrar
Fábio Júnior;VINTE E POUCOS ANOS;Você já sabe me conhece muito bem
Fábio Júnior;VOLTA;Quantas noites não durmo a
Fábio Júnior;VOLTA AO COMEÇO;Todo caminho tem tem ida e volta
Fábio Junior e Bonnie Tyler;SEM LIMITES PRA SONHAR;Há uma chance da gente se encontrar ...
Fabrício e Fabian;BATEU, FICOU;Bateu ficou
Fafá de Belém;ABANDONADA;Abandonada por você
Fafá de Belém;ÁGUAS PASSADAS;Eu sempre disse a mim mesma que águas
Fafá de Belém;AMOR DA MINHA VIDA;Amor da minha vida que faço sem você
Fafá de Belém;AVE MARIA;Ave Maria nos seus andores...
Fafá de Belém;BANDOLEIRO;Bandoleiro bandoleiro
Fafá de Belém;CONVERSA BONITA;Você se chega e me tira para bailar
Fafá de Belém;CORAÇÃO APRENDIZ;Não precisa explicar
Fafá de Belém;CORAÇÃO DO AGRESTE;Regressar é reunir dois lados...
Fafá de Belém;CORAÇÃO XONADO;Lá laiá laiá laiá laiá laiá laiá la
Fafá de Belém;ETERNAMENTE;Só mesmo o tempo pode revelar
CANTOR;TÍTULO;INÍCIO DA LETRA
Fafá de Belém;FILHO DA BAHIA;Ah moreno ah moreno
Fafá de Belém;FOI ASSIM;Foi assim, como um resto de sol
Fafá de Belém;HARAGANA;Meu cigarro de palha
Fafá de Belém;MEMÓRIAS;Você foi a maior das minhas
Fafá de Belém;MEU DISFARCE;Você vê esse meu jeito de pessoa lib
Fafá de Belém;PAUAPIXUNA;Uma cantiga de amor se mexeu
Fafá de Belém;QUE ME VENHA ESSE HOMEM;Que me venha esse homem depois de alg
Fafá de Belém;UM HOMEM QUE AMEI;Quando acordo à cada manhã
Fafá de Belém;SOB MEDIDA;Se voçê crê em deus...
Fágner;À SOMBRA DE UM VULCÂO;Nunca houve uma mulher como você
Fágner;ASA PARTIDA;Essa saudade o cigarro a luz acesa
Fágner;BORBULHAS DE AMOR;Tenho um coração dividido entre
Fágner;CANTEIROS;Quando penso em você
Fágner;DESLIZES;Não sei porque insisto tanto em te querer
Fágner;ENDOIDECEU;Você endoideceu meu coração
Fágner;ESPUMAS AO VENTO;Sei que aí dentro ainda mora...
Fágner;ETERNAS ONDAS;Quanto tempo temos antes de voltarem
Fágner;FANATISMO;Minh'alma de sonhar-te anda perdida
Fágner;FAZ DE CONTA;Nem sempre andei assim nem
Fágner;GUERREIRO MENINO;Um homem também chora menina...
Fágner;LEMBRANÇAS DE UM BEIJO;Quando a saudade invade o coração
Fágner;MUCURIPE;As velas do Mucuripe vão sair para
Fágner;MUITO AMOR;Amor febril amor viril amor adolesce…
Fágner;NOTURNO;O aço dos meus olhos
Fágner;NUNCA;Nunca nem que o mundo caia sobre mim
Fágner;O ÚLTIMO PAU-DE-ARARA;A vida aqui só é ruim quando não…
Fágner;ORAÇÃO DE SÃO FRANCISCO;Senhor fazei-me instrumento
Fágner;QUEM ME LEVARÁ SOU EU;Amigos a gente encontra o mundo não...
Fágner;REVELAÇÃO;Um dia vestido de saudade viva…
Fágner;ROMANCE NO DESERTO;Eu tenho a boca que arde como o sol
Fágner;TODO SEU QUERER;Quando o amor olha pra você…
Fágner;VIAJANTE;É viajando pelas estradas
Fagner, Zezé e Luciano;RETROVISOR;Onde a máquina me leva não há nada...
Faith Hill;BREATHE;I can feel the magic floating in the ai....
Faith No More;A SMALL VICTORY;A hierarchy
Falamansa;A FALTA;Não suporto mais te ver assim...
Falamansa;AVISA;Quero ver quem segura essa barra...
Falamansa;CEM ANOS;É...Não foi por falta de me avisar...
Falamansa;MEDO DE ESCURO;Tem dias que...
Falamansa;MIOU;Essa mania de te amar de longe
Falamansa;OH CHUVA;Você que tem medo de chuva…
Falamansa;RINDO A TOA;Tô numa boa tô aqui de novo...
Falamansa;SOLUÇÃO (ESSA É PRA VOCÊS);Eu nem dormi direito isso não é defeito
Falamansa;TEMPO DE PAZ;Tudo que eu te desejo é sorte nessa
Falamansa;XOTE DA ALEGRIA;Se um dia alguém mandou...
Falamansa;XOTE DOS MILAGRES;Escrevi seu nome na areia...
Falcão;ELA ME TRAIU USANDO O RESTO DAS CAMI;Ela me traiu
Falcão;HOLLIDAY FOI MUITO;O homem nasce
Falcão;IZALTINA;Isaltina olha o tamanho da lombriga
Fama Coral;ESPERANÇA;Quem aqui chegou quem aqui chegar…
Familia Lima;TEU BEIJO;Por tanto tempo esperei...
Família Lima;FUNICULI' FUNICULA';Ajesera Nannine' me ne sagliette
Fanzine;UMA HISTÓRIA DE AMOR;Deixa eu lembrar de você
Fat Family;EU NÃO VOU;Se você demorar eu não vou...
Fat Family;GULOSA;U hu a ha... Vem você sabe como fazer...
Fat Family;JEITO SEXY;Oh baby dance, dance, dance...
Fat Family;MADRUGADA;Êh ei... Eu gosto é da madrugada...
Fat Family;OH HAPPY DAY;Oh happy day oh happy day...
Fátima Guedes;CHEIRO DE MATO;Ai ai o mato o cheiro o céu
Fátima Guedes;FLOR DE IR EMBORA;Flor de ir embora
Fátima Leão;QUASE ME CHAMOU DE AMOR;Foram tantas indiretas eu nem percebi
Fausto Fawcett;KÁTIA FLÁVIA;Kátia Flávia é uma louraça
Felipe Dillon;MUSA DO VERÃO;Você, sereia tropical vestida...
Fernanda Abreu;RIO BABILÔNIA;Há há ei ei há há ei ei
Fernanda Abreu;VENENO DA LATA;Mil novecentos e noventa e cinco
Fernanda Abreu e Herbert Vianna;UM AMOR, UM LUGAR;O meu amor é teu o meu desejo é meu
Fernanda Brum;PARA SEMPRE;Gozo paz e santidade eu vou buscar...
Fernanda Brum;SONHOS;Planos que mudam sonhos tão reais...
Fernanda Brum;AMAR VOCÊ;Quando o amor toca o coração
Fernanda Brum;AMO O SENHOR;Amo o Senhor meu Salvador
Fernanda Brum;APENAS UM TOQUE;Com o olhar apaixonado
Fernanda Brum;EM TUA PRESENÇA;Existe um lugar
Fernanda Brum;O QUE DIZ MEU CORAÇÃO;Será que você pode ouvir o que diz me
Fernanda Brum e Emerson Pinheiro;NOS TEUS OLHOS;Os seus olhos estão cheios de amor
Fernanda Porto;SAMBASSIM;Comecei um sambassim sem pandeiro ou
Fernanda Porto;TUDO DE BOM;Só poderia ser sempre com você…
Fernanda Porto;VOCÊ E EU;Eu não sei se te amo
Fernanda Takai;CANTA MARIA;Canta Maria a melodia singela
Fernanda Takai;INSENSATEZ;Ah insensatez que você fez
Fernanda Takai;TREVO DE QUATRO FOLHAS;Vivo esperando e procurando
Fernandinho;HÁ UM RIO;Há um rio cujas águas são limpas
Fernando e Sorocaba;A CASA CAIU;Eu tenho mais o que fazer
Fernando e Sorocaba;A VERDADE;Diz pra ela que eu mudei de cidade
Fernando e Sorocaba;AQUI A TRISTEZA PULA DE ALEGRIA;Eu quero festa eu quero farra
CANTOR;TÍTULO;INÍCIO DA LETRA
Fernando e Sorocaba;AS MINA PIRA;Dá balão no namorado desliga o celular
Fernando e Sorocaba;ATÉ O FINAL;No começo eu tentava te fazer me ama
Fernando e Sorocaba;BALA DE PRATA;Criminosa
Fernando e Sorocaba;CELEBRIDADE;Tá famosa
Fernando e Sorocaba;DA COR DO PECADO;Corpo moreno sarado gostoso
Fernando e Sorocaba;DELEGADA;Delegada
Fernando e Sorocaba;É TENSO;É meu defeito eu bebo mesmo
Fernando e Sorocaba;MADRI;Que saudade amor
Fernando e Sorocaba;NOITE ENLUARADA;Noite enluarada hoje vou te amar
Fernando e Sorocaba;PAGA PAU;Você diz que não me ama você diz que
Fernando e Sorocaba;QUE RAIVA QUE DÁ;Ela me tocou de casa diz que não é pr
Fernando e Sorocaba;TÔ PASSANDO MAL;Passei flagrei olhei
Fernando e Sorocaba;VÊ SE PARA COM ESSA MARRA;Você não me escuta mas eu falo sério
Fernando e Sorocaba;VENDAVAL;Vendaval, ela devasta a minha vida
Fernando e Sorocaba-Luan Santana;EVEREST;Eu vou contar meu segredo falar pro mundo
Fernando Mendes;A MENINA DO SUBÚRBIO;Trabalhou o dia inteiro sem tempo pra
Fernando Mendes;CADEIRA DE RODAS;Sentada na porta...
Fernando Mendes;CAMINHO INCERTO;No seu leito triste se encontrava só
Fernando Mendes;DE QUE VALE TER TUDO NA VIDA;Nada mais importa agora
Fernando Mendes;MEU PRIMEIRO AMOR;Foi numa festa outro dia
Filhos de Jorge;ZIRIGUIDUM;Ziguiriguidum... Rebolou vem no ziriguidum
Filhos do Homem;CORDEIRO SANTO;A Tua cruz o Teu fardo meu pecado ap
Filhos do Homem;TOQUE DE CURA;Senhor
Filosofia Reggae;SENTIMENTO BOM;O Sol a Lua e as estrelas
Fincabaute;COISA DE MALUCO;É coisa de maluco alguém falou...
Fino Coletivo;UMA RAIZ UMA FLOR;Não diga que as estrelas estão mortas
Fiuk e Jorge Benjor;QUERO TODA NOITE;Eu não consigo mais dormir à noite
Five;DON'T WANNA LET YOU GO;Uh uh uh uh uh
Flavio Venturini;UM NOVO AMOR;O meu coração é como um barco à deri
Flávio Venturini;CABARÉ DA SEREIA;Espuma no ar Reveillon
Flávio Venturini;NOITES COM SOL;Ouvi dizer que são milagres
Fleetwood Mac;AFFAIRS OF THE HEART;One set of doors was the color of honey…
Fleetwood Mac;ANGEL;Sometimes the most beautiful thing…
Fleetwood Mac;DREAMS;Now here you go again
Fleetwood Mac;GYPSY;So I'm back to the velvet underground…
Fleetwood Mac;SARA;Wait a minute baby
Flor de Cheiro;MENINO LINDO;Menino lindo eu preciso do teu beijo
Floribella;É PRA VOCÊ MEU CORAÇÃO;Uma história sua história
Floribella;POR QUE;Vejo cair as gotas dessa chuva tão
Flying Machine;SMILE A LITTLE SMILE FOR ME;You really should accept
Fogo e Glória (David Quinlan);ENCHE ESTE LUGAR;Uh yeh... Senhor... precisamos de ti
Folclore;SAMBA LELÊ;Samba lele ta doente
Foreigner;I WANT TO KNOW WHAT LOVE IS;I gotta take a little time...
Forró Cariciar;VEM ME AMAR;Vem meu amor eu não me importo se fal
Forró do Muído;PALÁCIOS E CASTELOS;Te pedi que me levasse a sério
Forró do Muído;PISADINHA DO MUÍDO;Alô DJ aperta o play deixa o som ro
Forró Saborear;CRAW - CARA DE PAU;Xô sai pra lá cara de pau
Forró Saborear;DANIELA;Chegou chamando atenção dentro do sal
Forró Saborear;PATRICINHA;Quando ela chega agita a multidão
Four Aces;LOVE IS A MANY SPLENDORED THING;Love is a many splendored thing
Four Tops;BABY I NEED YOUR LOVIN;Baby I need your lovin
Francis Hime;A DOR A MAIS;Foi só muito amor muito amor demais
Francis Hime;AMOR SEM MEDO;Porque eu te quero conseguir
Franco Levine;EU TÔ AQUI;Senta aqui
Frank Aguiar;A SAUDADE;Quando a lua lá no céu pintou...
Frank Aguiar;CASADO TAMBÉM NAMORA;Eu sou casado mas sou homem...
Frank Aguiar;MULHER MADURA;Mulher nova é muito boa mas a madura é melhor.
Frank Aguiar;O HINO DAS LOIRAS;Forró forró forró Frank Aguiar...
Frank Aguiar;PRENDA;Como é que pode ter...
Frank Sinatra;ALL OF ME;All of me why not take all of me
Frank Sinatra;ALL THE THINGS YOU ARE;You are the promised kiss of springtime…
Frank Sinatra;BLUE MOON;Blue moon you saw me standin' alone…
Frank Sinatra;FOR EVERY MAN THERE'S A WOMAN;For ev'ry man there's a woman…
Frank Sinatra;I’VE GOT YOU UNDER MY SKIN;I’ve got you under my skin...
Frank Sinatra;LET ME TRY AGAIN;I know I said that I was leaving
Frank Sinatra;MY WAY;And now the end is near
Frank Sinatra;NEW YORK, NEW YORK;Start spreading the news I'm leaving today
Frank Sinatra;NIGHT AND DAY;Night and day you are the one...
Frank Sinatra;STRANGERS IN THE NIGHT;Strangers in the night exchanging...
Frank Sinatra & Luther Vandross;THE LADY IS A TRAMP;She gets too hungry for dinner at eight
Frankie Valli;CAN'T TAKE MY EYES OFF YOU;You're just too good to be true
Fred Bongusto;O SOLE MIO;Che bella cosa 'na iurna ta'e sole
Fred e Gustavo - Maria Cecília e Rodo;LENDAS E MISTÉRIOS;Diz a lenda que muitos e muitos anos
Fred e Pedrito;AS MOCINHAS DA CIDADE;As mocinhas da cidade...
Frejat;AMOR PRA RECOMEÇAR;Eu te desejo não parar tão cedo
Frejat;EU NÃO QUERO BRIGAR MAIS NÃO;Eu amo o cheiro do seu cabelo
Frejat;HOMEM NÃO CHORA;Homem não chora nem por dor nem por amor
Frejat;QUANDO O AMOR ERA MEDO;No fim do túnel tudo escuro
Frejat;SEGREDOS;Eu procuro um amor que ainda não…
Frejat;SOBRE NÓS DOIS E O RESTO DO MUNDO;Seu olhar me acompanha do outro lado
Frejat;SOL DE DOMINGO;Sol de domingo unindo dois corpos
Frejat;TÚNEL DO TEMPO;Nosso encontro aconteceu como eu ima
Frenéticas;PERIGOSAS PERUAS;Perua
Frenéticas;VOCÊ ESCOLHEU ERRADO SEU SUPER-HER;Se você pensa que é Átila
CANTOR;TÍTULO;INÍCIO DA LETRA
Fresno;ALGUÉM QUE TE FAZ SORRIR;Eu nunca consegui saber diferenciar
Fresno;DESDE QUANDO VOCÊ SE FOI;Mais uma história com um final
Fresno;PÓLO;Se eu te disser que foi difícil te esquecer
Fresno;UMA MÚSICA;Apago as memórias que não vão voltar
Fruto Sagrado;BRASIL;Em que ponto nosso País chegou
Fruto Sagrado;EXCEÇÃO À REGRA;Exceção à regra me enlouqueceu
Fruto Sagrado;JIMMY;Essa é a história do Jimmy
Fruto Sagrado;LOBO MAU;Lobo na pele de cordeiro é lobo mau
Fruto Sagrado;MENINOS DE RUA;A visão é trágica
Fruto Sagrado;NA CONTRAMÃO;A gente só andava doidão valores
Fruto Sagrado;DIFERENTES DOS ANJOS;Corri contra o tempo atrás do vento
Fundo de Quintal;A AMIZADE;Lá lá iá, lá lá iá lá lá iá, lá lá iá lá lá
Fundo de Quintal;NOSSO GRITO;Você já não quer mais amar...
Fundo de Quintal;SE VOCÊ JURAR;Se você jurar que me tem amor
Fundo de Quintal;VERDADEIRA CHAMA;Guiding dingue...Quem ama enobrece...
Fundo de Quintal;RESPONDE;Responde se me quer de verdade
Funk Como Le Gusta;16 TONELADAS;Sente este samba quente que é muito
Funk Como Le Gusta;MEU GUARDA-CHUVA;Lá lá lá lá... Mas quando eu comecei
Funk Como Le Gusta;VEM;Pode pedir pode pedir qualquer coisa
G. Clefs;I UNDERSTAND;I understand just how you feel you
Gabriel Gava;FIORINO;De Land Rover é fácil é mole é lindo
Gabriel o Pensador - Lulu Santos;ASTRONAUTA;Astronauta tá sentindo falta
Gabriel o Pensador e Negra Li;DEIXA ROLAR;Essa noite vai ser boa vai sim
Gaby Amarantos;CHUVA;Ar quente vai subir ar frio vai descer
Gaby Amarantos;EX MY LOVE (EX MAI LOVE);Meu amor era verdadeiro o teu era
Gaby Amarantos;XIRLEY;Saia vermelha camisa preta chegou pra abalar
Gal Costa;AQUARELA DO BRASIL;Brasil meu Brasil brasileiro
Gal Costa;AZUL;Eu não sei se vem de Deus
Gal Costa;BABY;Você, precisa saber da piscina
Gal Costa;BRIGAS NUNCA MAIS;Chegou sorriu venceu depois chorou
Gal Costa;CAMINHOS CRUZADOS;Quando um coração
Gal Costa;CAMINHOS DO MAR;Iemanja Odová Odová rainha do mar...
Gal Costa;CAMISA AMARELA;Encontrei o meu pedaço na avenida
Gal Costa;CANTA BRASIL;As selvas te deram nas noites
Gal Costa;CHUVA DE PRATA;Se tem luar no céu
Gal Costa;DOM DE ILUDIR;Não me venha falar na malícia
Gal Costa;DONO DOS TEUS OLHOS;Não te esqueças que eu...
Gal Costa;ESTRADA DO SOL;É de manhã vem o sol...
Gal Costa;FESTA DO INTERIOR;Fagulhas pontas de agulhas
Gal Costa;FIM DE CASO;Eu desconfio
Gal Costa;FOLHETIM;Se acaso me quiseres, sou dessas...
Gal Costa;LINDA FLOR;Ai ioiô eu nasci pra sofrer…
Gal Costa;LUZ DO SOL;Luz do sol, que a folha traga
Gal Costa;MAR E SOL;Um Sol eu sou
Gal Costa;MEU BEM, MEU MAL;Você é meu caminho, meu vinho
Gal Costa;MODINHA PARA GABRIELA;Quando eu vim para esse mundo....
Gal Costa;NADA MAIS (LATELY);Sinto quando alguém te interessa
Gal Costa;NOSSOS MOMENTOS;Momentos são...
Gal Costa;O AMOR EM PAZ;Eu amei e amei ai de mim…
Gal Costa;PRA MACHUCAR MEU CORAÇÃO;Tá fazendo um ano e meio amor
Gal Costa;PRA VOCÊ;Pra você eu guardei um amor infinito
Gal Costa;SAMBA RASGADO;Uma cabrocha bonita cantando e samba
Gal Costa;TE ADORAR;Nada mais me atrai
Gal Costa;UM DIA DE DOMINGO;Eu preciso te falar
Gal Costa;VAPOR BARATO;Oh sim, eu estou tão cansado...
Gal Costa e Gilberto Gil;ODARA;Deixa eu dançar
Gal Costa e Paulo Bellinati;COISA MAIS LINDA;Coisa mais bonita é você assim... jus
Gal Costas;SE TODOS FOSSEM IGUAIS A VOCÊ;Vai tua vida Teu caminho...
Galinha Pintadinha;FORMIGUINHA;Fui ao mercado comprar café
Galinha Pintadinha;GALINHA PINTADINHA;Pó pó pó... A Galinha Pintadinha e o Galo
Galinha Pintadinha;MARIANA;Mariana conta um Mariana conta um
Galinha Pintadinha;MESTRE ANDRÉ;Foi na loja do mestre André que eu comprei um
Gamação;BEIJANDO;Gostoso é fazer amor gostoso é fazer.......
Gamação;VAI NESSA;Vai nessa ou não vai...
Gang 90 e Absurdettes;NOSSO LOUCO AMOR;Nosso louco amor está em seu olhar...
Gang 90 e Absurdettes;PERDIDOS NA SELVA;Perdidos na selva
Gang do Samba;RAIMUNDA;Essa menina tá de brincadeira...
Garota Safada;ESCRAVO DO AMOR;Ei ele é rei ele é cor
Garotos Da Rua;TÔ DE SACO CHEIO;Lá em casa continuam os mesmos proble
Gary Lewis and The Playboys;EVERYBODY LOVES A CLOWN;Everybody loves a clown so why don't yo
Gary Moore;STILL GOT THE BLUES;Used to be so easy to give my heart aw
Gazebo;I LIKE CHOPIN;Chopin
Gene Kelly;SINGIN' IN THE RAIN;I'm singin' in the rain just singin' in…
Genghis Khan;COMER, COMER;Quero acordar bem cedinho
Genival Lacerda;RADINHO DE PILHA;Fui pra cidade do Rio de Janeiro….
Genival Lacerda;SEVERINA XIQUE-XIQUE;Quem não conhece Severina Xique-Xique...
Genival Santos;EU TE PEGUEI NO FLAGRA;Eu lhe peguei no flagra e não quero ex
Genival Santos;SANGUE DO MEU SANGUE;Meu filho meu grande amigo
George Benson;GIVE ME THE NIGHT;Whenever dark has fallen...
George Benson;IN YOUR EYES;I think I finally know you
George Freedman;COISINHA ESTÚPIDA;Existe um amor dentro de mim...
George Israel;GIRASSÓIS AZUIS II;Relógios sobre o jornal um só
George Michael;CARELESS WHISPERS;I feel so unsure as I take your hand...
George Michael;FAITH;Well, I guess it would be nice
CANTOR;TÍTULO;INÍCIO DA LETRA
George Michael;FATHER FIGURE;That's all I wanted…
George Michael;FREEDOM;I won't let you down I will not give you
George Michael;JESUS TO A CHILD;Kindness in your eyes I guess you heard
George Michael;KISSING A FOOL;You are far
George Michael;ONE MORE TRY;I've had enough of danger…
George Michael;WAKE ME UP BEFORE YOU GO-GO;Jitterbug jitterbug…
Gera Samba;A DANÇA DA CORDINHA;Passa negão, passa loirinha
Gera Samba;A DANÇA DO BUM-BUM;Conheci uma menina que veio do Sul
Gera Samba;MELÔ DO TCHAN;Pau que nasce torto nunca se endireita
Gera Samba;PAQUEREI;É o novo som de salvador
Geraldo Azevedo;MOÇA BONITA;Moça bonita…
Geraldo Vandré;PORTA-ESTANDARTE;Olha que a vida é tão linda
Geraldo Vandré;PRA NÃO DIZER QUE NÃO FALEI DAS FLORE;Caminhando e cantando e seguindo
Gerry Rafferty;BAKER STREET;Winding your way down Baker Street…
Gian e Giovani;A MENINA DA LOJA;São seis horas da tarde pôr-do-sol vai
Gian e Giovani;A VERDADE VEIO À TONA;Quando o coração não sabe o que fazer...
Gian e Giovani;AMOR DE VERDADE;A gente se esbarrou por aí...
Gian e Giovani;AMOR DEMAIS;Deixa preparado nosso cantinho
Gian e Giovani;AMOR ETERNO;Qual de nós perdeu mais tempo na vida
Gian e Giovani;APERTE O PLAY;De repente você vem e diz...
Gian e Giovani;CAÍ NO LAÇO;Caí no laço no laço do seu amor...
Gian e Giovani;DEPOIS DO ADEUS;O que é que eu vou fazer de mim
Gian e Giovani;DÓI;Dói demais em mim
Gian e Giovani;DOIS CORAÇÕES;Rolo na cama dormir não consigo...
Gian e Giovani;EU BUSCO UMA ESTRELA;No que está pensando? Pergunta o
Gian e Giovani;GOL DO CORAÇÃO;Bola da direita pra esquerda...
Gian e Giovani;MEDO;Bandida solidão vou te prender de vez
Gian e Giovani;MIL CORAÇÕES;Já faz tanto tempo que saí da sua...
Gian e Giovani;NA BATIDA DO SEU CORAÇÃO;Na batida do seu coração...
Gian e Giovani;NA DOÇURA DOS SEUS BEIJOS;Seu amor passou igual ao vento...
Gian e Giovani;NÃO VIVO SEM VOCÊ;Todo dia é a mesma coisa
Gian e Giovani;NEM DORMINDO CONSIGO TE ESQUECER;Não é fácil ficar sem você...
Gian e Giovani;NOSSA SENHORA DE APARECIDA;Eu tenho fé, eu tenho fé, eu tenho fé
Gian e Giovani;NUNCA MAIS VOU  ESQUECER;Por que me deu vontade de te ver...
Gian e Giovani;O GRANDE AMOR DA MINHA VIDA;A gente morou e cresceu na mesma
Gian e Giovani;OLHA AMOR;Olha amor tô morrendo de saudade
Gian e Giovani;PEÃO DE VITRINE;Eu sou peão vem cá me da um abraço…
Gian e Giovani;POR QUE SERÁ?;Outra vez dessa vez você diz
Gian e Giovani;POR TELEFONE;Por telefone é fácil...
Gian e Giovani;PROCURANDO AMOR;Eu ando procurando amor...
Gian e Giovani;QUE RAIO DE AMOR É ESSE;Que raio de amor é esse que raio
Gian e Giovani;ROUPA DE LUA DE MEL;Voltei era de madrugada e me assuste
Gian e Giovani;TAÇA DE PRANTO;À noite é tudo solidão em mim
Gian e Giovani;TE AMO MENINA;Teus olhos meninas tem raios de sol
Gian e Giovani;TENTATIVAS;Vai valeu demais foi um lindo sonho
Gian e Giovani;UM, DOIS, TRÊS;De um cachaça boa não abro mão
Gian e Giovani;VAI PESCAR MOÇADA;Já pagou o que devia tá tranquilo e
Gianni Morandi;IN GINOCCHIO DA TE;Io voglio per me le tue carezze
Gianni Morandi;NON SON DEGNO DI TE;Non son degno di te non ti merito piu
Gianni Morandi;SE NON AVESSI PIU TE;Se non avessi piu te
Gilbert O’Sullivan;ALONE AGAIN;In a little while from now...
Gilberto e Gilmar;NÓIS NÃO VIVE SEM MUIÉ;E se o mundo revirá nóis agarra…
Gilberto e Gilmar;TÁ RUIM MAS TÁ BOM;Pra todo problema existe solução
Gilberto Gil;A GENTE PRECISA VER O LUAR;O luar...
Gilberto Gil;ANDAR COM FÉ;Andar com fé eu vou, que a fé não...
Gilberto Gil;AQUELE ABRAÇO;Este samba vai pra Dorival Caymmi
Gilberto Gil;BALANCÊ;Oh balancê balancê
Gilberto Gil;COM QUE ROUPA;Agora vou mudar minha conduta...
Gilberto Gil;ESPERANDO NA JANELA;Ainda me lembro do seu caminhar...
Gilberto Gil;ESTRELA;Há de surgir uma estrela no céu
Gilberto Gil;EXTRA;Iô iô iô iô iô iô iô iô iô
Gilberto Gil;FORRÓ NO ESCURO;O candeeiro se apagou o sanfoneiro
Gilberto Gil;MARACATU ATÔMICO;Atrás do arranha-céu tem o céu
Gilberto Gil;NÃO CHORES MAIS;No woman no cry no woman no cry
Gilberto Gil;NOS BARRACOS DA CIDADE;Nos barracos da cidade ninguém
Gilberto Gil;PALCO;Uá pá pá pá paia uá pá pa pá paia...
Gilberto Gil;PELA INTERNET;Criar meu web site fazer minha
Gilberto Gil;PESSOA NEFASTA;Tu pessoa nefasta
Gilberto Gil;REALCE;Eia mama realce... eia mama…
Gilberto Gil;REFAZENDA;Ah ha ha… Abacateiro acataremos…
Gilberto Gil;SE EU QUISER FALAR COM DEUS;Se eu quiser falar com Deus
Gilberto Gil;SÍTIO DO PICA-PAU AMARELO;Tchuru...Goiabada de marmelo
Gilberto Gil;SÓ CHAMEI PORQUE TE AMO;Não é Natal
Gilberto Gil;TEMPO REI;Não me iludo tudo permanecerá...
Gilberto Gil;TODA MENINA BAIANA;Toda menina baiana tem um santo que
Gilberto Gil;VAMOS FUGIR;Vamos fugir
Gilberto Gil;SUPER-HOMEM  (A CANÇÃO);Um dia vivi a ilusão de que eu...
Gilberto Gil / Milton Nascimento;DINAMARCA;Capitão do mar homen tão do mar....
Gilberto Gil e Roberta Sá;MINHA PRINCESA;Minha princesa quanta beleza
Gilliard;AQUELA NUVEM QUE PASSA;Aquela nuvem que passa lá em cima...
Gilliard;COMO POSSO TE CHAMAR DE AMIGA SE CH;Sei que essa distância já não faz sent
Gilliard;FESTA DOS INSETOS;A pulga e o percevejo fizeram a combinação
Gilliard;NOSSO JURAMENTO;Não posso ver-te triste porque me mata
Gilliard;PENSAMENTO;Alguma coisa me incomoda agora
CANTOR;TÍTULO;INÍCIO DA LETRA
Gilliard;POUCO A POUCO;Pouco a pouco tudo foi nos conduzindo
Gilliard;QUEM ME DERA;Quem me dera falar pra você
Gilmelândia;MAIONESE (MAYONESA);Batendo palmas pra baixo e pra cima...
Gilson;CASINHA BRANCA;Eu tenho andado tão sozinho
Ginga Pura;FRUTO DOS DEUSES;Você é meu favo de mel pedaço do céu
Gino e Geno;A GALERA DO CHAPÉU;Uma bota legal dessas de cano compri
Gino e Geno;A SAUDADE TÁ PEGANDO;A saudade tá pegando
Gino e Geno;ACIDENTE DE AMOR;Ela chegou correndo demais…
Gino e Geno;BOLA DA VEZ;Ninguém faz amor comigo do jeito que
Gino e Geno;CARA DE BOI;Eu tô cansado da fazenda e de ver...
Gino e Geno;ELA CHOROU;Ela sentiu saudades ela me ligou....
Gino e Geno;EU JÁ FUI DE VOCÊ;Tem gente que se apaixona
Gino e Geno;FREIO DE MÃO;Casou casei complicou compliquei
Gino Paoli;SAPORE DI SALE;Sapore di sale sapore di mare
Gino Vanelli;I JUST WANNA STOP;For your love for your love...
Glenn Frey;THE HEAT IS ON;The heat is on on the street…
Glenn Medeiros;NOTHING'S GONNA CHANGE MY LOVE FOR;If I had to live my life
Glória;MINHA PAZ;Tente me olhar e provar que meu mundo acabou
Gloria Estefan;ANYTHING FOR YOU;Anything for you though you're not here
Gloria Estefan;DON’T WANNA LOSE YOU;Sometimes it’s hard to make things clear...
Gloria Estefan;HERE WE ARE;Here we are face to face…
Gloria Estefan;REACH;Some dreams live on in time forever
Gloria Estefan;WORDS GET IN THE WAY;I realize you're seeing someone new
Golden Boys;AI DE MIM;Ai de mim querida ai de mim
Golden Boys;ALGUÉM NA MULTIDÃO;Se voce perdeu um amor como eu...
Golden Boys;FUMACÊ;Ê ê ê fumacê ah ah ah fumaçá
Golden Boys;MÁGOA;Mágoa... mágoa... meu coração está mag
Golden Boys;NADA MAIS;Eu já perdi a noção do tempo
Golden Boys;O CABEÇÃO;Você viu o cabeção por aí
Golden Boys;PENSANDO NELA;Tarde fria chuva fina e ela a esper
Golden Boys;SÓ VOU CRIAR GALINHA;Eu não vou mais trabalhar
Golpe de Estado;NOITE DE BALADA;Porque é noite de balada
Gonzaguinga e part. Luiz Gonzaga;A VIDA DO VIAJANTE;Minha vida é andar por esse país...
Gonzaguinha;COMEÇARIA TUDO OUTRA VEZ;Começaria tudo outra vez
Gonzaguinha;COMPORTAMENTO GERAL;Você deve notar que não tem mais…
Gonzaguinha;É;E a gente quer valer o nosso amor....
Gonzaguinha;E VAMOS À LUTA;Eu acredito é na rapaziada
Gonzaguinha;FELIZ;Para quem bem viveu o amor
Gonzaguinha;LINDO LAGO DO AMOR;E quem que viu o bem-te-vi...
Gonzaguinha;O QUE É O QUE É;Eu fico com a pureza da resposta das
Gonzaguinha;PONTO DE INTERROGAÇÃO;Por acaso algum dia você se
Gonzaguinha;RECADO;Se me der um beijo eu gosto
Gonzaguinha;SANGRANDO;Quando eu soltar a minha voz...
Grafite;MAMMA MARIA;Fim de semana você me liga você me
Grande Coral;FIM DE ANO;Adeus Ano Velho feliz Ano Novo…
Green Day;SHE;She she screams in silence a sullen riot
Green Day;WAKE ME UP WHEN SEPTEMBER ENDS;Summer has come and passed
Greice Ive;ATÉ VOCÊ PASSAR;O que a gente vai fazer dessa paixão
Gretchen;CONGA CONGA CONGA;Conga conga conga...
Grupo Algo Mais;DANÇA DO BOLE-BOLE;Essa é a dança do bole-bole
Grupo Bom Gosto;CURTINDO A VIDA;Guerê guerê guerê... Quer saber tudo tem um po
Grupo Bom Gosto;PATRICINHA DO OLHO AZUL;De black ou nagô relógio paraguaio eu já to quas
Grupo Cafuné;MELÔ DO PIRULITO;Olha o piu ôh... pirulito
Grupo Desejos;MEL NA MINHA BOCA;Olha a gente tem que conversar...
Grupo Desejos;TANTA SOLIDÃO;Tanta solidão eu juro não dá futuro......
Grupo É Demais;OUVE ESSA CANÇÃO;Vem... ouve essa canção
Grupo Feitiço;AMOR PERFEITO;Fecho os olhos pra não ver passar
Grupo Malícia;PRIMEIRO BEIJO;Pára de tanta bobagem só pra me
Grupo Malícia;SENTINELA;Na janela do meu quarto uma imagem
Grupo Pirraça;INIGUALÁVEL PAIXÃO;És inigualável na arte de amar
Grupo Pirraça;O QUE É QUE VOU FAZER;Eu não passo de um brinquedo em suas
Grupo Pirraça;QUEM DE NÓS;Quantas vezes eu te perguntei
Grupo Raça;EU E ELA;Numa linda noite bela saímos pela
Grupo Raça;O TEU CHAMEGO;Na vida se promete mais
Grupo Raça;PURA EMOÇÃO;É frio sem você, meu amor
Grupo Raça;TE AMO;Eu sei que eu te amo...
Grupo Raça;TEMPERO;Na sorte da loteria
Grupo Raça;TÔ LEGAL;Não faz mal se o sonho chegou ao fim
Grupo Redenção;SAMBA PRA YO YO E YA YA;Vem cantar vem sambar minha gente
Grupo Revelação;BAIXA ESSA GUARDA;Num beijo molhado ninguém se conhece
Grupo Revelação;CORAÇÃO RADIANTE;O que mais quero é te dar um beijo…
Grupo Revelação;DEIXA ACONTECER;Deixa acontecer naturalmente
Grupo Revelação;GRADES DO CORAÇÃO;Quando eu te vi pela primeira vez...
Grupo Revelação;MEDO DE AMAR;Fica no faz de conta
Grupo Revelação;PECADORA;Lêlê lêlê lêlê lêlê lêlê
Grupo Revelação;PRECISO TE AMAR;Eu estou apaixonado…
Grupo Revelação;SAUDADES DO AMOR;Lê lê lê lê lê lê lê lê lê
Grupo Revelação;TALVEZ;Eu quis um dia te dar...
Grupo Revelação;VELOCIDADE DA LUZ;Eu já não sei mais por que vivo a sofr
Grupo Revelação;CORAÇÃO BLINDADO;Coração blindado não pega feitiço
Grupo Sampa;EU AMO VOCÊ;Os dias se passam não sou mais a mesma
Grupo Sampa;FLAGRANTE;Lá se vão meus anéis vão com toda a razão
Grupo Talagaço e Gaúcho da Fronteir;GAITEIRO AGRADÃO;Esses guris da calça frouxa
Grupo Talagaço e Olodum;APAIXONADO POR VOCÊ;Lembra aquele dia azul
CANTOR;TÍTULO;INÍCIO DA LETRA
Grupo Tempero;DEIXA EU TE QUERER;Bate triste o coração, sem você por perto
Grupo To Legal;LOUCA AMIZADE;Toda madrugada eu só penso em você
Grupo Tradição;A SAUDADE MANDOU AVISAR;A saudade mandou avisar que a solidã
Grupo Tradição;BARQUINHO;Lá vai o meu amor lá vai meu amorzinh
Grupo Tradição;CAMPEÃO DE BILHETERIA;Tela branca e o projetor colorido
Grupo Tradição;ESSA VANEIRA;Essa vaneira que tem ronco de cordeon
Grupo Tradição;NO BARULHO DA SANFONA;No barulho da sanfona todo mundo se
Grupo Tradição;O AMOR SE VAI;Seu jeito triste está me dizendo
Grupo Tradição;PERIGO;Cuidado pare perigo leia bem antes
Grupo Tradição;PIRATA (O CD PÁRA);Vou pegar minha vitrola vou plugar mi
Grupo Tradição;PODE REBOLAR;Oh menina pode rebolar
Grupo Tradição;PRA SEMPRE MINHA VIDA;Pra te adorar assim com tanta loucura
Grupo Tradição;VOCÊ NÃO VALE UM REAL;Você não vale um real mas pra mim não
Grupo União;JURA DE AMOR;Você veio de repente e reacendeu
Gue Tsu;VAZIO;Outra vez ouvi você dizer...
Guentaê;SAPATILHA 37;Olha o passo da menina...
Guess Who;AMERICAN WOMAN;American Woman stay away from me...
Guess Who;NO TIME;On my way to better things
Guess Who;THESE EYES;These eyes cry ev'ry night for you
Guilherme Arantes;AMANHÃ;Amanhã, será um lindo dia...
Guilherme Arantes;CHEIA DE CHARME;Quando a vi logo ali tão perto
Guilherme Arantes;COISA DO BRASIL;Foi tão bom te conhecer tão fácil te
Guilherme Arantes;DEIXA CHOVER;Certos dias de chuva
Guilherme Arantes;ÊXTASE;Eu nem sonhava te amar desse jeito
Guilherme Arantes;FÃ NÚMERO UM;Você nem desconfia e o que eu não...
Guilherme Arantes;LANCE LEGAL;Caminhar ao seu lado é como um
Guilherme Arantes;LOUCAS HORAS;Com as loucas horas com você
Guilherme Arantes;MEU MUNDO E NADA MAIS;Quando eu fui ferido
Guilherme Arantes;O MELHOR VAI COMEÇAR;Eu quero o sol ao despertar
Guilherme Arantes;PEDACINHOS;Pra que ficar juntando os pedacinhos
Guilherme Arantes;PLANETA ÁGUA;Água que nasce na fonte
Guilherme Arantes;PRONTOS PARA AMAR;Tudo o que eu queria um dia pra mim
Guilherme Arantes;TRILHAS (TRACES);Traços de nanquim não se apagam
Guilherme Arantes;UM DIA, UM ADEUS;Só você…
Guilherme e Santiago;A, B, C, D, E;Eu tenho um dom incrível difícil de e
Guilherme e Santiago;ALÔ MEU POVO;Alô meu povo vai começar de novo
Guilherme e Santiago;AMIZADE SINCERA;A amizade sincera é um santo remédi
Guilherme e Santiago;BOLO DOIDO;Foi foi foi foi foi
Guilherme e Santiago;CHOVENDO ESTRELAS;Perdão se eu estou magoado
Guilherme e Santiago;DO OUTRO LADO DA CIDADE;Hoje vou voltar de madrugada
Guilherme e Santiago;E DAÍ;E daí
Guilherme e Santiago;É PRA SEMPRE TE AMAR;Me lembro bem do dia a hora e o luga
Guilherme e Santiago;ÊXTASE DO AMOR;Droga viciosa delirante
Guilherme e Santiago;FRANGUINHO NA PANELA;O recanto onde eu moro é uma linda
Guilherme e Santiago;MAGIA E MISTÉRIO;Sob a luz do seu olhar se esconde…
Guilherme e Santiago;METE SUA BOCA NA MINHA;Mete sua boca na minha e me beija pra
Guilherme e Santiago;NA HORA CERTA;Na hora certa ainda vou te encontrar
Guilherme e Santiago;NO LIMITE;Não dá mais pra esconder essa paixão
Guilherme e Santiago;O AMOR É ASSIM;Coração cansou de esperar
Guilherme e Santiago;PERDI VOCÊ;Perdi você...
Guilherme e Santiago;PRA QUE CHORAR;Eu pensei mil vezes pra falar
Guilherme e Santiago;SAFADA, CACHORRA, BANDIDA;Safada cachorra bandida dá o fora da
Guilherme e Santiago;SEU AMOR É TUDO QUE EU QUERO;Você tem um jeito
Guilherme e Santiago;SOM E IMAGEM;Uma estrela pode não brilhar
Guilherme e Santiago;TÁ SE ACHANDO;Parou passou se foi sua paixão
Guilherme e Santiago;TRISTE E ALEGRE;Eu fico triste alegre
Guilherme e Santiago;TUDO TEM UM PORQUÊ;Pensando bem não me arrependo
Guilherme e Santiago;O NOSSO AMOR;Nana nana...O nosso amor é como...
Guilherme e Santiago;QUE DÁ VONTADE DÁ;Não faz essa cara de quem tá apaixona
Guilherme e Santiago;SÓ DE VOCÊ;Outra noite nós dois e o desejo no ar
Guns n' Roses;KNOCKIN' ON HEAVEN'S DOOR;Oooh
Guns n' Roses;NOVEMBER RAIN;When I look into your eyes…
Guns n' Roses;YOU COULD BE MINE;I'm a cold heartbreaker fit to burn and I'll
Gustavo Lins;DAQUI VOCÊ NÃO PASSA;Fica aí pensando que é de...
Gustavo Lins;ESCONDIDA;Já tá fazendo um tempo eu tô num...
Gustavo Lins;PRA SER FELIZ;Quando a gente ficou nem tive tempo…
Gusttavo Lima;60 SEGUNDOS;Me dê um minuto pra falar que eu preciso
Gusttavo Lima;BALADA BOA;Eu já lavei o meu carro
Gusttavo Lima;CABELO COR DE OURO;Nunca pensei que um dia fosse ser ass
Gusttavo Lima;CHORA, CHORA;Viu eu te avisei
Gusttavo Lima;GATINHA ASSANHADA;Gatinha assanhada cê ta querendo o que
Gusttavo Lima;TSUNAMI;Eu tava de boa eu tava legal
Gusttavo Lima-Jorge e Mateus;INVENTOR DOS AMORES;Eu já não sei mais o que faço com
Guto e Nando;ELA É SHOW;Eu dei boa noite ela nem ligou
Gwyneth Paltrow & Huey Lewis;CRUISIN';Baby let's cruise no way from here
H. Belafonte;TRY TO REMEMBER;Try to remember the kind of september
H. Belafonte;WHEN THE SAINTS GO MARCHIN' IN;I am just a weary pilgrim
Haddaway;WHAT IS LOVE;What is love baby don't hurt me....
Hank Wiliams;JAMBALAYA;Goodbye Joe me gotta go
Hannah Montana;IF WE WERE A MOVIE;Oh oh
Hannah Montana;THIS IS THE LIFE;Take the world shake and stir
Hannah Montana;WHO SAID;I'm more than just you're average girl
Hanói Hanói;TOTALMENTE DEMAIS;Linda como um nenen
Hanson;SAVE ME;Loving you like I never had before
CANTOR;TÍTULO;INÍCIO DA LETRA
Harmadilha;TEMPESTADE;Nem o céu nem a dor...
Harmonia do Samba;AGACHADINHO;Tem gente que só anda de mansinho...
Harmonia do Samba;AGORA MEXE;Não fique parado nem um só momento
Harmonia do Samba;MOMENTOS;Às vezes me pego parado pensando .....
Harmonia do Samba;NOSSA PARADINHA;Me dá licença que agora eu vou...
Harmonia do Samba;O RODO;Sou da muvuca-ca.Eu sou da bahia...
Harmonia do Samba;OVERDOSE DE CARINHO;Vem cá jeija a minha boca...
Harmonia do Samba;SAMBA MERENGUE;Quando eu te chamei pra entrar na danç
Harmony Cats;AMIGO É;É amigo é um passarinho que vem te
Harmony Cats;HEY BABY;Hey baby eu não aceito não
Harry Nilson;EVERYBODY'S TALKING;Everybody's talking at me
Hateen;1997;Mil novecentos e noventa e sete
Hateen;QUEM JÁ PERDEU UM SONHO AQUI;Quem já perdeu um sonho aqui
Heart;ALONE;I hear the ticking of the clock…
Heart;IF LOOKS COULD KILL;Caught you in the act can't put up with
Heart;MAGIC MAN;Cold late night so long ago
Heart;NEVER;Uh uh oh      Hey baby I'm talkin to you
Helen Reddy;I AM WOMAN;I am woman hear me roar in numbers
Hélio Ziskind;CASTELO RÁ-TIM-BUM;Um...cas...bum bum castelo...
Hélio Ziskind;COCORICÓ;Quem conhece a gaita já sabe quem tá...
Hélio Ziskind;PASSARINHO QUE SOM É ESSE (flauta doce);Passarinho que som é esse...
Hélio Ziskind;PORQUE SIM NÃO É RESPOSTA;Dentro da lâmpada tinha um gênio...
Hélio Ziskind;RATINHO ESCOVANDO OS DENTES;Legal nós somos...
Hélio Ziskind;RATINHO TOMANDO BANHO;Tchau preguiça tchau sujeira
Hellen Reddy;I DON'T KNOW HOW TO LOVE HIM;I don't know how to love him
Heloísa Rosa;JESUS É O CAMINHO;Não se turve o vosso coração
Hermes Aquino;CHUVA DE VERÃO;Teu amor é como chuva de verão
Hermes Aquino;DESENCONTRO DE PRIMAVERA;Uma andorinha no céu passou e disse
Hermes Aquino;NUVEM PASSAGEIRA;Eu sou nuvem passageira...
Heróis da Resistência;SÓ PRO MEU PRAZER;Não fala nada deixa tudo assim por mim
Heróis da Resistência e Leoni;ESSE OUTRO MUNDO;Eu conheço esse outro mundo
Herva Doce;AMANTE PROFISSIONAL;Moreno alto bonito e sensual
Herva Doce;ERVA VENENOSA;Parece uma rosa
High School Musical;ALL FOR ONE;The summer that we wanted
High School Musical;BREAKING FREE;We're soaring flying
High School Musical;EVERYDAY;Once in a lifetime
High School Musical;START OF SOMETHING NEW;Living in my own world didn't understan
High School Musical;STICK TO THE STATUS QUO;You can bet there's nothin' but net
High School Musical;WHEN THERE WAS ME AND YOU;It's funny when you find yourself
High School Musical;YOU ARE THE MUSIC IN ME;Na na na na na na na na yeah
High School Musical 2;I GOTTA GO MY OWN WAY;I gotta say what's on my mind
Hilary Duff;COME CLEAN;Let's go back back to the beginning
Hilary Duff;FLY;Any moment everything can change
Hilary Duff;WAKE UP;There's people talking they talk about m
Hino do Corinthians;HINO DO CORINTHIANS;Salve o Corinthians
Hino do Palmeiras;HINO DO PALMEIRAS;Quando surge o alviverde imponente
Hino do Santos;HINO DO SANTOS;Santos Santos gol
Hino do São Paulo;HINO DO SÃO PAULO;Salve o tricolor paulista
Hino do Vasco da Gama;HINO DO VASCO DA GAMA;Vamos todos cantar de coração...
Hino Nacional;HINO NACIONAL BRASILEIRO;Ouviram do Ipiranga as margens plácidas...
Hinos de Times;HINO DO FLAMENGO;Uma vez Flamengo sempre flamengo...
Hinos de Times;RUMO AO PENTA;Não tem lero lero não tem zum...
Hollies;HE AIN’T HEAVY HE’S MY BROTHER;The road is long...
Hoobastank;THE REASON;I'm not a perfect person
HORI;DIGA QUE ME QUER;Tudo que eu faço é por ti
HORI;SEGREDO;Agora eu sei porque tudo acabou
Huey Lewis & The News;THE POWER OF LOVE;Power of love is a curious thing…
Hugo e Tiago;AMOR VIRA-LATA;Saí de casa já de saco cheio
Hugo e Tiago;APAIXONADO;No começo era só o seu capricho
Hugo e Tiago;MISTERIOSA;Tô em casa mais um dia que se acaba
Hugo e Tiago;NINGUÉM TEM NADA COM ISSO;Se eu amanheci no meio da gandaia
Hugo e Tiago;OITO SEGUNDOS;Em festa de rodeio no brete do peão…
Hugo e Tiago;VIROU ROTINA;Todo dia a mesma coisa já virou roti
Hugo Pena e Gabriel;MALA PRONTA;Você passou da conta e me tirou do sé
Hugo Pena e Gabriel;ROBIN HOOD DA PAIXÃO;Elas dizem que sou galinha
Humberto e Ronaldo;SÓ VOU BEBER MAIS HOJE;Já fiz uma promessa e Deus vai me ajudar
Humberto e Ronaldo;TÔ VENDENDO BEIJO;Tô num tipo de negócio novo não tem segredo é
Humberto e Ronaldo part. Jorge e Ma;ROMANCE;Chega mais perto vai quero te encontrar
Hyldon;AS DORES DO MUNDO;O teu olhar caiu no meu
Hyldon;NA SOMBRA DE UMA ÁRVORE;Larga de ser boba e vem comigo
Iggy Pop;CANDY;It's a rainy afternoon in nineteen nine...
Igreja Batista da Lagoinha;JESUS ÉS O MEU AMADO;Jesus és o meu amado Jesus nunca Te
Igreja Bíblica da Paz;CONFIANÇA;Sei que observas
Igreja Bíblica da Paz;O SENHOR TE LIVRARÁ;O Senhor te livrará o Senhor te livra
Igreja Bíblica da Paz;OFEREÇO MINHA VIDA;Tudo o que sou tudo o que tenho
Imaginasamba;PÁRA DE PIRRAÇA;Pra ter felicidade
Imagination;JUST AN ILLUSION;Illusion... illusion...
Imperatriz Leopoldinense;LIBERDADE, LIBERDADE, ABRE AS ASAS SO;Liberdade liberdade abra as asas sobre nós
Inezita Barroso;LUAR DO SERTÃO;Não há ó gente ó não luar como esse...
Infantil;O SAPO UÁ QUÁ QUÁ;O sapo o sapo na beira da lagoa
Information Society;WHAT'S ON YOUR MIND;I wanna know what you're thinking…
Inimigos da HP;A MUSA DA PRAIA;Tava correndo pela praia quando te a
Inimigos da HP;BONS MOMENTOS;São seus olhos sua boca
Inimigos da HP;BYE BYE;O que será que aconteceu
CANTOR;TÍTULO;INÍCIO DA LETRA
Inimigos da HP;MIL PALAVRAS;Já procurei mil palavras pra dizer o
Inimigos da HP;NOSSO FILME;Faz tanto tempo que eu te perdi
Inimigos da HP;O DIA DO NOSSO AMOR;As nossas carícias
Inimigos da HP;TOCA UM SAMBA AÍ;Meu amor foi embora
Inimigos da HP;VEM BUSCAR O QUE É TEU;Estar apaixonado pode ser muito engr
Inimigos da HP;ZOODSTOCK;O jacaré que escuta Bob Marley
Inimigos da HP e Edson e Hudson;DE PEITO ABERTO PRA QUEM QUER ME AM;Foi passou doeu e não dói mais
Inimigos do Rei;ADELAIDE;Andava na rua à noite
Inimigos do Rei;UMA BARATA CHAMADA KAFKA;Encontrei uma barata na cozinha
Inner Circle;SWEAT (A LA LA LA LA LONG);I've been watching you
INXS;AFTERGLOW;Here I am
INXS;ALL AROUND;I see the rising sun I feel the warming
INXS;ALL THE VOICES;Deep down in my heart
INXS;BY MY SIDE;In the dark of night those small hours
INXS;NEED YOU TONIGHT;(Come over here)...
INXS;NEW SENSATION;Live baby live now that the day is over
INXS;NOT ENOUGH TIME;An' I was lost for words in your arms…
IRA;DIAS DE LUTA;Só depois de muito tempo ...
IRA;ENVELHEÇO NA CIDADE;Mais um ano que se passa...
IRA;FLORES EM VOCÊ;De todo o meu passado boas...
IRA;LOGO DE CARA;De onde você vem quem vai te levar.....
IRA;O GIRASSOL;Eu tento me erguer às próprias custas...
IRA;TARDE VAZIA;Pela janela vejo fumaça vejo pessoa
IRA;TEOREMA;Não vá embora fique um pouco mais...
Ira e Pitty;EU QUERO SEMPRE MAIS;A minha vida eu preciso mudar todo dia
Irene Cara;FAME;Baby look at me
Irene Cara;WHAT A FEELING;First, When there’s nothing...
Iron Maiden;WASTING LOVE;Maybe one day I'll be an honest man
Isabella Taviani;A CANÇÃO QUE FALTAVA;Eu não sabia mais sonhar
Isabella Taviani;DE QUALQUER MANEIRA;Ontem eu vi dentro do teu olhar
Isabella Taviani;DIGA SIM PRA MIM;Eu pensei em comprar algumas flores
Isabella Taviani;DIGITAIS;Eu tava aqui tentando
Isabella Taviani;EU NÃO MORO NA SUA VIDA;Eu tenho mais o que fazer do que me enganar
Isabella Taviani;FOTO POLAROID;Sabe o que me cansa são essas tuas pa
Isabella Taviani;LUXÚRIA;Dobro os joelhos
Isabella Taviani;ÚLTIMO GRÃO;Não demora agora
Israel Novaes e Gusttavo Lima;VEM NI MIM DODGE RAM;Vem ni mim Dodge Ram Focker duzentos e oiten
Itamar Assumpção;FICO LOUCO;Fico louco faço cara de mau
Ivan Lins;A GENTE MERECE SER FELIZ;Tudo que eu fiz
Ivan Lins;ABRE ALAS;Abre alas pra minha folia...
Ivan Lins;ANTES QUE SEJA TARDE;Com força e com vontade
Ivan Lins;BANDEIRA DO DIVINO;Os devotos do divino vão abrir sua
Ivan Lins;BILHETE;Quebrei o teu prato tranquei o meu
Ivan Lins;COMEÇAR DE NOVO;Começar de novo e contar comigo...
Ivan Lins;CONVERSA DE BOTEQUIM;Seu garçom faça o favor de me trazer
Ivan Lins;DAQUILO QUE EU SEI;Daquilo que eu sei nem tudo me deu cla
Ivan Lins;DEPENDE DE NÓS;Depende de nós...
Ivan Lins;DINORAH, DINORAH;Quando a turma reunia alguém sempre
Ivan Lins;LEMBRA DE MIM;Lembra de mim
Ivan Lins;ME DEIXA EM PAZ;Me deixa em paz
Ivan Lins;NOVO TEMPO;No novo tempo apesar dos castigos...
Ivan Lins;PASSARELA NO AR;Quando ela passa por mim
Ivan Lins;PORTA ENTREABERTA;Quando você disse que bateu saudade…
Ivan Lins;SERTANEJA;Êta saudade brava
Ivan Lins;SOMO TODOS IGUAIS NESTA NOITE;Somos todos iguais nesta noite
Ivan Lins;VITORIOSA;Quero sua risada mais gostosa
Ivan Lins;ILUMINADO;O amor tem feito coisas
Ivan Lins;VELAS IÇADAS;Seu coração é um barco de velas içad
Ivan Lins e Jose Feliciano;FELIZ NATAL;Um feliz Natal um feliz Natal
Ivete Sangalo;A GALERA;Fevereiro alegria muita festa todo
Ivete Sangalo;A LUA QUE EU TE DEI;Posso te falar dos sonhos...
Ivete Sangalo;ABALOU;Você comigo é par é mais do que sonha
Ivete Sangalo;ACELERA AÊ;Nesse lance bom nesse ritmo
Ivete Sangalo;AGORA EU JÁ SEI;Duvidava não entendia quando alguém
Ivete Sangalo;ASTRAL;Astral pra cima pra entrar no clima…
Ivete Sangalo;BALANÇANDO DIFERENTE;Tá rolando um samba rock pra dançar você e eu
Ivete Sangalo;BERIMBAU METALIZADO;Que som é esse mano que o povo tá dan
Ivete Sangalo;BUG BUG BYE BYE;Não quero mais esse amor...
Ivete Sangalo;CADÊ DALILA?;Vai buscar Dalila
Ivete Sangalo;CANIBAL;Morava numa ilha perdida e deserta...
Ivete Sangalo;CÉU DA BOCA;É de babaixá é de balacubaca
Ivete Sangalo;COMPLETO;É tão bom ter alguém por perto
Ivete Sangalo;DEIXO;Eu me lembro sempre onde quer que eu v
Ivete Sangalo;DENGO DE AMOR;Encontrar você que coisa boa
Ivete Sangalo;DESEJO DE AMAR;Nosso amor tá dando certo
Ivete Sangalo;EM MIM EM VOCÊ;Eu vou embora de avião eu vou pra...
Ivete Sangalo;FAZ TEMPO;Já não se sabe o momento exato...
Ivete Sangalo;FESTA;Festa no gueto pode vir pode chegar...
Ivete Sangalo;FLOR DO REGGAE;Um brilho de amor chegou na ilha...
Ivete Sangalo;ILUMINA;Meu amor te quero sim
Ivete Sangalo;LOBO MAU;Quem é você
Ivete Sangalo;NA BASE DO BEIJO;Quando eu te pegar você vai ver
Ivete Sangalo;NO BRILHO DESSE OLHAR;Quem mandou você me olhar desse jeito
Ivete Sangalo;NUNCA AMEI ALGUÉM ASSIM COMO EU TE A;Eu nunca amei alguém como eu te amei
CANTOR;TÍTULO;INÍCIO DA LETRA
Ivete Sangalo;PENSO;Penso, penso,penso,penso....
Ivete Sangalo;PERERÊ;Pê pererê... Pererê saiu na capa do jornal...
Ivete Sangalo;PODER;Nesta pista cheia de balanço
Ivete Sangalo;QUANDO A CHUVA PASSAR;Pra que falar
Ivete Sangalo;QUANTO AO TEMPO;Lágrimas não são forever
Ivete Sangalo;QUI BELÊ;Olha que belê... que beleza te beijar
Ivete Sangalo;SE EU NÃO TE AMASSE TANTO ASSIM;Meu coração sem direção voando só por ...
Ivete Sangalo;SORTE GRANDE;A minha sorte grande foi você cair...
Ivete Sangalo;TÁ TUDO BEM;Chegou e me levou como uma onda...
Ivete Sangalo;NÃO PRECISA MUDAR;Não precisa mudar
Ivete Sangalo - Shakira;DANÇANDO;Mamãe vai fazer papai vai fazer
Ivete Sangalo e Ed Mota;MEDO DE AMAR;Você bem quis entender
Ivete Sangalo e Seu Jorge;PENSANDO EM NÓS DOIS;Tava pensando em nós dois
Ivete Sangalo-Marcelo Camelo;TEUS OLHOS;Teus olhos abrem pra mim
Ivo Pessoa;ALÉM DO OLHAR;Quando os olhos vêem o que ninguém mais
Ivo Pessoa;TELETEMA;Rumo
Ivo Pessoa;UMA VEZ MAIS;Voa minha ave voa sem parar…
Izi;PRIMEIRO BEIJO;Mais um dia que estou sem você
J.B. Samba;NA PALMA DA MÃO;Um bom pagode começa assim com
Jack Johnson;BETTER TOGETHER;There's no combination of words
Jack Johnson;BREAKDOWN;I hope this old train breaks down...
Jack Johnson;SITTING, WAITING, WISHING;Well I was sitting waiting wishing
Jack Johnson;TIMES LIKE THESE;In times like these
Jack Johnson;UPSIDE-DOWN;Who's to say....
Jackson 5;I’LL BE THERE;You and I must make a pact...
Jackson 5;NEVER CAN SAY GOODBYE;Never can say goodbye…
Jair Oliveira;BOM DIA ANJO;Em lençóis brancos você dorme
Jair Oliveira;COISAS FÁCEIS;Coisas fáceis fazer um agrado
Jair Oliveira;TIRO ONDA;Cheguei ao mundo sem ter nada
Jair Oliveira e Ed Motta;AMOR E SAUDADE;Certa vez
Jair Rodrigues;A FLOR E O ESPINHO;Tire o seu sorriso do caminho
Jair Rodrigues;ALVORADA;Alvorada lá no morro que beleza
Jair Rodrigues;DISPARADA;Prepare o seu coração...
Jair Rodrigues;MAJESTADE O SABIÁ;Meus pensamentos tomam formas
Jair Rodrigues;O CONDE;Lá iá...Encontrei hoje cedo...
Jair Rodrigues;O CRAVO E A ROSA;Quem toca em abelha cascavel e formi
Jair Rodrigues;TRISTE MADRUGADA;lalaiá….triste madrugada foi aquela…
Jair Rodrigues;TRISTEZA;La laiá…quero de novo cantar…
Jair Rodrigues-Elis Regina;LOUVAÇÃO;Vou fazer a louvação louvação louvação
Jairzinho;DOR DE RESSACA;Qual é que é malandragem qual é
Jairzinho e Simone;CORAÇÃO DE PAPELÃO;Recortei a luz da lua e colei...
Jake;PÓ PARÁ COM PÓ;Pó pará com pó pó pará com pó aê
Jamelão;MATRIZ OU FILIAL;Quem sou eu pra ter direitos exclusivos
James Blunt;GOODBYE MY LOVER;Did I disappoint you or let you down
James Blunt;HIGH;Beautiful dawn...
James Blunt;SAME MISTAKE;So while I'm turning in my sheets
James Blunt;YOU'RE BEAUTIFUL;My life is brilliant....
James Brown;(I GOT YOU) I FEEL GOOD;Whoa!
James Taylor;CAROLINA IN MY MIND;In my mind I’m gone to Carolina...
James Taylor;DON’T LET ME BE LONELY TONIGHT;Do me wrong do me right...
James Taylor;FIRE AND RAIN;Just yesterday mornin’...
James Taylor;HANDY MAN;Hey girls gather 'round…
James Taylor;SWEET BABY JAMES;There is a young cowboy he lives on the...
James Taylor;YOU'VE GOT A FRIEND;When you're down and troubled
Jamie Cullum;MIND TRICK;I missed the opportunity...
Jamily;TEMPO DE VENCER;Tão certo como a luz do amanhecer
Jamiroquai;SEVEN DAYS IN SUNNY JUNE;The pebbles you've arranged...
Jammil e Uma Noites;AS CANÇÕES QUE EU FIZ;Lembro que eu tinha apenas quinze ano
Jammil e Uma Noites;ATMOSFERA;Sonhos de uma noite de verão
Jammil e Uma Noites;BLA BLA BLA;Sempre que eu dizia que ia embora
Jammil e Uma Noites;BRASILEIRÍSSIMA;Ôh ô ô ô ô ôh ô ô ô
Jammil e Uma Noites;CELEBRAR;Celebrar Dance como se ninguém
Jammil e Uma Noites;COLORIR PAPEL;É um vento que passa e que leva
Jammil e Uma Noites;DE BANDEJA;Você me olha meio despreocupada
Jammil e Uma Noites;Ê SAUDADE;Qual a melhor forma de sentir calor
Jammil e Uma Noites;É VERÃO;É verão... sei lá...
Jammil e Uma Noites;MINHA ESTRELA;Eu sei amor de praia não sobe serra
Jammil e Uma Noites;PRAIEIRO;Sou praieiro, sou guerreiro
Jammil e Uma Noites;QUERENDO PAZ;Ôh ôh ôh ôh yêh ê ê ê ôh ôh ôh ôh ôh
Jammil e Uma Noites;SAUDADE DÓI;La la la la la la la la la la la la
Jammil e Uma Noites;TÁ ESPERANDO O QUE?;Já que a chuva foi embora
Jammil e Uma Noites;TCHAU I HAVE TO GO NOW;Tchau
Jana Bianchi;TEMA DE POKÉMON;Esse meu jeito de vider...
Janaina Kais;MULHER PRA NAMORAR;Chega
Janaynna Targino;SACANAGEM TUA;Sacanagem tua me deixar na rua
Janderson e Anderson;PENTADA VIOLENTA;É só pentada é só pentada é só pentada violenta
Jane Duboc;SONHOS;Olhar você dormindo e ver seu sono...
Jane Duboc;CHAMA DA PAIXÃO;Tanto tempo tentando te encontrar
Jane e Herondy;NÃO SE VÁ;Não se vá eu já não posso...
Jane e Herondy;POR MUITAS RAZÕES TE QUERO;Na na na na... na na na na...
Janet Jackson;AGAIN;I heard from a friend today
Janet Jackson;THAT'S THE WAY LOVE GOES;Like a moth to a flame burned by the....
Janis Joplin;PIECE OF MY HEART;Oh come on... Didn't I make you feel
Jason Mraz;I'M YOURS;Well you done done me and you bet I felt
CANTOR;TÍTULO;INÍCIO DA LETRA
Jason Mraz & Colbie Caillat;LUCKY;Now do you hear me I'm talking to you
Jay Vaquer;COTIDIANO DE UM CASAL FELIZ;Alguém sabe dizer o que é normal
Jay Vaquer;LONGE AQUI;Os pais de sua namorada exigiram o fim daquela
Jayne;BEM-TE-VI;Ai de ti oh meu amor...
Jeito Moleque;BEM VINDA;Nunca imaginei chegar tão longe
Jeito Moleque;CORAÇÃO ABERTO;Ta na cara o meu sentimento
Jeito Moleque;EU NUNCA AMEI ASSIM;Melhor a gente se entender
Jeito Moleque;NÃO TEM PRA NINGUÉM;Ela quer, eu dou carinho à beça
Jeito Moleque;NAS NUVENS;Voz de criança pista de dança
Jeito Moleque;TEU SEGREDO;Como eu pude um dia me apaixonar por
Jeito Moleque;AMOR ETERNO;Quero amor eterno
Jeito Moleque;É MÁGICA;Liberdade vento forte
Jennifer Lopez;IF YOU HAD MY LOVE;If you had my love and I gave you all m
Jennifer Lopez;LET'S GET LOUD;Ya te llego
Jennifer Lopez;WAITING FOR TONIGHT;Like a movie scene in the sweetest dreams
Jennifer Paige;CRUSH;Ah crush
Jerry Adriani;COM TERNURA;Vem comigo, vem sentir como é bom...
Jerry Adriani;CORAÇÃO DE CRISTAL (CORAZÓN DE CRIST;Lara lala... Meu coração é de cristal
Jerry Adriani;DIANA;Não te esqueças meu amor
Jerry Adriani;DOCE, DOCE AMOR;Doce, doce amor...
Jerry Adriani;OLHOS FEITICEIROS;Tem feitiço teus olhos
Jerry Adriani;QUERIDA;Querida quero lhe dizer...
Jerry Adriani;SANTA LUCIA LUNTANA;Partono 'e bastimente pe' terre assaj
Jerry Adriani;TUDO ME LEMBRA VOCÊ;Eu sempre te procuro........
Jerry and The Pacemakers;FERRY 'CROSS THE MERCY;Life goes on day after day
Jessé;GAIVOTA DOURADA;Rumo ao sol rumo ao sol
Jessé;PORTO SOLIDÃO;Se um veleiro repousasse na palma
Jessé;SOLIDÃO DE AMIGOS;Lenha na fogueira lua na lagoa
Jessé;VOA LIBERDADE;Voa voa minha liberdade...
Jessica Simpson;I WANNA LOVE YOU FOREVER;Heh heh Oooh
Jet;ARE YOU GONNA BE MY GIRL;Let's go
Jim Reeves;HE'LL HAVE TO GO;Put your sweet lips a little closer
Jimmy Cliff;YOU CAN GET IT IF YOU REALLY WANT;You can get it if you really want…
Jimmy Fontana;CHE SARA;Paese mio che stai sulla collina
Jimmy Fontana;IL MONDO;No
Joan Osborne;ONE OF US;Eh yeah yeah yeah yeah
Joanna;A PADROEIRA;Ó virgem santa rogai por nós...
Joanna;AMANHÃ TALVEZ;Faz que desse jeito só você sabe fazer
Joanna;AMOR BANDIDO;Fale quem quiser falar
Joanna;DIZER NÃO;Nunca mais você me vê chorar.........
Joanna;FOI ASSIM;Foi assim
Joanna;MEU PRIMEIRO AMOR;Saudade palavra triste
Joanna;NADA SÉRIO;Nada sério era sempre assim
Joanna;RECADO;Mandei um recado pro meu namorado...
Joanna;TÔ FAZENDO FALTA;Ontem te encontrei você estava...
Joanna;TÔ MORRENDO DE SAUDADE;Hoje a gente nem se fala
João Bosco;DE FRENTE PRO CRIME;Tá lá o corpo estendido no chão
João Bosco;INCOMPATIBILIDADE DE GÊNIOS;Dotô jogava o Flamengo eu queria…
João Bosco;JADE;Aqui meu irmão ela é coisa rara…
João Bosco;KID CAVAQUINHO;Ói que foi só pegar no cavaquinho...
João Bosco;LINHA DE PASSE;Toca de tatu
João Bosco;PAPEL MACHÊ;Cores do mar, festa do sol
João Bosco;QUANDO O AMOR ACONTECE;Coração sem perdão
João Bosco e Vinícius;AH, É?;Olha
João Bosco e Vinícius;CHORA PEITO, CHORA;Minha vida sem você
João Bosco e Vinícius;CHORA, ME LIGA;Não era pra você se apaixonar
João Bosco e Vinícius;CHUVA;O céu está fechado escuro
João Bosco e Vinícius;CONSTELAÇÕES;Meus pés não ficam mais no chão quando
João Bosco e Vinícius;CORAÇÃO SÓ VÊ VOCÊ;Se esse amor não falasse tão alto as
João Bosco e Vinícius;CURTIÇÃO;Chega fazendo de conta que não me con
João Bosco e Vinícius;MAGIA;No teu olhar
João Bosco e Vinícius;O FORA;Cheguei atrasado pro encontro de amor
João Bosco e Vinícius;PARECE CASTIGO;Aonde estou que não perco a cabeça
João Bosco e Vinícius;SEM ESSE CORAÇÃO;Eu queria amar um pouco menos você
João Bosco e Vinícius;SOFRENDO POR AMOR;Tá sofrendo por amor por que não joga
João Bosco e Vinícius;SUFOCO;Eu sei que é amor e sinto pra valer
João Bosco e Vinícius;TARDE DEMAIS;Pois quando está sozinha liga toda
João Bosco e Vinícius;TEMA DIFERENTE;Eu quis fazer uma canção diferente
João Bosco e Vinícius;TÔ FALANDO SÉRIO;Você não tem limite você não tem hora
João Bosco e Vinícius;VOU DOAR MEU CORAÇÃO;Amigo por favor me dê uma ajuda
João Carreiro e Capataz;É PRA CABÁ;É pra cabá com o pequi do Goiás é pra
João Carreiro e Capataz;FACULDADE DA PINGA;Estuda não mai beber pinga é com nóis mesmo
João Carreiro e Capataz;VOLTA PRO MEU CORAÇÃO;Tentei fugir de ti
João Donato;NÃO SEI COMO FOI;Não sei se foi…
João Lucas & Marcelo;EU QUERO TCHU, EU QUERO TCHA;Eu quero tchu eu quero tcha
João Márcio e Fabiano;CASA DAS PRIMA;Deixe minhas coisas no portão
João Márcio e Fabiano;PISTOLEIRA;Entre o céu e o inferno dei a ela o
João Mineiro e Marciano;ALINE;Ontem retornei na areia
João Mineiro e Marciano;AMOR CLANDESTINO;Quando a porta se abrir
João Mineiro e Marciano;CRISES DE AMOR;Só existe um caminho pra nós dois
João Mineiro e Marciano;ESTA NOITE COMO LEMBRANÇA;Você me pede nesta noite que estamos
João Mineiro e Marciano;SEU AMOR AINDA É TUDO;Muito prazer em revê-la
João Mineiro e Marciano;VIOLA ESTÁ CHORANDO;Trago no peito uma saudade tão doída
Joao Neto e Frederico;GALERA DO BOTECO;Alô Galera do boteco
CANTOR;TÍTULO;INÍCIO DA LETRA
João Neto e Frederico;BEBO E DOU TRABALHO;Eu já bebi pra carai
João Neto e Frederico;DETONOU;Detonou explodiu
João Neto e Frederico;DIFÍCIL;Difícil não pensar
João Neto e Frederico;É PRA VALER;Se telefono por que não me atende
João Neto e Frederico;FILME DE AMOR;Sou louco por você me dê a sua mão
João Neto e Frederico;LÊ LÊ LÊ;Em plena sexta-feira fui tentar me
João Neto e Frederico;MEU CORAÇÃO PEDE CARONA;Faz tempo tô na estrada
João Neto e Frederico;NÃO VOU MAIS CHORAR;Te esquecer era o que eu mais queria
João Neto e Frederico;O CARA ERRADO;Quando você foi embora eu disse pra v
João Neto e Frederico;PEGA FOGO CABARÉ;Mas pega fogo cabaré
João Neto e Frederico;TÁ COMBINADO;Tá pra nascer alguém que me prenda
João Neto e Frederico;TE AMO E NADA MAIS;Teus olhos o teu jeito a sua voz fala
João Paulo & Eduardo;PROMESSA;Tô sentindo sua falta quero seu calor
João Paulo e Daniel;ALGUÉM;Alguém, eu preciso ter alguém...
João Paulo e Daniel;AS COISAS SÃO COMO SÃO;As vezes quando a gente sonha
João Paulo e Daniel;COM QUAL CARÍCIA;Você faz tudo que eu gosto
João Paulo e Daniel;CUIDA DE MIM;Outra vez cheguei tarde
João Paulo e Daniel;ELA TEM O DOM DE ME FAZER CHORAR;Deus, hoje eu vim aqui
João Paulo e Daniel;ESTOU APAIXONADO;Quero beber o mel em sua boca
João Paulo e Daniel;EU ME AMARREI;Eu me amarrei, eu me amarrei
João Paulo e Daniel;FAZENDA SÃO FRANCISCO;Eu fiz a maior proeza
João Paulo e Daniel;GRUDA EM MIM;Quando te vejo coração bate apressad
João Paulo e Daniel;HOJE EU SEI;Outra vez eu cheguei tarde
João Paulo e Daniel;MINHA ESTRELA PERDIDA;Você vai rir quando eu pedir
João Paulo e Daniel;MINI-SAIA;Mulher toma sua linha eu sou seu mari
João Paulo e Daniel;POEIRA DA ESTRADA;Levantei a tampa voltei ao passado
João Paulo e Daniel;ROSTO MOLHADO;Enxugue o rosto meu amor
João Paulo e Daniel;SÓ DÁ VOCÊ NA MINHA VIDA;Hoje cedo eu chorei
João Paulo e Daniel;TE AMO CADA VEZ MAIS;Pegue-me
João Paulo e Daniel;TOMA CONTA DE MIM;Me segura amor que eu sou a sua sort
João Paulo e Daniel;VAZIO;Como é que eu posso esquecer
João Paulo e Daniel;VOCÊ SÓ ME FAZ FELIZ;É nesse sonho que eu me encontro
João Paulo e Eduardo;DOIDA;Doida pirada
João Pedro e Cristiano;VIDA CIGANA;Ó meu amor não fique triste...
João Penca e Seus Miquinhos Amestr;BANANA SPLIT;Foi há muito tempo
João Penca e Seus Miquinhos Amestr;COMO O MACACO GOSTA DE BANANA;A minha palmeira é muito maneira eu
João Penca e Seus Miquinhos Amestr;LÁGRIMAS DE CROCODILO;No meio do deserto encontrei a sua i
João Penca e Seus Miquinhos Amestr;PSICODELISMO EM IPANEMA;Acordei um certo dia de um sono
João Penca e seus Miquinhos Amestr;MATINÊ NO RIAN;Eu por você sou capaz de mudar
João Sabiá;ELE VAI DAR PINTA;Ele vai dar pinta no Fashion Week
João Só;MENINA DA LADEIRA;Menina que mora na ladeira
Joaquim e Manoel;BOATE AZUL;Doente de amor...
Joaquim e Manoel;SOM DE CRISTAL;A casa noturna
Joe Cocker;YOU ARE SO BEAUTIFUL;You are so beautiful to me
Joe Cocker & Jennifer Warnes;UP WHERE WE BELONG;Who knows what tomorrow brings
Joe Euthanázia;ME LEVA PRA CASA;Ligo o rádio do meu carro e pego a e
Joe Jeffrey & Group;MY PLEDGE OF LOVE;I woke up this morning baby
John Denver;ANNIE'S SONG;You fill up my senses
John Denver;SUNSHINE ON MY SHOULDERS;Sunshine on my shoulders
John Denver;TAKE ME HOME COUNTRY ROADS;Almost heaven, west Virginia
John Denver e P. Domingo;PERHAPS LOVE;Perhaps love is like a resting place...
John Lennon;IMAGINE;Imagine there's no heaven
John Lennon;LOVE;Love is real is love love  is feeling
John Lennon;MIND GAMES;We're playing those mind games...
John Lennon;STAND BY ME;When the night has come
John Lennon;WOMAN;Woman, I can hardly express...
John Paul Young;LOVE IS IN THE AIR;Love is in the air everywhere I look a
John Travolta & Olivia Newton John;YOU'RE THE ONE THAT I WANT;I got chills they're multiplyin'
Johnny Horton;ALL FOR THE LOVE OF  A GIRL;Well today I'm so weary
Johnny Mathis;A CERTAIN SMILE;A certain smile a certain face…
Johnny Mathis;EVIE;There ain't future in it Evie
Johnny Mathis;GINA;Gina Gina
Johnny Mathis;MIST;Look at me I'm as helpless
Johnny Mathis;MY LOVE FOR YOU;My love for you
Johnny Nash;I CAN SEE CLEARLY NOW;I can see clearly now the rain is gone
Johnny Rivers;DO YOU WANNA DANCE;Do you wanna dance and hold my hand...
Johnny Rivers;POOR SIDE OF TOWN;Do doo bee doo wah shoo be doo be…
Johnny Rivers;SECRET AGENT MAN;There's a man who leads a life of danger
Johnny Rivers;SUMMER RAIN;Summer rain taps at my window
Jojo;LEAVE (GET OUT);I've been waiting all day for you babe
Jojo;TOO LITLE TOO LATE;Come with me stay the night
Jon Secada;DO YOU BELIEVE IN US;I tremble inside just thinking
Jon Secada;IF YOU GO;Taking a day at a time
Jon Secada;JUST ANOTHER DAY WITHOUT YOU;Mornings alone
Jonas Brothers;KIDS OF THE FUTURE;We're the kids we're the kids of the future
Jonas Brothers;WHEN YOU LOOK ME IN THE EYES;If the heart is always searching
Jonny Lang;LIE TO ME;Lie to me and tell me everything is all right
Jorge Aragão;À SOMBRA DA AMENDOEIRA;Que é que eu fiz pra você não sei
Jorge Aragão;ABUSO DE PODER;Lá lá... Eu disse a você...
Jorge Aragão;CONSELHO;Deixe de lado esse baixo astral
Jorge Aragão;DOCE AMIZADE;Vem vem pra me ver feliz...
Jorge Aragão;É TANTA ESSA DOR;É tanta essa dor mas tento manter serena
Jorge Aragão;FALSA CONSIDERAÇÃO;Agora eu sei
Jorge Aragão;FEITIÇO DE PAIXÃO;Queria o prazer do amor assim desejando estou..
CANTOR;TÍTULO;INÍCIO DA LETRA
Jorge Aragão;JÁ É;Não sei como aconteceu dava tudo...
Jorge Aragão;LOUCURAS DE UMA PAIXÃO;Sem lhe conhecer...
Jorge Aragão;MALANDRO;La laiá laiá....Malandro.......
Jorge Aragão;PAPEL DE PÃO;Eu nem sei dizer o que senti
Jorge Aragão;SIM;Sim agora tenho sim razões para viver
Jorge Aragão;VINGARÁ;Ninguém nunca entenderá nem eu tudo quanto p
Jorge Aragão e Exaltasamba;EU E VOCÊ SEMPRE;Logo logo assim que puder...
Jorge Aragão e Jorge Vercilo;ENCONTRO DAS ÁGUAS;Sem querer…
Jorge Aragão e Zeca Pagodinho;MUTIRÃO DE AMOR;Cada um de nós deve saber se…
Jorge Benjor;A BANDA DO ZÉ PRETINHO;A Banda do Zé Pretinho Chegou
Jorge Benjor;A PRINCESA E O PLEBEU;Sei que sou pobre contigo não posso ca
Jorge Benjor;ALCOHOL;O mago mandou avisar: água de beber
Jorge Benjor;BEBETE VÃOBORA;Bebete vãobora pois já está na hora
Jorge Benjor;CADÊ TEREZA;Cadê Tereza onde anda minha Tereza...
Jorge Benjor;CARAMBA! GALILEU DA GALILÉIA;Disseram que ele não vinha
Jorge Benjor;CAROLINA CAROL BELA;Foi numa tarde de domingo
Jorge Benjor;CHARLES ANJO 45;Oba oba oba Charles
Jorge Benjor;CHOVE CHUVA;Chove chuva chove sem parar
Jorge Benjor;ENGENHO DE DENTRO;Olhaí meu bem prudência e dinheiro
Jorge Benjor;FIO MARAVILHA;Novamente ele chegou com
Jorge Benjor;IVE BRUSSEL;Você com essa mania sensual
Jorge Benjor;MAS QUE NADA;Oh, Bahia aiô obá, obá, obá
Jorge Benjor;MULHER BRASILEIRA;Mulher brasileira aonde é que está…
Jorge Benjor;O TELEFONE TOCOU NOVAMENTE;O telefone tocou novamente...
Jorge Benjor;OS ALQUIMISTAS ESTÃO CHEGANDO;Os alquimistas estão chegando
Jorge Benjor;PAÍS TROPICAL;Moro num país tropical abençoado
Jorge Benjor;POR CAUSA DE VOCÊ MENINA;Por causa de você bate em meu peito
Jorge Benjor;QUE MARAVILHA;Lá fora está chovendo
Jorge Benjor;QUE PENA;Ela já não gosta mais de mim
Jorge Benjor;SALVE SIMPATIA;Com sorriso carinho
Jorge Benjor;SANTA CLARA CLAREOU;Santa Clara clareou ôh ôh
Jorge Benjor;W/BRASIL;Alô alô W/Brasil
Jorge Benjor;XICA DA SILVA;Xica da, Xica da, Xica da Silva
Jorge e Mateus;200 POR HORA;Não dá pra esquecer teus olhos
Jorge e Mateus;AÍ JÁ ERA;Para pra pensar porque eu já me toquei
Jorge e Mateus;AMO NOITE E DIA;Tem um pedaço do meu peito
Jorge e Mateus;AMOR COVARDE;Quando a gente fica junto tem briga
Jorge e Mateus;AMOR NÃO É JOGO DE AZAR;Está na hora de você voltar pra mim
Jorge e Mateus;CHOVE, CHOVE;Chove quando você some
Jorge e Mateus;DE TANTO TE QUERER;Larga tudo e vem correndo
Jorge e Mateus;DUAS METADES;Pra falar do amor de verdade vou começar
Jorge e Mateus;ESPELHO;Baby as palavras estão mudas
Jorge e Mateus;FLOR;Flor ô u ô ô... Flor pra onde for você for
Jorge e Mateus;MEU BEM QUERER;Posso até fazer de tudo pra você vol
Jorge e Mateus;MIL ANOS;Você fala demais
Jorge e Mateus;MISTÉRIOS;Não há disfarce nesse seu olhar
Jorge e Mateus;MORENA PROIBIDA;Por causa de um par de olhos negros
Jorge e Mateus;O QUE É QUE TEM?;E pra deixar acontecer a pena tem que valer
Jorge e Mateus;PODE CHORAR;Quase que acabo com a minha vida
Jorge e Mateus;SAUDADE;Meus olhos estão mergulhados num pranto
Jorge e Mateus;SE EU PEDIR CÊ VOLTA;Eu nem lembrava mais o gosto do seu
Jorge e Mateus;TE AMO TANTO;Ah não dá mais pra ficar assim
Jorge e Mateus;TE CUIDA CORAÇÃO;Já cansei de avisar pro meu coração
Jorge e Mateus;TEM NADA A VER;Alguém me disse que você falou
Jorge e Mateus;TEMPO AO TEMPO;Você já percebeu
Jorge e Mateus;TRAZ ELA DE VOLTA PRA MIM;Meu bem o que aconteceu
Jorge e Mateus;VOA BEIJA FLOR;Você não sabe o que é amor
Jorge e Mateus;VOU FAZER PIRRAÇA;Vou pagar promessa de joelhos
Jorge e Mateus-Cristiano;EFEITOS;Seus efeitos ainda dominam em mim
Jorge Guilherme;VESTÍGIOS;Tava escuro e eu procurando por você
Jorge Vercilo;AVESSO;Nós já temos encontro marcado
Jorge Vercilo;CICLO;Eu não sei o que me domina…
Jorge Vercilo;DEVANEIO;Mergulhei no mar e não dava pé
Jorge Vercilo;DEVE SER;Deve ser
Jorge Vercilo;ELA UNE TODAS AS COISAS;Ela une todas as coisas como eu pode
Jorge Vercilo;EM ÓRBITA;Quero ter voçê...
Jorge Vercilo;EU E A VIDA;Vem me pedir além do que eu posso dar
Jorge Vercilo;FÊNIX;Eu prisioneiro meu…
Jorge Vercilo;HIMALAIA;O mundo inteiro está guardado em mim
Jorge Vercilo;HOMEM-ARANHA;Eu adoro andar no abismo…
Jorge Vercilo;INVISÍVEL;Quando passou aqui você me abalou
Jorge Vercilo;LEVE;O levitar dos colibris graciosamente
Jorge Vercilo;LIVRE;Um no Leme outro no Leblon
Jorge Vercilo;MELHOR LUGAR;Se fosse por mim eu ficava
Jorge Vercilo;MONALISA;É incrível nada desvia um destino...
Jorge Vercilo;PENSO EM TI;Eu queria não sentir essa saudade
Jorge Vercilo;PRAIA NUA;Ah meu sol meu bem minha vida escurec
Jorge Vercilo;QUE NEM MARÉ;Faz um tempão…
Jorge Vercilo;SIGNO DE AR;anda…manda e desmanda num beijo…
Jorge Vercilo;TODA ESPERA;É a paciência foi pela vida inteira
Jorge Vercilo;ULTRA LEVE AMOR;Passo de novo na rua em que você…
Jorge Vercilo;UM SEGREDO E UM AMOR;Um segredo e um amor o que será maio
Jorge Vercilo;VELA DE ACENDER VELA DE NAVEGAR;Vê-la me faz crescer
Jorge Vercilo;VENTANIA;Sangro sangro os mares à serviço do Rei estou
CANTOR;TÍTULO;INÍCIO DA LETRA
José Augusto;AGÜENTA CORAÇÃO;Coração, diz pra mim
José Augusto;ALMA E CORAÇÃO;Quem é você que conquistou meu coração...
José Augusto;COISAS DO CORAÇÃO;Quantas vezes te falei
José Augusto;SÁBADO;Todo sábado é assim eu me lembro...
José Feliciano;ONCE THERE WAS A LOVE;Once there was a love
José Roberto;BENZINHO;Benzinho... por que deixou-me assim
Jota Canalha;CHATOS EM DESFILE;Se o cara chateia
Jota Quest;ALÉM DO HORIZONTE;Além do horizonte existe um lugar
Jota Quest;AMOR MAIOR;Eu quero ficar só...
Jota Quest;DE VOLTA AO PLANETA DOS MACACOS;Lá fora
Jota Quest;DO SEU LADO;La la... Faz muito tempo mas eu...
Jota Quest;FÁCIL;Tudo é tão bom e azul e calmo
Jota Quest;JÁ FOI;Eu sempre quis fazer você feliz
Jota Quest;LA PLATA;Grana suja grana justa
Jota Quest;MAIS PERTO DE MIM;Quem sabe um dia ainda consiga
Jota Quest;NA MORAL;Na moral , na moral só na moral...
Jota Quest;O QUE EU TAMBEM NÃO ENTENDO;Essa não e mais uma carta de amor...
Jota Quest;O SOL;Ei dor... eu não te escuto mais
Jota Quest;O VENTO;Voe por todo mar e volte aqui...
Jota Quest;OXIGÊNIO;Mesmo com a fumaça dá pra ver...
Jota Quest;PALAVRAS DE UM FUTURO BOM;Anda... enquanto o dia acorda
Jota Quest;SEIS E TRINTA;Pareço contigo normal e do avesso
Jota Quest;SEMPRE ASSIM;Sete e quinze eu acordo e começo...
Jota Quest;SÓ HOJE;Hoje eu preciso te encontrar….
Jota Quest;TELE-FOME;Não alimento amor por telefone...
Jota Quest;ÚNICO OLHAR;Então me coloco à sua frente
Jota Quest;VEM ANDAR COMIGO;Basta olhar no fundo dos meus olhos
Jota Queste;DIAS MELHORES;Vivemos esperando dias melhores ...
Jovem Guarda;RITMO DA CHUVA;Olho para a chuva que não quer cessar
Joyce;CLAREANA;Um coração de mel
Joyce;FORA DE HORA;Fora de hora
Juan Luis Guerra;ROMANCE ROSA;Eu te dei uma rosa que encontrei
Juca Novaes e Lenine;MEIO ALMODÓVAR;Oh oh oh oh... Foi só um ensaio
Judy Garland;OVER THE RAINBOW;Somewhere over the rainbow…
Juízo Final;ATLETAS DE CRISTO;Atletas... Com um compromisso...
Juliana Baroni;CIDADE TRISTE;A dor
Juliana Baroni;DANCE, DANCE, DANCE;Tantos desafios tanto a percorrer
Juliana Baroni;QUERO TE ENCONTRAR;É triste saber
Juliana Baroni e Lorenzo Martins;NÃO HÁ HORA NEM LUGAR;De que adianta reclamar
Juliana Diniz;PARA FICAR;Menino o seu amor foi-se embora
Julie Andrews;DO RE MI;Doe a deer a female deer
Julie Andrews;EDELWEISS;Edelweiss edelweiss
Julieta Venegas e Marisa Monte;ILUSION;Uma vez eu tive uma ilusão
Julio Iglesias;CRAZY;Crazy, I'm crazy for feeling so lonely
Julio Iglesias;DEVANEIOS;Ou me queres ou me deixas
Julio Iglesias;SÓ VOCÊ VAI ME FAZER FELIZ;Hoje eu sei e não vou mentir
Julio Iglesias e Daniel;VIVER A VIDA;Deixa que eu te fale um pouco...
Julio Iglesias, Zezé e Luciano;DOIS AMIGOS;Amigo eu vim aqui pra te falar
Jussara Silveira;ALÉM DO PARAÍSO;Perversa serpente do mal mentirosa e
Justin Bieber;BABY;Oh uh oh ah aaah
Justin Timberlake;ROCK YOUR BODY;Don't be so quick to walk away
Justin Timberlake;SEXY BACK;I'm bringin' sexy back them other boys
Justin Timberlake;WHAT GOES AROUND COMES AROUND;Hey girl is he everything you wanted
Juventude SA;HISTÓRIA DE AMOR;E foi assim que tudo aconteceu...
K.C.& The Sunshine Band;PLEASE DON'T GO;Babe, I love you so I want you to know
K.D.Lang;CONSTANT CRAVING;Even through the darkest phase…
Kadoshi;AGRADECIMENTO;Deus venho agradecer
Kadoshi;ALEGRIA;Alegria está em nós
Kadoshi;COMPROMISSO;Não existe nada melhor
Kadoshi;ENCONTRO;Procurei a paz e o amor a ternura
Kadoshi;EU NÃO PENSAVA;Eu não pensava que viria a saber
Kadoshi;FILHO PRÓDIGO;Um filho perdido voltou
Kadoshi;HÁ MOMENTOS;Há momentos que na vida pensamos
Kadoshi;O SENHOR É A MINHA LUZ;O Senhor é a minha luz a minha
Kadoshi;QUEM VIVE COM CRISTO;Quem vive com Cristo é feliz
Kadoshi;QUERO SIM;Ah, eu quero sim o teu amor, Senhor
Kadoshi;RAZÃO;Oh! Só Jesus
Kadoshi;REFRIGÉRIO;Tua vóz me traz consolo e refrigério
Kadoshi;TENHA FÉ;Tenha fé irmão tenha fé irmão
Kadoshi;VIVER O AMOR;Aqui está o Pai aqui está o Filho
Kaleidoscópio;FELIZ DE NOVO;Para para para para... eu sei que você
Kaleidoscópio;TEM QUE VALER;Tem que valer valer viver
Kaleidoscópio;VOCÊ ME APARECEU;Você me apareceu... Fez o tudo virar nada
Kaluana e Adriana Ribeiro;TUA INDIFERENÇA;Por que você não liga mais
Kansas;DUST IN THE WIND;I close my eyes
Kaoma;DANÇANDO LAMBADA;Morena, cintura de mola...
Karametade;COMO É QUE EU VOU FAZER;E quando a gente se encontrar...
Karametade;DANDÁ;Teu sorriso despertou em mim...
Karametade;DECISÃO;Há tanto tempo queria te falar
Karametade;GRITO DE PAIXÃO;Ilusão é uma flor no meio de
Karametade;LOUCA SEDUÇÃO;Com você eu fiz amor eu fiz paixão
Karametade;NÃO SEI SE TE ACEITO;Quando eu soube que voçê tinha ficado...
Karametade;NUNCA VOU DEIXAR VOCÊ;Não mudou nada em mim...
Karametade;SE MELHORAR ESTRAGA;Estava mal, de baixo astral
CANTOR;TÍTULO;INÍCIO DA LETRA
Karina Battis;O DONO DOS MEUS SONHOS;Tem tantas coisas que eu não entendo...
Karla Sabah;FATO CONSUMADO;Eu quero ver você mandar na razão
Karlos e Alessandro;DEIXA;Dentro desse teu sorriso eu vejo...
Karnak;COMENDO UVA NA CHUVA;Comendo uva na chuva
Karnak;JUVENAR;Tá frio aqui tá muito poluído
Kate Tunstall;SUDDENLY I SEE;Her face is a map of the world....
Kátia;DIREITOS;Você me aceitou
Kátia;LEMBRANÇAS;Já faz tanto tempo que eu deixei
Kátia;QUALQUER JEITO;Todo dia ao amanhecer
Katinguelé;MINHA DEUSA;Acordo pensando em você...
Katinguelê;APAIXONADAMENTE;Quando, te encontrei chorando
Katinguelê;APELO DE QUEM AMA;Quando eu me encontrar
Katinguelê;CILADA;Eh, mulher me comovi com sua história
Katinguelê;CORPO LÚCIDO;Como é difícil entender por que
Katinguelê;ENGRAÇADINHA;Linda de viver
Katinguelê;INARAÍ;Seu corpo é o mar por onde quero...
Katinguelê;LUANA;Eu vendo você na tristeza
Katinguelê;NO COMPASSO DO CRIADOR;Ao teu lado sou criança nosso amor é
Katinguelê;PEDINDO BIS;Meu bem meu coração está pedindo bis
Katinguelê;PERTINHO;Te sinto tão pertinho quando fico
Katinguelê;RECADO Á MINHA AMADA;Lua vai iluminar os pensamentos dela
Katinguelê;SÓ PEDINDO BIS;Não vejo a hora e o momento de te
Katinguelê;UM DOCE SABOR;Como definir seu beijo
Katsbarnea;EXTRA;Johny venha...
Katy Perry;HOT N COLD;You change your mind
Katy Perry;I KISSED A GIRL;This was never the way I planned
Katy Perry;WAKING UP IN VEGAS;You gotta help me out
KC & The Sunshine Band;SHAKE, SHAKE, SHAKE (SHAKE YOUR BOOT;Oh everybody get on the floor
Keane;EVERYBODY'S CHANGING;You say you wander your own land
Keane;IS IT ANY WONDER;I... I always thought that I knew...
Keane;SOMEWHERE ONLY WE KNOW;I walked across an empty land
Keane;THIS IS THE LAST TIME;This is the last time
Kelly Clarkson;BECAUSE OF YOU;I will not make the same mistakes...
Kelly Clarkson;BREAKAWAY;Grew up in a small town...
Kelly Key;A LOIRINHA, O PLAYBOY E O NEGÃO;Geral tava olhando a loirinha com o
Kelly Key;ADOLETA;Me ganhou com esse jeito de menino…
Kelly Key;ANJO;Mais uma noite chega e com ela....
Kelly Key;BABÁ;Coitado... Você não acreditou...
Kelly Key;BARBIE GIRL;Sou a Barbie Girl
Kelly Key;CACHORRINHO;Se tem uma coisa que me deixa passada…
Kelly Key;PEGUE E PUXE;Puxe puxe
Kelly Key;TÔ FORA;Podia ser muito melhor do que pensava
Kelly Key;VOCÊ É O CARA;A confiança tá fluindo
Kenny Loggins;FOOTLOOSE;I been workin' so hard
Kenny Rogers;LADY;Lady, I'm your knight in shining armor
Kenny Rogers;SHE BELIEVES IN ME;While she lays sleeping
Kenny Rogers;THROUGH THE YEARS;I can't remember when you weren't there
Kenny Rogers;YOU DECORATED MY LIFE;All my life was a paper…
Kenny Rogers & Sheena Easton;WE'VE GOT TONIGHT;I know it's late I know you're weary...
Kenny Rogers e Dolly Parton;ISLANDS IN THE STREAM;Baby when I met you there was peace on
Kid Abelha;A FÓRMULA DO AMOR;Eu tenho gestos aptos
Kid Abelha;ALICE;Tantos sonhos morrem em poucas palavra
Kid Abelha;AMANHÃ É 23;As entradas do meu rosto
Kid Abelha;COMO É QUE EU VOU EMBORA;Ah, ah, ah, ah, ah, ah, ah
Kid Abelha;COMO EU QUERO;Diz pra eu ficar muda faz cara de mistério
Kid Abelha;DEPOIS DAS SEIS;Desorientada esperei a lua aparece
Kid Abelha;DEUS (APAREÇA NA TELEVISÃO);Ah ah ah ah ah ah ah ah se ele é Deus
Kid Abelha;EDUCAÇÃO SENTIMENTAL;Eu ando tão nervoso pra te escrever
Kid Abelha;EDUCAÇÃO SENTIMENTAL II;A vida que me ensinaram
Kid Abelha;EM NOVENTA E DOIS;Meu coração está on
Kid Abelha;EU CONTRA A NOITE;Fiz um contrato com a noite...
Kid Abelha;EU SÓ PENSO EM VOCÊ;Saí de casa à procura de ilusões...
Kid Abelha;EU TOU TENTANDO;Eu tou tentando largar o cigarro
Kid Abelha;FIXAÇÃO;Seu rosto na TV parece um milagre
Kid Abelha;GRAND' HOTEL;Se agente não tivesse feito tanta coisa
Kid Abelha;LÁGRIMAS E CHUVA;Eu perco o sono e choro...
Kid Abelha;NA RUA, NA CHUVA, NA FAZENDA;Não estou disposto
Kid Abelha;NADA POR MIM;Você me tem fácil de mais
Kid Abelha;NADA SEI (APNÉIA);Nada sei dessa vida vivo sem saber…
Kid Abelha;NADA TANTO ASSIM;Só tenho tempo pras manchetes...
Kid Abelha;NO SEU LUGAR;Desde que estamos aqui eu não quero...
Kid Abelha;OS OUTROS;Já conheci muita gente gostei de alguns
Kid Abelha;PEITO ABERTO;Me dá a mão me leva embora…
Kid Abelha;PINTURA ÍNTIMA;Vem amor que a hora é essa
Kid Abelha;POR QUE EU NÃO DESISTO DE VOCÊ;Eu não desisto de você você precisa
Kid Abelha;SEU ESPIÃO;Uh uh uh... Ver você dormir...
Kid Abelha;STRIP-TEASE;Cai t-shirt
Kid Abelha;TE AMO PRA SEMPRE;Na na na na na na na
Kid Abelha;TODO MEU OURO;De longe eu penso em você
Kika Tristão;CORES DO VENTO;Se acha que eu sou selvagem
Kiko Zambianchi;ROLAM AS PEDRAS;Vejo sonhos livres pais irmãos e filho
Kiko Zambianchi;HEY JUDE;Hey Jude, não fique assim...
Kiloucura;EU TE AMO;Eu não aguento mais ter que viver...
CANTOR;TÍTULO;INÍCIO DA LETRA
Kiloucura;FALANDO SÉRIO;Só se eu fosse louco
Kiloucura;MEU CASAMENTO;Você devidiu meu coração...
Kiloucura;PELA VIDA INTEIRA;Quero ter você custe o que custar...
Kim Carnes;BETTE DAVIS' EYES;Her hair is harrow gold
Kiss;DETROIT ROCK CITY;I feel uptight on a saturday night
Kiss;FOREVER;I gotta tell you what I'm feeling insid
Kiss;LOVE GUN;I really love you baby
KLB;A CADA DEZ PALAVRAS;Faz tanto tempo que eu venho te…
KLB;A DOR DESSE AMOR;Perdoa se estou te ligando...
KLB;A ILHA;Uma ilha deserta só pra nós dois
KLB;AMOR DE VERDADE;Entrou na minha vida feito um furacão
KLB;CAROLINA;E esse dia que não passa O telefone
KLB;CHUVAS DE VERÃO;Veio feito nuvem numa ventania...
KLB;ELA NÃO ESTÁ AQUI;Tá dificil esquecer...
KLB;EM MIM SÓ DÁ VOCÊ;Por que a nossa história precisa...
KLB;ESTOU EM SUAS MÃOS;Você chegou derepente...
KLB;EU NUNCA TE ESQUECI;De novo vem a noite e eu estou aqui...
KLB;MINHA TIMIDEZ;Quero tanto dizer que eu só penso em...
KLB;POR CAUSA DE VOCÊ;Só você não vê finge que não sabe...
KLB;POR QUE TEM QUE SER ASSIM?;Uma linda estela eu vi brilhar...
KLB;QUERO FICAR COM VOCÊ;Dessa vez vou ter coragem
KLB;SEU NOME;Quando escuto a sua voz...
KLB;SÓ DESSA VEZ;Não consigo aceitar por que não você…
KLB;TE AMAR AINDA MAIS;Pra que se esconder se enganar...
KLB;UM ANJO;Hoje eu sonhei com um anjo…
Kleber Lucas;ALEGRIA DO SENHOR;O espírito de Deus se move em mim
Kleber Lucas;AOS PÉS DA CRUZ;Meu Jesus maravilhoso
Kleber Lucas;CASA DE DAVI CASA DE ORAÇÃO;Restaura Senhor o teu tabernáculo
Kleber Lucas;PRA VALER A PENA;Amanheceu
Kleber Lucas;VOU SEGUIR COM FÉ;O meu Deus é maior que os meus problem
Kleiton e Kledir;CORPO E ALMA;Quando eu era assim bem menor
Kleiton e Kledir;DEU PRA TI;Deu pra ti baixo astral
Kleiton e Kledir;FONTE DA SAUDADE;Esse quarto é bem pequeno
Kleiton e Kledir;NEM PENSAR;Eu hein nem pensar outra vez nem pensar...
Kleiton e Kledir;PÁRA, PEDRO;Era um baile lá na serra na Fazenda
Kleiton e Kledir;RODA DA FORTUNA;Em pleno século vinte eu quero mais é
Kleiton e Kledir;VIRA VIROU;Vou voltar na primavera...
Kleiton e Kledir;PAIXÃO;Oh... oh, oh, oh, oh oh...
Klymaxx;I MISS YOU;Though I heard your voice yesterday
Knack;MY SHARONA;Oh my little pretty one my pretty
Koinonya;FLUA;Flua em mim Senhor a Tua graça
Koinonya;GRAÇAS A DEUS;Graças a Deus que nos dá a vitória em
Koinonya;LEÃO DE JUDÁ PREVALECEU;Ouve-se o júbilo em todos os povos
Koinonya;OFERTA DE AMOR;Venho Senhor minha vida oferecer
Kool And The Gang;CELEBRATION;Ya hoo ya hoo Celebrate good times...
Kris Kristofferson;FOR THE GOOD TIMES;Don't look so sad, I know it's over
Kris Kristofferson;HELP ME MAKE IT THROUGH THE NIGHT;Take the ribbon from your hair
Kylie Minogue;ALL THE LOVERS;Dance It's all I wanna do
Lady Antebellum;I RUN TO YOU;I run from hate
Lady Antebellum;NEED YOU NOW;Picture perfect memories
Lady Gaga;ALEJANDRO;I know that we are young
Lady Gaga;BAD ROMANCE;Rah-rah ah-ah-ah-ah roma-roma ma-a
Lady Gaga;JUST DANCE;I'm Red Wine
Lady Gaga;POKER FACE;I wanna hold em' like they do in Texas
Lady Zu;DANÇA LOUCA;Dance dance dance dance dance comigo
Lairton e Seus Teclados;MORANGO DO NORDESTE;Tava tão tristonho quando ela apareceu..
Lara Fabian;LOVE BY GRACE;Uh uh uh
Lara Fabian;MEU GRANDE AMOR;Eu sonhei e esperei por seu amor...
Larissa e William;CAVALEIROS DO ZODÍACO;Tem sempre alguém no cosmos ajudando
Larissa Manoela;BEIJO, BEIJINHO, BEIJÃO;Beijo beijo beijo beijo beijinho beijão
Latino;CÁTIA CATCHAÇA;Tem culpa eu tem culpa Cátia
Latino;EU AMO VOCÊ;Faz tempo que eu preciso falar com vo
Latino;FESTA NO APÊ;Hoje é festa lá no meu apê...
Latino;ME LEVA;Moça eu não sei mais o que pensar
Latino;NÃO ADIANTA CHORAR;Eu te levei a sério fiz tudo certo
Latino;RENATA;Num golpe de olhar ganhou meu coração…
Latino;VITRINE;Nem mesmo lá no Hawaí, tem uma
Latino e André e Adriano;PANCADÃO OU SERTANEJO;O sertanejo faz o povo levantar
Latino e Banda Calypso;PROPOSTAS INDECENTES;Venha dançar o amor se entregue por f
Latino e Bruno e Marrone;PRECISO PARAR DE CHORAR;Ah o que eu fui fazer
Latino e Daddy Kall;AMIGO FURA OLHO;Amigo
Latino e Daddy Kall;DANÇA KUDURO;A mão pra cima cintura solta
Latino e Dudu Nobre;ME DIVIRTO COM AS ERRADAS;Enquanto eu não encontro a mulher cer
Latino e Perlla;SELINHO NA BOCA;Latino e Perlla Perlla e Latino
Laura Pausini;INESQUECÍVEL (INCANCELLABILE);Às vezes me pergunto se eu viverei
Laura Pausini;LA SOLITUDINE;Marco se n'è andato e non ritorna
Laura Pausini;SE FUÉ;Ya no responde ni al teléfono
Laura Pausini;U'NA EMERGENZA D'AMORE;E un'emergenza d'amore il mio
Laura Pausini-Alejandro Sanz-Gilbert-;ESPERANÇA (4 IDIOMAS);Quien aquí llegó y quien va allegar…
Leandro e Leonardo;AMOR DIVIDIDO;Se for pra ter...
Leandro e Leonardo;ANARRIÊ;Em toda festa de São João...
Leandro e Leonardo;CADÊ VOCÊ;O tempo vai o tempo vem
Leandro e Leonardo;CASA SEPARADA;Eu quero te amar sem compromisso
Leandro e Leonardo;CERVEJA;Hoje é sexta-feira chega de canseira
CANTOR;TÍTULO;INÍCIO DA LETRA
Leandro e Leonardo;CHUVA DE LÁGRIMAS;Eu vejo a chuva caindo sem parar
Leandro e Leonardo;COPO DE VINHO;Descobri Que a felicidade não…
Leandro e Leonardo;CUMADE E CUMPADE;Veste a calça Saint Tropez
Leandro e Leonardo;DESCULPE, MAS EU VOU CHORAR;As luzes da cidade acesa
Leandro e Leonardo;DEU MEDO;Deu medo
Leandro e Leonardo;DIA DE RODEIO;Domingo de manhã dou um trato…
Leandro e Leonardo;DIZ PRA MIM;Diz pra mim
Leandro e Leonardo;DOCE MISTÉRIO;Eu não sei de onde vem esse amor
Leandro e Leonardo;É POR VOCÊ QUE CANTO;Quanto mais o tempo passa
Leandro e Leonardo;ENTRE TAPAS E BEIJOS;Perguntaram pra mim se ainda gosto
Leandro e Leonardo;ESSA NOITE FOI MARAVILHOSA;A noite vem vindo estrelas brilhando
Leandro e Leonardo;ESSAS MULHERES;Essas mulheres nos tiram e nos dão
Leandro e Leonardo;EU JURO;Eu vejo a luz do teu olhar
Leandro e Leonardo;EU SOU DESEJO, VOCÊ É PAIXÃO;Você me amou e eu te amei
Leandro e Leonardo;FAZ MAIS UMA VEZ COMIGO;Não paro de rolar na cama
Leandro e Leonardo;FESTA DE RODEIO;Em festa de rodeio não dá pra ficar
Leandro e Leonardo;GOSTOSO SENTIMENTO;Eu preciso falar sério com você
Leandro e Leonardo;HORIZONTE AZUL;O que mais me dói em noites sem
Leandro e Leonardo;LÁGRIMAS DO CÉU;Desde que se foi nunca mais eu consegui...
Leandro e Leonardo;MAIS UMA NOITE SEM VOCÊ;Mais uma noite sem você eu não vou
Leandro e Leonardo;NÃO APRENDI DIZER ADEUS;Não aprendi dizer adeus
Leandro e Leonardo;NÃO OLHE ASSIM;Tire seus olhos dos meus eu não quero
Leandro e Leonardo;PAZ NA CAMA;Quando alguém lhe perguntar porque
Leandro e Leonardo;PENSE EM MIM;Em vez de você ficar pensando nele
Leandro e Leonardo;PIMBA;Pode crer rapaziada tudo em nome
Leandro e Leonardo;POR CAUSA DELA;Por causa dela eu perdi o rumo
Leandro e Leonardo;RUMA A GOIÂNIA;É noite o carro está rugindo...
Leandro e Leonardo;SEGURA PEÃO;"Quando ouço o grito ""segura peão"""
Leandro e Leonardo;SOLIDÃO POR PERTO;Um dia só é muito pouco...
Leandro e Leonardo;SONHO POR SONHO;Nunca imaginei que você quisesse
Leandro e Leonardo;TEMPORAL DE AMOR;Chuva no telhado, vento no portão
Leandro e Leonardo;UM SONHADOR;Eu não sei pra onde vou
Leandro e Leonardo;VIÚVA NOVA;Desce uma loira bem gelada...
Leandro Lehart;CAMILA BANDIDA;Essa e a historia...
Leandro Lopes;DEIXO A VOZ ME LEVAR;Vejo a vida passar correr como um ri
Leandro Sapucahy;SÓ FALTOU VOCÊ LADO A LADO B;Essa é a história do Zé Ruela
Leci Brandão;ISSO É FUNDO DE QUINTAL;O que é isso meu amor, venha me dizer
Leci Brandão;ME PERDOA POETA;Eu disse o poeta falou
Leci Brandão;OLODUM FORÇA DIVINA;Supremo maior
Leci Brandão;PERDOA;Estou sofrendo te querendo...
Leci Brandão;SÓ QUERO TE NAMORAR;Eu só quero te namorar
Lee Jackson;HEY GIRL;Hey girl I hate that sound it's in my brain
Leela;ODEIO GOSTAR;Eu odeio esperar a noite inteira
Leela;TE PROCURO;Finjo ser invisível…
Legião Urbana;1965 (DUAS TRIBOS);Vou passar quero ver volta aqui vem
Legião Urbana;A CANÇÃO DO SENHOR DA GUERRA;Existe alguém esperando por você
Legião Urbana;A DANÇA;Não sei o que é direito
Legião Urbana;A VIA LÁCTEA;Quando tudo está perdido
Legião Urbana;ACRILIC ON CANVAS;É saudade então e mais uma vez
Legião Urbana;ANDREA DORIA;Às vezes parecia que de tanto...
Legião Urbana;ANGRA DOS REIS;Deixa, se fosse sempre assim
Legião Urbana;ANTES DAS SEIS;Quem inventou o amor?
Legião Urbana;AS FLORES DO MAL;Eu quis você e me perdi
Legião Urbana;DEZESSEIS;João Roberto era o maioral
Legião Urbana;EDUARDO E MÔNICA;Quem um dia irá dizer que existe razão
Legião Urbana;EU ERA UM LOBISOMEM JUVENIL;Luz e sentido e palavra
Legião Urbana;EU SEI;Sexo verbal não faz meu estilo
Legião Urbana;FÁBRICA;Nosso dia vai chegar teremos nossa...
Legião Urbana;GERAÇÃO COCA-COLA;Quando nascemos fomos programados...
Legião Urbana;GIZ;Mesmo sem te ver...
Legião Urbana;HÁ TEMPOS;Parece cocaína mas é só tristeza
Legião Urbana;HOJE A NOITE NÃO TEM LUAR;"Ela passou do meu lado ""oi amor"", eu lhe falei..."
Legião Urbana;ÍNDIOS;Quem me dera ao menos uma vez
Legião Urbana;LOVE IN THE AFTERNOON;É tão estranho os bons morrem jovens...
Legião Urbana;MONTE CASTELO;Ainda que eu falasse a língua
Legião Urbana;MÚSICA URBANA 2;Em cima dos telhados
Legião Urbana;O MUNDO ANDA TÃO COMPLICADO;Gosto de ver você dormir
Legião Urbana;PAIS E FILHOS;Estátuas e cofres e paredes pintadas
Legião Urbana;POR ENQUANTO;Mudaram as estações e nada mudou
Legião Urbana;QUANDO O SOL BATER NA JANELA;Quando o sol bater na janela do teu
Legião Urbana;QUASE SEM QUERER;Tenho andando distraído impaciente
Legião Urbana;QUE PAÍS É ESSE;Nas favelas no senado
Legião Urbana;SE FIQUEI ESPERANDO MEU AMOR PASSAR;Se fiquei esperando meu amor passar
Legião Urbana;SERÁ;Tire suas mãos de mim
Legião Urbana;SOLDADOS;Nossas meninas estão longe daqui
Legião Urbana;TEATRO DE VAMPIROS;Sempre precisei de um pouco de atenção
Legião Urbana;TEMPO PERDIDO;Todos os dias quando acordo
Legião Urbana;VENTO NO LITORAL;De tarde quero descansar chegar
Leif Garrett;PUT YOUR HEAD ON MY SHOULDER;Put your head on my shoulder
Leila Pinheiro;A VIDA QUE A GENTE LEVA;Não tenho medo de nada porque vivo mi
Leila Pinheiro;BESAME;A orquestra já nos chamou
Leila Pinheiro;CATAVENTO E GIRASSOL;Meu catavento tem dentro
Leila Pinheiro;E MUITO MAIS;Daqui pra frente vai ser tudo diferen
Leila Pinheiro;NUA IDÉIA;Lua cheia ilumina minha vida
CANTOR;TÍTULO;INÍCIO DA LETRA
Leila Pinheiro;PAULISTA;Na Paulista os faróis já vão abrir
Leila Pinheiro;VENTOS DE PAZ;Ao mergulhar no seu olhar sereno
Leila Pinheiro;VERDE;Quem pergunta por mim…
Lenine;AGORA É QUE SÃO ELAS;Belas singelas donzelas…
Lenine;AQUILO QUE DÁ NO CORAÇÃO;Aquilo que dá no coração e nos joga
Lenine;DO IT;Tá cansada senta se acredita tenta
Lenine;É O QUE ME INTERESSA;Daqui desse momento
Lenine;MARTELO BIGORNA;Muito do que eu faço
Lenine;MERO DETALHE;Não faz a menor diferença
Lenine;NÃO FAZ MAL A NINGUÉM;Ponta de inveja um dedo de luxúria
Lenine;NINGUÉM FAZ IDÉIA;Malucos e donas de casa vocês…
Lenine;O SILÊNCIO DAS ESTRELAS;Solidão
Lenine;TODAS ELAS JUNTAS NUM SÓ SER;Não canto mais Bebete nem Domingas
Lenine;TUDO POR ACASO;Eu sei
Lenine e Julieta Venegas;MIEDO;Tienen miedo del amor y no saber amar
Lenine e Mundo Livre;QUE BAQUE É ESSE?;Ô nega que baque é esse chegou pra me
Lenine e Zeca Baleiro;PACIÊNCIA;Mesmo quando tudo pede um pouco mais
Lenine e Zélia Duncan;NATURALMENTE;Ter nada nada para ter
Lennon Sisters;AUTUMN LEAVES;The falling leaves drift by the window
Lenny Kravitz;AGAIN;I've been searching for you
Lenny Kravitz;CALLING ALL ANGELS;Calling all angels...
Lenny Kravitz;CAN'T GET YOU OFF MY MIND;Life is just a lonely highway
Lenny Kravitz;FLY AWAY;I wish that I could fly....
Leno;A FESTA DOS SEUS QUINZE ANOS;Na festa dos seus quinze anos
Leno;A POBREZA;Todo mundo tem um amor na vida
Leno e Lilian;DEVOLVA-ME;Rasgue as minhas cartas e
Leno e Lilian;EU NÃO SABIA QUE VOCÊ EXISTIA;Quando eu te conheci meu bem, não
Leno e Lilian;MEU SONHO DE AMOR;O meu sonho de amor é conseguir
Leno e Lilian;POBRE MENINA;Pobre menina não tem ninguém
Leno e Lilian;VEJA SE ME ESQUECE;Dispensei você que agora me aparece
Leny Andrade;AMOR PROIBIDO;Sabes que vou partir
Leny Andrade;CHORA TUA TRISTEZA;Chora que a tristeza foge do teu olhar
Leny Andrade;DEIXA;Deixa fale quem quiser falar meu bem
Leny Andrade;RIO;Rio que mora no mar
Léo Canhoto e Robertinho;CAIU O PALCO;Fui convidado pra cantar num baile
Léo e Gabriel;SOB A LUA E OS OLHARES;Foi com você que aprendi o que é vive
Léo e Júnior;Ô LÁ EM CASA;Ô ô lá em casa
Léo Jaime;A VIDA NÃO PRESTA;Você vai de carro pra escola e eu só
Léo Jaime;AS SETE VAMPIRAS;Eu não descanso nem durante o sono
Léo Jaime;CONQUISTADOR BARATO (BAMBOLÊ);Bam bam bam bam bum bam bambolê
Léo Jaime;GATINHA MANHOSA;Meu bem, já não precisa
Léo Jaime;MENSAGEM DE AMOR;Os livros na estante
Léo Jaime;NADA MUDOU;Ela me dá um beijo na testa...
Léo Jaime;O POBRE;Daun dubidu daun daun
Léo Jaime;PRECISO DIZER QUE TE AMO;Quando a gente conversa
Léo Magalhães;CAMAS SEPARADAS;Se não fosse por amor aos nossos filho
Léo Magalhães;NÃO É AMOR;Você fala que tá numa boa
Leona Lewis;A MOMENT LIKE THIS;What if I told you it was all meant to
Leona Lewis;BETTER IN TIME;It's been the longest winter without you
Leona Lewis;BLEEDING LOVE;Closed off from love I didn't need the p
Leonardo;A DESCONHECIDA;Numa tarde tão linda de sol
Leonardo;A DISTÂNCIA;Nunca mais você ouviu falar em....
Leonardo;A FILA ANDA;Tá se achando demais tá pisando sem d
Leonardo;A MALVADA;Tanto mal tem me feito que os meus…
Leonardo;ÁGUA DE COCO;Era um sol do meio-dia tava um calor
Leonardo;ALUCINAÇÃO;Tentei me proibir de pensar em você
Leonardo;AMARRADO E CARIMBADO;Pra ganhar o seu amor eu menti
Leonardo;BEBER, BEBER;Segunda-feira eu vou pro bar
Leonardo;BOTO PRA REMEXER;Sou louco por forró e arrasta-pé...
Leonardo;BRINCADEIRA TEM HORA;Na na.... Vê se fala sério...
Leonardo;CAI NA REAL;Me envenena com seus beijos e carícia
Leonardo;CANÇÃO DO TERCEIRO MILÊNIO;Meu Deus eu te peço durante...
Leonardo;CORAÇÃO BANDIDO;Você me pergunta por que estou assim
Leonardo;CRISTAL QUEBRADO;Um dia você vai sentir que não me deu...
Leonardo;DE CORPO E ALMA;Sonho em poder estar contigo
Leonardo;DE LATINHA NA MÃO;Quem foi que disse
Leonardo;DEIXARIA TUDO;Já tentei me convencer de tudo quanto...
Leonardo;ESCORPIÃO;Eu quero ver essa mulher chorando de
Leonardo;ESSE ALGUÉM SOU EU;Meu pensamento
Leonardo;EU E A LUA;Madrugada calada e fria
Leonardo;FANTASIAS;Me chama me conta me diz...
Leonardo;FEITIÇO;Deixou feitiço em meus olhos
Leonardo;FEITO TATUAGEM;Eu tentei te esquecer mas não consigo
Leonardo;FIQUEI SOZINHO;O dia amanheceu tão triste...
Leonardo;FLOR DO MEU SERTÃO;Saudade quando chega não tem jeito
Leonardo;FOME DE AMOR;Você me quer só por um momento
Leonardo;HOJE;Hoje tô me sentindo muito só
Leonardo;IDAS E VOLTAS;Quando anoitece lá fora me bate a le
Leonardo;LONGE;Onde é que eu fui parar aonde é esse
Leonardo;MANO;Mano você é meu sangue mais que...
Leonardo;MENTIRA QUE VIROU PAIZÃO;Tinha que ser você mas o destino não quis...
Leonardo;MENTIROSA;O que posso fazer se a vida é assim
Leonardo;NOMORO NOVO;Tá se agarrando se esfregando tá...
Leonardo;O QUANTO TE AMEI;Com pena do meu coração te deixo ir...
CANTOR;TÍTULO;INÍCIO DA LETRA
Leonardo;PERTO DOS OLHOS LONGE DO CORAÇÃO;Porque que toda vez que eu falo com vo
Leonardo;POR FAVOR, REZA PRA NÓS;Por favor reza pra nós que a coisa tá
Leonardo;POR QUE É TÃO CRUEL O AMOR?;Não se acaba o amor só dizendo adeus
Leonardo;QUEM É;Quem é o dono dos seus olhos
Leonardo;QUERO ACENDER TEU FOGO;Noite de lua cheia na beira do mar...
Leonardo;QUERO COLO;Quem é que garante que não vou chorar...
Leonardo;QUERO TE AMAR (É O SEU AMOR);É tarde é madrugada eu estou aqui
Leonardo;ROLA PINGA;Eu tenho um amigo um cara muito lega
Leonardo;SE AINDA EXISTE AMOR;Você de uns dias pra cá
Leonardo;SINHÁ MOÇA;Tão meiga que nem parece
Leonardo;TE AMO DEMAIS;Eu sou assim…
Leonardo;TÔ FORA;Medo de perder você de novo...
Leonardo;TODAS AS COISAS DO MUNDO;Não adianta te dar todas as coisas.....
Leonardo;TUA SOMBRA EM MEU CAMINHO;Ontem te encontrei na rua…
Leonardo;UMA FESTA TODO DIA;Se não fosse amor demais
Leonardo;VEM SONHAR;Como você está bela tão bela…
Leonardo;VIAJEI;Não quis dizer não quis falar
Leonardo;VOLTE, AMOR;Não sei o que é que eu faço sem o seu
Leonardo;ZUAR E BEBER;Eu vou zuar e beber vou locar uma van
Leoni;50 RECEITAS;Eu respiro tentando encher…
Leoni;AS CARTAS QUE EU NÃO MANDO;Rio de Janeiro
Leoni;GAROTOS;Seus olhos e seus olhares
Leoni;POR QUE NÃO EU?;Quando ela cai no sofá so far away…
Leva Nóiz;LIGA DA JUSTIÇA;Super-Man ficou fraco
Lia Sophia;AI MENINA;Menina o que fazer com seu rebolado
Liah;E NÃO VOU MAIS DEIXAR VOCÊ TÃO SÓ;Se a vida inteira
Liah;GAROTAS CHORAM DEMAIS;Você pensou que ficando assim...
Liah;O AMOR É MAIS;Não me pegue não me toque...
Liah;TARDE DEMAIS;Jurei nunca mais sofrer desilusão
Liah e Tiziano Ferro;SERE NERE;O que você quer me dizer que faço
Light Reflections;TELL ME ONCE AGAIN;Give me your smile again I'd like to be
Lilian;LACINHOS COR-DE-ROSA (PINK SHOE LACE;Tenho um amor puro e verdadeiro...
Lilian;SOU REBELDE;Eu sou rebelde porque o mundo quis...
Limão com Mel;ANJO QUERUBIM;Fiz você pra mim
Limão com Mel;DEPENDENTES;Não dá preciso dizer
Limão com Mel;E TOME AMOR;Hoje cada vez que a gente
Limão com Mel;TUDO DEU EM NADA (MENTA Y LIMON);Nos olhamos uma vez…
Limão com Mel;TODA SUA;Eu quero viajar no teu prazer e
Linda Ronstadt;IT'S SO EASY;It's so easy to falling in love it's so
Lindomar Castilho;EU AMO SUA MÃE;O tempo vai passando meu amor vai aum
Lindomar Castilho;EU VOU RIFAR MEU CORAÇÃO;Eu vou rifar meu coração vou fazer lei
Lindomar Castilho;NÓS SOMOS DOIS SEM VERGONHAS;Nós somos dois sem vergonhas
Lindomar Castilho;VOCÊ É DOIDA DEMAIS;Eu pensei em lhe entregar…
Língua De Trapo;CONCHETA;Querida Concheta estô a te ligare
Língua De Trapo;TUDO PRO PARAGUAI;O vídeo de quatro cabeças
Linox;DE REPENTE;De repente a gente acorda antes da h
Lionel Richie;ALL NIGHT LONG;Well my friends the time has come...
Lionel Richie;HELLO;I've been alone with you inside my mind
Lionel Richie;SAY YOU SAY ME;Say you say me say it for always
Lionel Richie;STILL;Lady morning’s just a moment away...
Lionel Richie;STUCK ON YOU;Stuck on you...
Lionel Richie;TRULY;Girl tell me only this
Lipstick;CADA SEGUNDO QUE EU TINHA;Não quero mais tentar dizer
Lisa Stansfield;REAL LOVE;Uuuh...There will never be…
Little Richard;LONG TALL SALLY;Gonna tell Aunt Mary 'bout Uncle John...
Lô Borges;CLUBE DA ESQUINA Nº 2;Por que se chamava moço...
Lô Borges;UM GIRASSOL DA COR DO SEU CABELO;Vento solar e estrelas do mar...
Lobão;A HORA DA ESTRELA;Assim tão perto
Lobão;A QUEDA;Quantos sonhos e sonhos acordo
Lobão;DECADENCE AVEC ELEGANCE;Há muito tempo que eu já dizia
Lobão;ESSA NOITE, NÃO;A cidade enlouquece sonhos tortos
Lobão;ME CHAMA;Chove lá fora e aqui faz tanto frio
Lobão;NOITE E DIA;Nos lençóis da cama bela manhã
Lobão;RÁDIO BLÁ;Ela adora me fazer de otário
Lobão;VIDA LOUCA VIDA;Se ninguém olha quando você passa
Lobo;I'D LOVE YOU TO WANT ME;When I saw you standin' there
Lorena Chaves;NOSSA HISTÓRIA;Abri a porta pra você entrar
Los Hermanos;ANNA JÚLIA;Quem te vê passar assim por mim...
Los Hermanos;CARA ESTRANHO;Olha só que cara estranho que chegou
Los Hermanos;O VENCEDOR;Olha lá...
Los Hermanos;O VENTO;Posso ouvir o vento passar…
Los Hermanos;PRIMAVERA;Primavera se foi e com ela meu amor...
Los Hermanos;QUEM SABE;Quem sabe o que é ter e perder alguém
Los Hermanos;TODO CARNAVAL TEM SEU FIM;Todo dia um ninguém José acorda já...
Los Lobos;COM'ON LET'S GO;Well com'on let's go let's go
Los Lobos;LA BAMBA;Para bailar la bamba
Lou Bega;MAMBO NUMBER FIVE;Ladies and gentlemen
Louis Armstrong;WHAT A WONDERFUL WORLD;I see trees of green red roses too
Lourenço e Lourival;MÁGOA DE BOIADEIRO;Antigamente nem em sonho existia
Loverboy;THIS COULD BE THE NIGHT;Ask any girl in this lonely world…
LS Jack;AMANHÃ NÃO SE SABE;Como as folhas com o vento
LS Jack;CARLA;Eu cheguei a deixar.....
LS Jack;SEM RADAR;É só me recompor mas eu não...
LS Jack;UMA CARTA;Coloquei uma carta numa velha…
CANTOR;TÍTULO;INÍCIO DA LETRA
Lu Alone;POSTCARD;There's no postcard that enters this world
Luan e Vanessa;QUATRO SEMANAS DE AMOR;Foi um sonho de verão numa praia...
Luan Santana;A LOUCA;Não vem bancar a louca não adianta pi
Luan Santana;ADRENALINA;Meu coração tá disparado meu corpo tá
Luan Santana;AMAR NÃO É PECADO;Eu não sei
Luan Santana;AS LEMBRANÇAS VÃO NA MALA;Independentemente do que me disser
Luan Santana;METEORO;Te dei o sol te dei o mar
Luan Santana;NÊGA;Eu sei você sofreu demais e sabe que
Luan Santana;PRA VOCÊ LEMBRAR DE MIM;Não fique aí sofrendo
Luan Santana;SEMPRE COM VOCÊ;E eu que achava que
Luan Santana;SINAIS;Vi seu sorriso em meu sonho
Luan Santana;SUPER AMOR;Eu já desafiei a lei da gravidade
Luan Santana;TE VIVO;Quando me sinto só te faço mais presente
Luan Santana;VOCÊ DE MIM NÃO SAI;Deixa eu entrar dentro do seu coração
Luan Santana;VOCÊ NÃO SABE O QUE É AMOR;Não use mais o plural
Luan Santana e Ivete Sangalo;QUÍMICA DO AMOR;Queria ser um peixe e mergulhar no
Luca Mundaca;NÃO SE APAVORE;Ah ah ah ah ah
Luciana Mello;ASSIM QUE SE FAZ;Voçê vive iventando maneira...
Luciana Mello;DA COR DO PECADO;Esse corpo moreno...
Luciana Mello;PRAZER E LUZ;Luz quando a gente dança é luz…
Luciana Mello;SIMPLES DESEJO;Que tal abrir a porta do dia (dia)...
Luciana Mello;TCHAU;Não quero mais brincar de esquecer
Luciana Mello;VAIDADE;Quando eu entro na história
Lucinha Lins;NARIZINHO;Narizinho narizinho sonha sonha com
Lucinha Lins;A BAILARINA;Um dois tres e qautro...
Lucynha Cintra;CHEGA AÍ;Eu quero ver a galera balançando
Lucynha Cintra;EU VOU, EU VOU;Meu amor
Lucynha Cintra;REBOLANDO VEM;Tem jeito não
Ludmila Ferber;A DECISÃO;Se tão somente eu tocar na orla do se
Ludmila Ferber;O VERDADEIRO AMOR;Quando tenho medo de fracassar
Ludmila Ferber;TEMPO DE CURA;Esse é o tempo de cura
Ludmila Ferber;VEM ME SACIAR;Eu tenho fome tenho sede
Luigi Tenco;CIAO AMORE, CIAO;La solita strada bianca come il sale
Luís Carlos;EU SONHO COM VOCÊ;Faz tempo que a gente não se olha
Luís Carlos;SEMPRE HÁ SAÍDA;Quantas vezes eu te pedi pra se
Luís Carlos e Giuliano;EU SOU PEÃO;Calça jeans bem apertada bota chapéu…
Luis Miguel;EL DIA QUE ME QUIERAS;Acaricia mi sueno...
Luis Miguel;LA BARCA;Dizen que la distancia es el olvido
Luiz Américo;CARTA DE ALFORRIA;Tu és senhora
Luiz Ayrão;A SAUDADE QUE FICOU (O LENCINHO);Aquele lencinho que você deixou
Luiz Ayrão;AMOR DIVIDIDO;Deixe amor...
Luiz Ayrão;BOLA DIVIDIDA;Será que essa gente percebeu
Luiz Ayrão;BONEQUINHA;Bonequinha linda que Deus me mandou
Luiz Ayrão;NO SILÊNCIO DA MADRUGADA;Aproveitou o silêncio da madrugada…
Luiz Ayrão;O LOBO DA MADRUGADA;Quando você me viu
Luiz Ayrão;PORTA ABERTA;Pela porta aberta de um coração...
Luiz Caldas;FRICOTE;Nega do cabelo duro que não gosta de
Luiz Caldas;TIETA;Vem meu amor vem com calor
Luiz Carlos Magno;AVE-MARIA PRO NOSSO AMOR;E eu chorei chorei eu chorei
Luiz Carlos Magno;DEIXE ELE FALAR SOZINHO;Você insiste em manter amizade
Luiz Cláudio e Giuliano;SEU JARDINEIRO (MARGARIDA);Sábado à tarde eu saí
Luiz Cláudio e Giuliano part. Bruno e;MEU SEGREDO;Eu não vou te olhar nos olhos
Luiz Gonzaga;ASA BRANCA;Quando olhei a terra ardendo
Luiz Gonzaga;ASSUM PRETO;Tudo em volta é só beleza
Luiz Gonzaga;CAPIM NOVO;Nem ovo de codorna catuaba ou tibor
Luiz Gonzaga;CINTURA FINA;Minha morena venha pra cá
Luiz Gonzaga;OVODE CODORNA;Eu quero ovo de codorna pra comer...
Luiz Gonzaga;SABIÁ;A todo mundo eu dou psiu
Luiz Gonzaga;XOTE DAS MENINAS;Mandacaru quando fura lá na cerca
Luiz Gonzaga-Fagner;SÚPLICA CEARENSE;Oh Deus
Luiz Melodia;A VOZ DO MORRO;Eu sou o samba
Luiz Melodia;CHEGOU A BONITONA;Mas olha só oh pessoal que bonitona
Luiz Melodia;ESTÁCIO, EU E VOCÊ;Vamos passear na praça enquanto o lo
Luiz Melodia;ESTÁCIO, HOLLY ESTÁCIO;Se alguém quer matar-me de amor
Luiz Melodia;JUVENTUDE TRANSVIADA;Lava roupa todo dia que agonia...
Luiz Melodia;MAGRELINHA;O pôr-do-sol vai renovar
Luiz Melodia;PÉROLA NEGRA;Tente passar pelo que estou passando...
Luiz Vieira;PAZ DO MEU AMOR;Você é isso uma beleza imensa
Luíza Possi;ALÉM DO ARCO-ÍRIS;Além do arco-íris pode ser...
Luíza Possi;DIAS IGUAIS;Se eu quiser me convencer…
Luíza Possi;ESCUTA;Agora que eu quero ficar na hora em
Luíza Possi;EU SOU ASSIM;Eu não sou como você viu…
Luíza Possi;ME FAZ BEM (ME HACES BIENS);Para falar eu canto quero que saiba o quanto
Luíza Possi;NEM BEM ACORDO;Nem bem acordo já espio teu retrato
Luíza Possi;SEU NOME;Quando essa boca disser o seu nome
Luíza Possi;TUDO CERTO;Calma tenha calma minha previsão do
Luíza Possi;TUDO QUE HÁ DE BOM;Meu amor não tem freios nem receios de...
Luiza Possi e Thiaguinho;AINDA É TUDO SEU;Ainda tenho tantas coisas
Luk Brown;DANADA DA PREGUIÇA;Quem foi que disse que a preguiça cont
Luka;PORTA ABERTA;Os dias passam devagar...
Luka;SEM RESPOSTA;Tire um pouco o peso das minhas costa
Luka;TÔ NEM AÍ;De mãos atadas de pés descalços...
Luka e Papas da Língua;A APOSTA;Eu jogo tudo ele pega e joga fora
Lulo;MODERNIDADE;Quando fui quando éramos intactos...
CANTOR;TÍTULO;INÍCIO DA LETRA
Lulu;TO SIR WITH LOVE;Those schoolgirl days...
Lulu Santos;A CURA;Existirá em todo porto tremulará
Lulu Santos;ADIVINHA O QUÊ?;Ainda lembro aquela noite só porque
Lulu Santos;APENAS MAIS UMA DE AMOR;Eu gosto tanto de você que até...
Lulu Santos;AQUILO;Outra vez a mesma história
Lulu Santos;AREIAS ESCALDANTES;A caravana cruzando o deserto
Lulu Santos;ASSIM CAMINHA A HUMANIDADE;Ainda vai levar um tempo
Lulu Santos;AVISO AOS NAVEGANTES;Se existe alguém na ilha se tem alguém
Lulu Santos;BRIGAS (MEU BENZINHO);Ui ui ui meu benzinho
Lulu Santos;CADÊ VOCÊ;Onde está você é o que eu quero
Lulu Santos;CASA;Primeiro era vertigem como em
Lulu Santos;CERTAS COISAS;Não existiria som...
Lulu Santos;COMO UMA ONDA;Nada do que foi será
Lulu Santos;CONDIÇÃO;Eu não sou diferente de ninguém
Lulu Santos;CONTATOS;Mergulhados em um sofá os contatos no telão
Lulu Santos;DANCIN' DAYS;Abra suas asas solte suas feras
Lulu Santos;DE REPENTE CALIFÓRNIA;Garota eu vou pra Califórnia
Lulu Santos;DEIXA ISSO PRA LÁ;E deixa que digam que pensem que falem
Lulu Santos;ESSE BRILHO EM TEU OLHAR;Eu te procuro quando me sinto em peri
Lulu Santos;GRAAL;É necessário descobrir
Lulu Santos;HIPER CONECTIVIDADE;Acho que dessa vez eu vi  algo
Lulu Santos;JÁ É;Sei lá tem dias que a gente olha pra…
Lulu Santos;JANELA INDISCRETA;Eu sei a hora que você acorda
Lulu Santos;LUA DE MEL;Lua de mel
Lulu Santos;MINHA VIDA;Quando eu era pequeno eu achava a
Lulu Santos;NINGUÉM MERECE;Tô aqui de frente pro oceano
Lulu Santos;O ÚLTIMO ROMÂNTICO;Faltava abandonar a velha escola
Lulu Santos;POP STAR;Peguei uma onda maneira…
Lulu Santos;SATISFAÇÃO;Sei que não mereço todo o teu apreço
Lulu Santos;SEM NUNCA DAR ADEUS;Tava de bobe vendo...
Lulu Santos;SEREIA;Clara como a luz do sol
Lulu Santos;TÃO BEM;Ela me encontrou eu tava por aí
Lulu Santos;TEMPOS MODERNOS;Eu vejo a vida melhor no futuro
Lulu Santos;TESOURO DA JUVENTUDE;Nuvens negras tempestades no céu
Lulu Santos;TODA FORMA DE AMOR;Eu não pedi pra nascer
Lulu Santos;TODO UNIVERSO;Minha favorita , chegou está pra você...
Lulu Santos;TUDO AZUL;Tudo azul todo mundo nu
Lulu Santos;TUDO BEM;Mas o teu amor me cura
Lulu Santos;TUDO COM VOCÊ;Quero te conquistar um pouco mais e mais
Lulu Santos;TUDO IGUAL;Então é assim que a vida faz
Lulu Santos;UM CERTO ALGUÉM;Quis evitar seus olhos mas não pude
Lulu Santos;UM PRO OUTRO;Foi bom te ver de novo aqui
Lulu Santos;VALE DE LÁGRIMAS;Deixa eu lhe dizer o que eu passei
Lupicínio Rodrigues;ESSE MOÇOS (POBRES MOÇOS);Estes moços pobres moços
Luxúria;IMPERECÍVEL;Com você eu fico frágil pra enxergar
Luxúria;O ÓDIO;Durante muito tempo eu construí
Luxúria;LAMA;Não não dê mais tantas voltas não
Macy Gray;I TRY;Games, changes and fears
Madonna;AMERICAN PIE;A long long time ago I can still remem
Madonna;BEAUTIFUL STRANGER;Haven't we met...
Madonna;BORDERLINE;Something in the way you love me won't let
Madonna;CRAZY FOR YOU;Swaying on as the music starts...
Madonna;DON'T TELL ME;Don't tell me to stop
Madonna;FROZEN;You only see
Madonna;HOLIDAY;Holiday celebrate holiday celebrate
Madonna;LIKE A PRAYER;Life is a mystery
Madonna;LIKE A VIRGIN;I made it through the wilderness
Madonna;MATERIAL GIRL;Some boys kiss me some boys hug me...
Madonna;ONE MORE CHANCE;I turned around too late to see the fal
Madonna;PHYSICAL;I’m sayin’ all the things that I know...
Madonna;SECRET;Things haven't been the same
Madonna;SORRY;Je suis desolé lo siento...
Madonna;TAKE A BOW;Take a bow, the night is over
Madrigal;CABOCLA;Quando a luz do sol invade o céu
Mafalda Minnozzi;COME LE ROSE;Son tornate a fiorire le rose
Magazine;SOU BOY;Acordo sete horas tomo um ônibus…
Magazine;TIC TIC NERVOSO;Estou preso no trânsito com pouca…
Magníficos;QUERO TER VOCÊ PRA MIM;Hoje a saudade visitou meu coração
Magníficos;SONHAR;Essa chama forte meu amor
Magníficos;VERDADEIRO AMOR;Sem você eu não teria…
Maíra Charken;BONDE DO FUNK AXÉ;Pegou um pegou geral no bonde do funk
Malcolm Roberts;LOVE IS ALL;Yesterday I knew the games to play
Mamas and Papas;CALIFORNIA DREAMIN;All the leaves are brown and the sky
Mamas and Papas;DANCING IN THE STREET;Callin' out around the world
Mamonas Assassinas;1406;Eu queria um apartamento no Guarujá
Mamonas Assassinas;BOIS DON'T CRY;Ser corno ou não ser eis a minha indagação
Mamonas Assassinas;CABEÇA DE BAGRE II;Loucura insensatez estado
Mamonas Assassinas;CHOPIS CENTIS;Eu dei um beijo nela
Mamonas Assassinas;JUMENTO CELESTINO;Tava ruim lá na Bahia profissão de
Mamonas Assassinas;LÁ VEM O ALEMÃO;Só de pensar que nós dois éramos dois
Mamonas Assassinas;MUNDO ANIMAL;Comer tatu é bom
Mamonas Assassinas;PELADOS EM SANTOS;Mina seus cabelos é da hora
Mamonas Assassinas;ROBOCOP GAY;Um tanto quanto másculo
Mamonas Assassinas;SÁBADO DE SOL;Sábado de sol aluguei um caminhão
CANTOR;TÍTULO;INÍCIO DA LETRA
Mamonas Assassinas;SABÃO CRÁ CRÁ;Sabão crá crá
Mamonas Assassinas;UMA ARLINDA MULHER;Te encontrei toda remelenta
Mamonas Assassinas;VIRA-VIRA;Fui convidado pra uma tal suruba
Manhattans;FOREVER BY YOUR SIDE;Friends
Manitu;ESTÓRIA;São momentos assim
Manitu;FICO A TE ESPERAR;Bem que eu tentei te convencer
Manno Góes;SIMPLES;Simples como gotas de chuva
Mano a Mano;PEDINDO AMOR;Mais uma noite não pude te esquecer
Manu Gavassi;CONTO DE FADAS;Já é tarde e eu aqui prolongando o fim
Manu Gavassi;GAROTO ERRADO;Alguém pode me explicar o que eu faço
Manu Gavassi;ODEIO;Eu odeio o seu sorriso e seu jeito de falar
Manu Gavassi;PLANOS IMPOSSÍVEIS;Uma semana sem te ver
Mara Maravilha;JESUS CRISTO;Jesus Cristo, Jesus Cristo
Mara Maravilha;NÃO FAZ MAL;Há quanto tempo eu não vejo tua cara
Mara Maravilha;REI DAVI;Agora eu vou contar pra vocês...
Mara Maravilha;DEUS DE MARAVILHAS;Não há Deus maior que o nosso Deus
Mara Maravilha e Ludmila Ferber;VOU CONTINUAR;Eu tenho tido provas evidentes
Marcello;NEBLINA;Ah ah ah...O dia foi perendo a claridade...
Marcello Marcky;ALMA METADE;Sei que um dia eu vou encontrar...
Marcelo D2;LOADEANDO;O jogo começou aperta o start na vida você ganh
Marcelo D2;QUAL É?;Ih eu tenho algo a dizer explicar pra....
Marcelo Jeneci;FELICIDADE;Haverá um dia em que você
Marcelo Jeneci;PRA SONHAR;Quando te vi passar fiquei paralisado tremi até o
Marcelo Jeneci;QUARTO DE DORMIR;Um dia desses você vai ficar lembrando de nós d
Márcia;EU E A BRISA;Ah... se a juventude que essa brisa…
Márcia;VENENO;Mas o que me faz chorar
Márcia Ferreira;CHORANDO SE FOI;Chorando se foi...
Márcia Freire;VERMELHO;A cor do meu batuque tem o toque
Márcio Greyck;APARÊNCIAS;Quantos anos já vividos revividos
Márcio Greyck;O MAIS IMPORTANTE É O VERDADEIRO AMO;Quanto sinto em dizer-te que me podes...
Márcio Greyck;VOCÊ VEIO;Você veio pra mudar a minha história
Marcos e Bellutti;BORA SE ACABAR;Tô precisando de alguém pra amar
Marcos e Bellutti;DESCE DO SALTO;Iê ê ê iê ei... Desce do salto pra que eu possa
Marcos e Bellutti;DUPLA SOLIDÃO;Sozinho nesse quarto tentei refletir
Marcos e Bellutti;I LOVE YOU;U ô u... Você é formada sabe tudo e um pouco m
Marcos e Bellutti;NOVA NAMORADA;Não vou negar sofri demais quando você
Marcos e Bellutti;PERDOA AMOR;De todas as loucuras que eu fiz na mi
Marcos e Bellutti;SEM ME CONTROLAR;A carne é fraca não sou de lata
Marcos e Bellutti;TENTAÇÃO CRUEL;Parei pra pensar
Marcos e Bellutti;TÔ NO BUTECO;Quer saber onde estou to no buteco
Marcos e Bellutti;TUDO NO OLHAR;Olhe nos meus olhos
Marcos Roberto;ÚLTIMA CARTA;Eu resolvi a lhe escrever…
Marcos Sabino;RELUZ;Brilha no céu de novo uma estrela
Marcus Viana;A MIRAGEM;Ah se pudéssemos contar as voltas...
Maria Bethânia;ALGUÉM ME AVISOU;Foram me chamar
Maria Bethânia;ATIRASTE UMA PEDRA;Atiraste uma pedra
Maria Bethânia;BALADA DE GISBERTA;Perdi-me do nome
Maria Bethânia;BRINCAR DE VIVER;Quem me chamou quem vai querer
Maria Bethânia;CANTO DE OXUM;Ummm ummm ummm
Maria Bethânia;CHEIRO DE AMOR;De repente fico rindo à toa
Maria Bethânia;CORAÇÃO ATEU;O meu coração ateu quase acreditou
Maria Bethânia;DA COR BRASILEIRA;De quem falo me acha direita
Maria Bethânia;É O AMOR;Eu não vou negar que sou louco
Maria Bethânia;ESSE CARA;Ah que esse cara tem me consumido
Maria Bethânia;EXPLODE CORAÇÃO;Chega de tentar dissimular e disfarçar
Maria Bethânia;GOSTOSO DEMAIS;Tô com saudade de tu meu desejo
Maria Bethânia;GRITO DE ALERTA;Primeiro você me azucrina...
Maria Bethânia;MEL;Ó abelha rainha faz de mim
Maria Bethânia;NEGUE;Negue seu amor o seu carinho
Maria Bethânia;O LADO QUENTE DO SER;Eu gosto de ser mulher sonhar arder de
Maria Bethânia;O QUE EU NÃO CONHEÇO;O mais importante do bordado
Maria Bethânia;OLHA;Olha, você tem todas as coisas
Maria Bethânia;OLHOS NOS OLHOS;Quando você me deixou meu bem...
Maria Bethânia;ONDE ESTARÁ O MEU AMOR;Como esta noite findará e o sol entã
Maria Bethânia;RECONVEXO;Eu sou a chuva que lança a areia do
Maria Bethânia;RONDA;De noite eu rondo a cidade
Maria Bethânia;SÁBADO EM COPACABANA;Depois de trabalhar toda a semana
Maria Bethânia;SONHO IMPOSSÍVEL;Sonhar mais um sonho impossível
Maria Bethânia;SONHO MEU;Sonho meu sonho meu
Maria Bethânia;TIGRESA;Uma tigresa de unhas negras
Maria Bethânia;UM JEITO ESTÚPIDO DE TE AMAR;Eu sei que eu tenho um jeito
Maria Bethânia;VOLTA POR CIMA;Chorei, não procurei esconder
Maria Bethânia e Omara Portuondo;SÓ VENDO QUE BELEZA (MARAMBAIA);Eu tenho uma casinha lá na Marambaia
Maria Cecília e Rodolfo;CEGO, SURDO E MUDO;Se eu pudesse te apagar do pensament
Maria Cecília e Rodolfo;COISAS ESOTÉRICAS;Coisas esotéricas me passam na cabeç
Maria Cecília e Rodolfo;QUEM AMA CUIDA;Não ligue se eu lhe perguntar
Maria Cecília e Rodolfo;TCHAU TCHAU;Eu percebi que mentia
Maria Cecília e Rodolfo;VOCÊ DE VOLTA;Tudo que eu quero é você de volta
Maria Cecília e Rodolfo / Exaltasamba;O TROCO;Todo o tanto que você chorar pra mim
Maria Creusa;APELO;Ah... meu amor não vás embora…
Maria Creusa;EU SEI QUE VOU TE AMAR;Eu sei que vou te amar...
Maria Creusa;ONDE ANDA VOCÊ;E por falar em saudade
Maria Creusa, Toquinho e Vinicius;MINHA NAMORADA;Meu poeta hoje eu estou contente...
Maria Eugênia;COMPANHEIRO;Vai amigo
CANTOR;TÍTULO;INÍCIO DA LETRA
Maria Gadú;A HISTÓRIA DE LILY BROWN;Como num romance
Maria Gadú;ANJO DE GUARDA NOTURNO;Meu anjo de guarda noturno
Maria Gadú;BELA FLOR;A flor que vem me lembrar
Maria Gadú;CEDO NÃO;A menina chegou me olhou bem assim
Maria Gadú;DONA CILA;De todo o amor que eu tenho
Maria Gadú;ESTRANHO NATURAL;Será que te conheço desde a infância
Maria Gadú;JOÃO DE BARRO;O meu desafio é andar sozinho
Maria Gadú;LARANJA;Ô menina parece índia
Maria Gadú;SHIMBALAIÊ;Shimbalaiê
Maria Gadú;TUDO DIFERENTE;Todos caminhos trilham pra gente se
Maria Gadú;LINDA ROSA;Pior que o melhor de dois
Maria Gadú e Caetano Veloso;RAPTE-ME CAMALEOA;Rapte-me camaleoa
Maria Rita;A FESTA;Já falei tantas vezes do verde nos...
Maria Rita;CAMINHO DAS ÁGUAS;Leva no teu bumbá me leva…
Maria Rita;CARA VALENTE;Não ele não vai mais dobrar...
Maria Rita;CONTA OUTRA;Conta outra nessa eu não caio mais
Maria Rita;ENCONTROS E DESPEDIDAS;Mande notícias do mundo de lá...
Maria Rita;FELIZ;Vem pra misturar juízo e carnaval
Maria Rita;LAVADEIRA DO RIO;A lavadeira do rio muito lençol pra
Maria Rita;MUITO POUCO;Pronto agora que voltou tudo ao normal
Maria Rita;NÃO VALE A PENA;Ficou difícil tudo aquilo nada disso sobrou
Maria Rita;NUM CORPO SÓ;Eu tentei mas não deu pra ficar
Maria Rita;PRA MATAR MEU CORAÇÃO;Olha quem chegou pra matar meu coração
Maria Rita;RECADO;Com muito dinheiro e carro do ano
Maria Rita;VEJA BEM MEU BEM;Veja bem meu bem sinto te informar…
Maria Rita;TÁ PERDOADO;Defumei o corredor perfumei o eleva
Mariah Carey;HERO;There's a hero
Mariah Carey;I STILL BELIEVE;Na, na, yea-yeah
Mariah Carey;MY ALL;I’m thinking of you...
Mariah Carey;NEVER TOO FAR;You're with me 'til the bitter end
Mariah Carey;WITHOUT YOU;No I can't forget this evening
Mariah Carey e L. Vandross;ENDLESS LOVE;My love, there's only you in my life
Mariah Carey e W. Houston;WHEN YOU BELIEVE;Many nights I prayed...
Mariana Aydar;A DEUSA DOS ORIXÁS;Yansã cadê Ogum foi pro mar
Mariane;BERIMBOLANDO O PÁ-DE-DE;Atirei o pau no gato mas não sei
Mariane Faithful;THIS LITTLE BIRD;There's little bird that somebody
Marie Osmond;PAPER ROSES;I realize the way your eyes deceived me
Marília Barbosa;CASO VOCÊ CASE;Caso você case não escreva a nota
Marília Barbosa;O CIRCO;Vai vai vai começar a brincadeira
Marilia Medalha-Toquinho-Vinicius de;TOMARA;Tomara que você volte depressa
Marina Elali;EU VOU SEGUIR;Eu sei que os sonhos são pra sempre
Marina Elali;ME TIRA DO AR;Se você me quer
Marina Elali;TALVEZ;Talvez eu só não pudesse ver
Marina Lima;À FRANCESA;Meu amor se você for embora
Marina Lima;ACONTECIMENTOS;Eu espero acontecimentos…
Marina Lima;AINDA É CEDO;Uma menina me ensinou
Marina Lima;CHARME DO MUNDO;Eu tenho febre eu sei
Marina Lima;CORAÇÕES A MIL;Minhas ambições são dez
Marina Lima;EU NÃO SEI DANÇAR;Às vezes eu quero chorar
Marina Lima;EU TE AMO VOCÊ;Acho que não sei não, eu não queria
Marina Lima;FULLGÁS;Meu mundo você é quem faz
Marina Lima;GATA TODO DIA;Eu sou uma gata e não gosto de água fria
Marina Lima;MESMO QUE SEJA EU;Sei que você fez os seus castelos
Marina Lima;NOSSO ESTRANHO AMOR;Não quero sugar todo o seu leite
Marina Lima;NOTÍCIAS;Só você pode me incendiar…
Marina Lima;PRA COMEÇAR;Pra começar quem vai colar
Marina Lima;SUGAR;Quando a tarde cai eu penso em você
Marina Lima;UMA NOITE E MEIA;Vem chegando o verão um calor no
Marina Lima;VENENO;Veneno... não me beije
Marina Lima;VIRGEM;As coisas não precisam de você…
Mario Panzeri e Psd Nisa;NON HO L'ETA PER AMARTI;Non ho I'eta non ho I'eta
Mário Veloso;TUDO POR VOCÊ;Por muitas vezes já tentei dizer...
Marisa Gata Mansa;VIAGEM;Oh triteza me desculpe tô de malas pr
Marisa Monte;A SUA;Eu só quero que você saiba...
Marisa Monte;ÁGUA TAMBÉM É MAR;Pan pan pan pan
Marisa Monte;AINDA BEM;Ainda bem que agora encontrei você
Marisa Monte;AINDA LEMBRO;Ainda lembro o que passou
Marisa Monte;AMOR I LOVE YOU;Deixa eu dizer que te amo...
Marisa Monte;AQUELA VELHA CANÇÃO;Quando eu te ligar cantando aquela velha
Marisa Monte;ATÉ PARECE;Até parece que não lembra
Marisa Monte;BALANÇA PEMA;Don don din din din don don don din
Marisa Monte;BEIJA EU;Seja eu, seja eu deixa que eu seja eu
Marisa Monte;BEM QUE SE QUIS;Bem que se quis
Marisa Monte;DANÇA DA SOLIDÃO;Solidão é lava que cobre tudo
Marisa Monte;DE NOITE NA CAMA;De noite na cama, eu fico pensando
Marisa Monte;DEPOIS;Depois de sonhar tantos anos
Marisa Monte;DIARIAMENTE;Para calar a boca rícino
Marisa Monte;ESTA MELODIA;Quando vem rompendo o dia
Marisa Monte;EU SEI;Um dia eu vou estar à toa...
Marisa Monte;GENTILEZA;Apagaram tudo pintaram tudo de cinza
Marisa Monte;INFINITO PARTICULAR;Eis o melhor e o pior de mim
Marisa Monte;LENDA DAS SEREIAS RAINHA DO MAR;Oguntê Marabô Caiala e sobá...
Marisa Monte;MAGAMALABARES;Para mandê-ro undo para mandê-ro
Marisa Monte;MAIS UMA VEZ;Mais uma vez eu vou te deixar
CANTOR;TÍTULO;INÍCIO DA LETRA
Marisa Monte;MARIA DE VERDADE;La i iá la i iá
Marisa Monte;NA ESTRADA;Tchu ru ru ru ru ru tchu tchu tchu
Marisa Monte;NÃO É FÁCIL;Não é fácil não pensar em você...
Marisa Monte;NÃO É PROIBIDO;Jujuba bananada pipoca
Marisa Monte;NÃO VÁ EMBORA;E no meio de tanta gente encontrei......
Marisa Monte;O BONDE DO DOM;Novo dia
Marisa Monte;O QUE ME IMPORTA;O que me importa o seu carinho agora...
Marisa Monte;O QUE VOCÊ QUER SABER DE VERDADE;Vai sem direção vai ser livre
Marisa Monte;ONTEM AO LUAR;Ontem ao luar nós dois em plena...
Marisa Monte;PANIS ET CIRCENSES;Eu quis cantar ...
Marisa Monte;PARA MAIS NINGUÉM;Entre nós deve haver sinceridade
Marisa Monte;PARA VER AS MENINAS;Silêncio por favor
Marisa Monte;PRA SER SINCERO;Eu era tão feliz e não sabia amor
Marisa Monte;PRECISO ME ENCONTRAR;Deixe-me ir preciso andar
Marisa Monte;ROSA;Tu és divina e graciosa estátua…
Marisa Monte;SEGUE O SECO;A boiada seca
Marisa Monte;TEMA DE AMOR;Eu conheço todo jeito
Marisa Monte;TUDO PELA METADE;Eu admiro o que não presta
Marisa Monte;VILAREJO;Há um vilarejo ali
Marisa Monte;VOLTE PARA O SEU LAR;Aqui nessa casa ninguém quer
Marisa Monte e Erasmo Carlos;NÃO QUERO VER VOCÊ TRISTE;Sente o céu repara o mar
Marisa Monte e Rodrigo Amarante;O QUE SE QUER;Vá pode falar pode escrever
Marjori Estiano;ESPIRAIS;Depois do céu tem outro céu
Marjori Estiano;O JOGO;Por mais que eu tente eu não consigo e
Marjori Estiano;POR MAIS QUE EU TENTE;Se o vento sopra sem sentido
Marjori Estiano;REFLEXO DO AMOR;Hoje quando acordei
Marjori Estiano;VOCÊ SEMPRE SERÁ;Quando a lua tentar me encontrar
Markinhos Moura;MEU MEL;Fica comigo meu mel tire o adeus...
Marlon e Maicon;CORAÇÃO AVENTUREIRO;Eu não consigo controlar meu coração…
Marlon e Maicon;TA NA CARA;Pára de fingir...
Marlon e Maicon;TE DEDICO ESSA CANÇÃO;Como uma flecha no coração
Marlon e Maicon;TE PEÇO FICA COMIGO;Escuta meu amor...
Marlon e Malcon;POR TE AMAR ASSIM;Você ficou em min dentro de minha....
Mart'nália;ARPOADOR;Tava passeando no Arpoador..
Mart'nália;CABIDE;Se eu fingir e sair por aí na noitad
Mart'nália;DON'T WORRY, BE HAPPY;Here's a little song I wrote
Mart'nália;ELA É MINHA CARA;Causa reboliço aonde passa
Mart'nália;NAMORA COMIGO;Hoje eu estou sozinha você está na minha
Martinha;EU DARIA A MINHA VIDA;Eu daria a minha vida para te esque
Martinha;EU TE AMO MESMO ASSIM;Vieram me contar…
Martinho da Vila;AQUARELA BRASILEIRA;Vejam esta maravilha de cenário
Martinho da Vila;CANTA, CANTA MINHA GENTE;Canta, canta minha gente deixa tristeza
Martinho da Vila;CASA DE BAMBA;Na minha casa todo mundo é bamba...
Martinho da Vila;DEVAGAR, DEVAGARINHO;É devagar, é devagar
Martinho da Vila;FEITIÇO DA VILA;Quem nasce lá na Vila
Martinho da Vila;GRANDE AMOR;Num grande amor sempre tem melancolia
Martinho da Vila;HOJE TEM AMOR;Já melhorou meu bem já tá de bom...
Martinho da Vila;MADALENA DO JUCU;Madalena, Madalena você é meu bem querer...
Martinho da Vila;MINHA E TUA;Deus abençoa por quê somos o sol
Martinho da Vila;MULHERES;Já tive mulheres de todas as cores
Martinho da Vila;O SAMBA DO TRABALHADOR;Na segunda-feira, não vou trabalhar...
Martinho da Vila;PRA PODER TE AMAR;O amor não tem cor o amor não...
Martinho da Vila;PRA QUE DINHEIRO;Dinheiro pra que dinheiro…
Martinho da Vila;SAMBA DA CABROCHA BAMBA;Samba da cabrocha bamba
Martinho da Vila;DISRITMIA;Eu quero me esconder debaixo
Martinho da Vila;O PEQUENO BURGUÊS;Felicidade passei no vestibular...
Martinho da Vila;PRO AMOR RENDER;Faça tudo o que tem de fazer...
Martinho da Vila;QUEM É DO MAR NÃO ENJOA;Quem é do mar não enjoa não…
Martinho da Vila;SEGURE TUDO;Segure tudo que for conquistado
Martinho da Vila;VOCÊ NÃO PASSA DE UMA MULHER;Mulher preguiçosa
Martinho da Vila e Simone;EX-AMOR;Ex-amor Gostaria que tu…
Marvin Gaye;SEXUAL HEALING;Oh baby now let's get down tonight…
Marvin Gaye;WHAT’S GOING ON;Mother, mother, there’s too many of you...
Maskavo;ASAS;Alalauê... Cê parece um anjo só que não
Maskavo;UM ANJO DO CÉU;Um anjo do céu que trouxe pra mim
Mastruz Com Leite;ABRAÇAR;Estou tão triste sozinha
Mastruz Com Leite;ME FAZ UM DENGO;Êta peneirado gostoso é só no...
Mastruz Com Leite;MEU VAQUEIRO MEU PEÃO;Lá vem montado em seu alazão
Mastruz Com Leite;MOTO TÁXI;Tenho uma moto táxi pra fazer
Mastruz Com Leite;NHANHAR;Manere meu bem manere o teu jeito de
Mastruz Com Leite;NOITE FRIA;Noite fria penso em você…
Mastruz Com Leite;OLHA PRO CÉU;Olha pro céu meu amor vê
Mastruz Com Leite;RETRATO DE UM FORRO;Quando tu balança dá um...
Mastruz Com Leite;TATUAGEM;Pode milhões e milhões de quilômetros...
Mastruz Com Leite;VOU TE MATAR DE CHEIRO;Tô doidinha pra me deitar naquela cama
Matchbox Twenty;IF YOU'RE GONE;I think I've already lost you
Matchbox Twenty;UNWELL;All day staring at the ceiling
Mateus e Cristiano;LIGA NÃO;Te disseram que me viram com um outro
Mateus e Cristiano;SE É PRA FALAR DE AMOR;Se é pra falar de amor eu sou mesmo a
Matogrosso e Matias;DE IGUAL PRA IGUAL;Você mentiu...
Matogrosso e Matias;EU ME PERDI;Eu sei que se você estiver me ouvindo
Matogrosso e Matias;NA HORA DO ADEUS;Na hora do adeus você olhou pra mim
Matogrosso e Matias;TENTEI TE ESQUECER;Ah como quero te encontrar novamente...
Matt Monto;WALK AWAY;Walk away please go before you
CANTOR;TÍTULO;INÍCIO DA LETRA
Mattos Nascimento;FORTE E TREMENDO;Meu Jesus é forte e tremendo
Mattos Nascimento;QUANDO DESCE O ESPÍRITO SANTO;Quando desce o Espírito Santo
Mattos Nascimento;QUEM PODE VER?;Quem pode ver o que estou vendo?
Mattos Nascimento;SOU DE DEUS;Minha vida é só cantando
Mattos Nascimento;SOLTA O CABO DA NAU;Oh por que duvidar sobre as ondas do
Maurício e Mauri;NAMORO ESCONDIDO;Namoro bom é namoro escondido
Mauricio Manieri;BOTA PRA MEXER;Bota pra mexer, mexer....
Maurício Manieri;BEM QUERER;Uh baby eu ontem tive um sonho ...
Maurício Manieri;DEIXA ROLAR;Cadê meus camaradas
Maurício Manieri;MINHA MENINA;Vem ser minha menina...
Maurício Manieri;PENSANDO EM VOCÊ;Meu amor hoje eu acordei...
Maurício Manieri;SE QUER SABER;Te prometi nunca te deixar....
Maurício Manieri;TE QUERO TANTO;Chubiduba...Nunca imaginei...
Maurício Mattar;MUITO ROMÂNTICO;Eu tenho andado tão calado
Maurício Mattar;NADA APAGA ESSA PAIXÃO;Como eu queria te encontrar mais uma vez
Maurício Mattar;NOSSA HISTORIA DE AMOR;Você comigo aqui nesse lugar
Maurício Mattar;PRA FICAR CONTIGO;Ai que vontade de te ver de novo
Maurício Mattar;QUEM MANDOU!..;Quem mandou você gostar de mim...
Maurício Mattar;RUMOS DO CORAÇÃO;Ah! Se eu pudesse ao menos sair de mim
Maurício Mattar;TEU CAFUNÉ;Amor me espere daqui a pouco eu vou
Mauro Celso;BILU TETÉIA;Quando eu era criança mamãe dizia
Mauro Celso;FAROFA FA;Comprei um quilo de farinha pra fazer farofa
Max Vianna;CANÇÕES DE REI;Se eu fosse algum rei fosse o teu sen
Max Vianna;SAI DAQUI, TRISTEZA;Eu ontem falei pra você
Mayck e Lyan;VOCÊ SÓ ME FAZ FELIZ;É nesse sonho que eu me encontro
Maysa;COMO DOIS MENINOS;Como dois meninos
Maysa;DINDI;Céu... tão grande é o céu...
Maysa;O BARQUINHO;Dia de luz festa do sol
Maysa;MEU MUNDO CAIU;Meu mundo caiu e me fez ficar assim...
Mc Babi;ANJO DA MADRUGADA;Uh uh uh uh uh uh uh
Mc Leozinho;SE ELA DANÇA EU DANÇO;Se ela dança eu danço se ela dança e
Mc Perlla;TREMENDO VACILÃO;Tira tchuru tira tchuru ou ah ou ha
Mc Perlla;EU VOU;Todas as meninas pensam em se divertir
Megh Stock;INVEJA;O seu sorriso sempre foi tão cativant
Megh Stock;CADERNO DE RISCOS;Quantos vícios vou deixar
Megh Stock;SOFÁ EMPRESTADO;Pra sair desse tormento
Mel Com Terra;EU, VOCÊ E O AMOR;Lembro do dia em que eu te conheci
Men At Work;DOWN UNDER;Travelling in a friedout Kombi
Men At Work;IT'S A MISTAKE;Jump down the shelters to get away…
Men At Work;OVERKILL;I can't get to sleep…
Mensagem Brasil;LAÇOS DE AMOR;Senhor nos escolheste desde sempre
Menudos;NÃO SE REPRIMA (NO TE REPRIMAS);Canta dança sem parar...
Meredith Brooks;BITCH;I hate the world today
Metallica;ENTER SANDMAN;Say your prayers little one don't forget my
Metrô;BEAT ACELERADO II;Minha mãe me falou que eu preciso casar
Metrô;JOHNNY LOVE;Tô ligando pra você há quatro dias
Metrô;SÂNDALO DE DANDI;Beijos os teus lábios desejo te amar
Metrô;TI TI TI;Se pintar um negócio na esquina…
Metrô;TUDO PODE MUDAR;Nada ultrapassa a velocidade do…
Michael Bolton;HOW AM I SUPPOSED TO LIVE WITHOUT YO;I could hardly believe it
Michael Bublé;EVERYTHING;You're a falling star you're the getaway
Michael Bublé;HAVEN'T MET YOU YET;I'm not surprised not everything lasts
Michael Bublé;HOLD ON;Didn't they always say we were the lucky
Michael Bublé;LOST;Can't believe it's over
Michael Holm;WHEN A CHILD IS BORN;A ray of hope flickes in the sky
Michael Jackson;BEAT IT;They told him don't you ever come
Michael Jackson;BEN;Ben the two of us need look no more...
Michael Jackson;BILLIE JEAN;She was more like a beauty queen
Michael Jackson;BLACK OR WHITE;I took my baby on a Saturday...
Michael Jackson;HEAL THE WORLD;There’s a place in your heart...
Michael Jackson;MUSIC AND ME;We've been together for such a long time
Michael Jackson;ROCK WITH YOU;Girl close your eyes...
Michael Jackson;THE GIRL IS MINE;Ev’ry night she walks right in my dreams...
Michael Jackson;THRILLER;It’s close to midnight...
Michael Jackson;YOU ARE NOT ALONE;Another day has gone I'm still all alone
Michael McDonald;I HEARD IT THROUGH THE GRAPEVINE;Woo oh I bet you're wondering how I knew
Michael Sullivan;CORAÇÃO VAZIO;Vem ficar na minha vida...
Michael Sullivan;SEMPRE VOU TE AMAR;Eu preciso de você...
Michel Teló;AI SE EU TE PEGO;Nossa nossa assim você me mata
Michel Teló;AMANHÃ, SEI LÁ;Tô com vontade de te encher de beijos
Michel Teló;BALADA SERTANEJA;Balada sertaneja vamos cair nessa
Michel Teló;EXPLODIU;Pra que lutar contra o sentimento
Michel Teló;FUGIDINHA;Ô ô ô ô ô ô
Michel Teló;HORIZONTE;Nesse céu não tem estrelas não
Michel Teló;HUMILDE RESIDÊNCIA;Pra minha humilde residência vou te esperar
Michel Teló;ME ODEIE;Me desgrace me odeie
Michel Teló e João Bosco e Vinícius;EI, PSIU, BEIJO, ME LIGA;Chegou e me notou
Michel Teló e Sorriso Maroto;É NÓIS FAZE PARAPAPÁ;É nóis fazer parapapá turma... Cê me provoca
Milionário e José Rico;A DAMA DE VERMELHO;Garçom olhe pelo espelho...
Milionário e José Rico;A GANGORRA;Eu gostaria de voltar aos quinze anos
Milionário e José Rico;CORPO E ALMA;Quando precisaste de mim lhe dei apoio e guarid
Milionário e José Rico;ESTRADA DA VIDA;Nesta longa estrada da vida
Milionário e José Rico;NENHUMA ESPERANÇA;Você tem meu endereço você tem meu te
Milionário e José Rico;O TROPEIRO;Eu sou tropeiro e adoro esta vida
CANTOR;TÍTULO;INÍCIO DA LETRA
Milionário e José Rico;QUEM DISSE QUE ESQUECI;Quem disse que esqueci...
Milionário e José Rico;SONHEI COM VOCÊ;Depois de muito tempo acordado
Milionário e José Rico;SONHO DE UM CAMINHONEIRO;Eram dois amigos inseparáveis
Milionário e José Rico;SUBLIME MIRAGEM;Essa noite a paixão me obrigou
Milionário e José Rico;TA RINDO DE QUE;Agora tá do jeitinho que ela quer
Milionário e José Rico;TEMPESTADE DE PAIXÃO;O tempo está fechando e me parece
Milionário e José Rico;VIVA A VIDA;Quebrei a taça da amargura
Milionário e José Rico;VONTADE DIVIDIDA;Eu queria ter você no meu caminho
Miltinho;MULHER DE TRINTA;Você mulher que já viveu
Miltinho - Ediberto - Falamansa;NO BALANÇO DO BUZÃO;No balanço do buzão no fungado...
Miltinho e Tito Madi;POEMA DO ADEUS;Então eu fiz um bem dos males que pass
Milton Carlos;CONTRA SENSO;Se quiserem saber porque foi que mudei
Milton Carlos;MEMÓRIAS DO CAFÉ NICE;Ai que saudade me dá ai que saudade…
Milton Carlos;SAMBA QUADRADO;Eu fiz um samba quadrado
Milton Guedes;SONHO DE UMA NOITE DE VERÃO;Sonho de uma noite de verão eu
Milton Nascimento;CAÇADOR DE MIM;Por tanto amor por tanta emoção
Milton Nascimento;CANÇÃO DA AMÉRICA;Amigo é coisa pra se guardar
Milton Nascimento;CIRCO MARIMBONDO;Circo Marimbondo Circo Marambaia
Milton Nascimento;CORAÇÃO CIVIL;Quero a utopia quero tudo e mais
Milton Nascimento;CORAÇÃO DE ESTUDANTE;Quero falar de uma coisa...
Milton Nascimento;FAZENDA;Água de beber bica no quintal
Milton Nascimento;FÉ CEGA, FACA AMOLADA;Agora não pergunto mais aonde vai
Milton Nascimento;MARIA MARIA;Maria, Maria é um dom
Milton Nascimento;NAMORADOS DA LUA;É meia-noite desperta acorda gentil
Milton Nascimento;NOS BAILES DA VIDA;Foi nos bailes da vida ou num bar
Milton Nascimento;O ROUXINOL;Rouxinol tomou conta do meu viver
Milton Nascimento;OUTRO LUGAR;Cê sabe que as canções são todas feitas
Milton Nascimento;QUEM SABE ISSO QUER DIZER AMOR;Cheguei a tempo de te ver acordar…
Milton Nascimento;TRAVESSIA;Quando você foi embora
Milton Nascimento & Chico Buarque;O CIO DA TERRA;Debulhar o trigo…
Milton Nascimento e Sagrado Coração;ÓRFÃOS DO PARAÍSO;Órfãos do sonho Brasil
Milton Nascimento/ M. Valle;VIOLA ENLUARADA;A mão que toca um violão
Ministério Apascentar de Nova Iguaçu;BENDITO EU SEREI;Quero ouvir tua voz as sandálias eu já
Ministério Apascentar de Nova Iguaçu;DEUS DE PROMESSAS;Sei que os Teus olhos
Ministério Apascentar de Nova Iguaçu;LEVA-ME ALÉM;Render a Ti adoração e derramar meu
Ministério Apascentar de Nova Iguaçu;TOQUE NO ALTAR;Quem quer a glória traz a arca
Minnie Riperton;LOVIN' YOU;Lovin' you
Mitch Miller;YOU ARE MY SUNSHINE;The other night dear as I lay sleeping
Miúcha;VOCÊ VAI VER;Você vai ver você vai implorar
Miúcha e Tom Jobim;PELA LUZ DOS OLHOS TEUS;Quando a luz dos olhos meus…
Miúcha e Tom Jobim;TURMA DO FUNIL;Quando é tão densa a fumaça
Moacyr Franco;À SOMBRA DO TEU SORRISO;Vivi os sonhos meus nos braços teus
Moacyr Franco;BALADA NÚMERO 7 (MANÉ GARRINCHA);Sua ilusão
Moacyr Franco;CARTAS NA MESA;Não dá mais certo
Moacyr Franco;DISTANTE DOS OLHOS;Por que é
Moacyr Franco;EU AMO TANTO, TANTO;Diga que o nosso amor não morre
Moacyr Franco;EU TE DAREI BEM MAIS;Pelo menos desta vez...
Moacyr Franco;INCÊNDIO NO CANAVIAL;Só quem vive a nossa vida
Moacyr Franco;MILAGRE DA FLECHA;Era alta madrugada
Moacyr Franco;SE EU NÃO PUDER TE ESQUECER;Se eu não puder te esquecer
Moacyr Franco;SOU MAIS UM;Eu nasci em qualquer dia
Moacyr Franco;SUAVE É A NOITE;É tão calma a noite a noite é de nós…
Moacyr Franco;AINDA ONTEM CHOREI DE SAUDADE;Você me pede na carta que eu...
Mogli;SOMENTE O NECESSÁRIO;Eu uso o necessário somente...
Moinho;ELA BRIGA COMIGO;Ela briga comigo
Moinho;MAIOR É DEUS;Ê maior é Deus
Moinho da Bahia;ESNOBA;Só porque tenho por ela um apreço im
Molejo;A DANÇA DA VASSOURA;Diga aonde você vai que eu vou varrendo
Molejo;BRINCADEIRA DE CRIANÇA;Acorda criançada
Molejo;CAÇAMBA;Traz a caçamba traz a caçamba
Molejo;DOIDINHA POR MEU SAMBA;Alá lá le le oh alá lá le le le doidinha
Molejo;NÉ BRINQUEDO NÃO;Né brinquedo não né brinquedo não
Molejo;PAPARICO;Menina vou lhe ser sincero
Molejo;PENSANDO VERDE;Essa é a estória de uma garota nova
Molejo;SAMBA DIFERENTE;Quem samba com molejo samba
Molejo;TÁ MALUCA;Tá maluca tá maluca…
Molejo;VOLTEI;Venho trabalhando venho me esforçando
Mônica Salmaso;NA VOLTA QUE O MUNDO DÁ;Um dia eu senti um desejo profundo
Monique Kessous;COM ESSA COR;Eu vou só
Monique Kessous;CORAÇÃO;Quando bate o meu coração por onde eu
Monique Kessous;PITANGUEIRA;Uma palavra de amor
Mood Blues;FOR MY LADY;My boat sails story seas battle
Moraes Moreira;A BOLA;Pulo pulo pulo vou de pé em pé...
Moraes Moreira;BRASIL PANDEIRO;Chegou a hora dessa gente bronzeada
Moraes Moreira;COISA ACESA;Atravessei os sete mares e por todos
Moraes Moreira;LÁ VEM O BRASIL DESCENDO A LADEIRA;Quem desce do morro não morre
Moraes Moreira;POMBO-CORREIO;Pombo-Correio voa depressa
Moraes Moreira;SINTONIA;Escute essa canção...
Moraes Moreira e Pepeu Gomes;A LUA E O MAR;De Canoa Quebrada até Cochabamba
Morris Albert;FEELING;Feeling nothing more than feeling
Morris Albert;SHE'S MY GIRL;She's my girl when the sun goes down
Móveis Coloniais de Acajú;O TEMPO;A gente se deu tão bem
MPB 4;O PATO;La vem o pato pata aqui pata..
MPB 4 - Toquinho;SAMBA PRA VINÍCIUS;Poeta meu poeta camarada
CANTOR;TÍTULO;INÍCIO DA LETRA
Mr.Big;TO BE WITH YOU;Hold on little girl show me what
Mr.Mister;BROKEN WINGS;Baby, don't understand
Mulekada;FOI DE BRINCADEIRA;Vamos brincar do que brincar...
Muleke Travesso;VOCÊ EM MIM;Hoje eu me encontro na solidão
Munhoz e Mariano;CAMARO AMARELO;Agora eu fiquei doce doce doce doce
Munhoz e Mariano;COMENDO ÁGUA;Alô tô num bar chego já pode ir fazendo
Munhoz e Mariano;EU VOU PEGAR VOCÊ E  TÃE;Eu vou pegar você e tãe tãe tãe tãe
Munhoz e Mariano;FIM DE SEMANA;Alô o final de semana chegou
Munhoz e Mariano;TE QUERO BEM;Eu já falei e não vou repetir
Música Junina;CHEGOU A HORA DA FOGUEIRA;Chegou a hora da fogueira
Música Junina;NOITES DE JUNHO;Noite fria tão fria de junho
Música Junina;PEDRO, ANTÔNIO E JOÃO;Com a filha de João Antônio ia se casar
Música Junina;PULA A FOGUEIRA;Pula a fogueira iaiá
Música Natalina;JINGLE BELLS;Dashing thru'the snow
Música Natalina;WHITE CHRISTMAS;I'm dreaming of a white christmas
Musical San Francisco;ATENDA O TELEFONE;Atenda o telefone por favor meu bem
Mylena;CÉREBRO ELETRÔNICO;O cérebro eletrônico faz tudo
Mylena;QUANDO;Quando eu quis me aproximar
N' Sync;I WANT YOU BACK;You're all I ever wanted
Naiara Azevedo;"COITADO (RESPOSTA ""SOU FODA"")";Coitado se acha muito macho sou eu quem te
Naldo Benny (Naldo);AMOR DE CHOCOLATE;Vodca ou água de coco pra mim tanto faz
Naldo Benny (Naldo);MEU CORPO QUER VOCÊ;Ai ai ai... Meu corpo quer você cada vez quero m
Naldo e Lula;COMO MÁGICA;Como um farol
Nalva Aguiar;BEIJINHO DOCE;Que beijinho doce que ele tem
Nalva Aguiar;DIA DE FORMATURA;Se ele perguntar
Nana Caymmi;ATÉ PENSEI;Junto à minha rua havia um bosque
Nana Caymmi;NÃO TEM SOLUÇÃO;Aconteceu um novo amor que não podia…
Nana Caymmi;RESPOSTA AO TEMPO;Batidas na porta da frente...
Nana Caymmi;SÓ EM TEUS BRAÇOS;Sim promessas fiz
Nana Caymmi;SÓ LOUCO;Só louco amou como eu amei
Nana Caymmi;SUAVE VENENO;Vive encantado de amor inebriado...
Nana Caymmi;VOCÊ NÃO SABE AMAR;Você não sabe amar meu bem
Nando Reis;A LETRA A;A letra A do seu nome
Nando Reis;AINDA NÃO PASSOU;Triste é não chorar
Nando Reis;CORAÇÃO DA GENTE;Morena que dança num mar de alegria
Nando Reis;DESSA VEZ;É bom olhar pra trás
Nando Reis;ESPATÓDEA;Minha cor minha flor minha cara
Nando Reis;MANTRA;Quando não tiver mais nada
Nando Reis;ME DIGA;Se eu acordo preocupado com as
Nando Reis;MESMO SOZINHO;Baby
Nando Reis;N;E agora o que eu vou fazer
Nando Reis;POR ONDE ANDEI;Desculpe estou um pouco atrasado…
Nando Reis;PRA VOCÊ GUARDEI O AMOR;Pra você guardei o amor que nunca sou
Nando Reis;SEI;Sabe quando a gente tem vontade
Nando Reis;SOU DELA;Esperei por tanto tempo esse tempo a
Nando Reis e Negra Li;NEGRA LIVRE;Está com todo som na boca nas palavra
Nara Leão;AMOR NAS ESTRELAS;No alto de uma montanha existe um la
Nara Leão;ATÉ QUEM SABE;Até um dia até talvez até quem sabe
Nara Leão;DIZ QUE FUI POR AI;Se alguém perguntar por mim diz que fui por aí
Nara Leão;MEDITAÇÃO;Quem acreditou…
Nara Leão;A BANDA;Eu estava à toa na vida o meu
Natália Siqueira;VOCÊ ME ENSINOU O AMOR;Era tão perfeito era como um sonho b
Natalie Cole;UNFORGETTABLE;Unforgettable that's what you are
Natalie Imbruglia;AGAINST THE WALL;Saw your light on from the second story
Natalie Imbruglia;ALL THE MAGIC;Promises have meaning once again
Natalie Imbruglia;TORN;I thought I saw a man brought to life
Natiruts;ANDEI SÓ;Preciso demonstrar pra ela...
Natiruts;NATICONGO;Tinha a coragem e a calma de um rei
Natiruts;O CARCARÁ E A ROSA;Olhe vá em frante não se esqueça...
Natiruts;QUERO SER FELIZ TAMBÉM;Cresça
Natiruts;SUPERNOVA;Se você não está aqui sem graça é o viver
Natiruts;REGGAE POWER;Quando a noite cair e o som
Natiruts e Claudia Leitte;SORRI, SOU REI;Quando a esperança de uma noite de
Nativus;LIBERDADE PRA DENTRO DA CABEÇA;Liberdade pra dentro da cabeça
Nativus;PRESENTE DE UM BEIJA-FLOR;O beija-flor que trouxe meu amor...
Nayah;É SÓ VOCÊ QUERER;É só você querer que eu posso voltar
Nazareth;LOVE HURTS;Love hurts love scars love wounds...
Ne-Yo;SO SICK;Mmm mmm yeah
Nechvile;EU NÃO VOU MAIS CHORAR;Amor vou te deixar
Negra Li;AMAR EM VÃO;Hey me diz
Negra Li;VOCÊ VAI ESTAR NA MINHA;Esse cara
Negritude Júnior;ABSOLUTA;Não seja deselegante tentando dar
Negritude Júnior;BEIJO GELADINHO;Tô te vendo tô sentindo
Negritude Júnior;BOM DIA;A melhor coisa do mundo é amanhecer...
Negritude Júnior;COHAB CITY-VEM PRA CÁ;Tô chegando na Cohab pra curtir minha
Negritude Júnior;CONTO DE FADAS;Não posso negar que você é meu conto
Negritude Júnior;É DEMAIS;Gosto muito de você não preciso nem
Negritude Júnior;FAÇA O QUE EU DIGO;Jogue a tristeza fora a turma...
Negritude Júnior;INDIFERENÇA;A gente já não fala mais de amor
Negritude Júnior;NÃO VOU NEGAR;Não vou negar, você ficou no meu coração...
Negritude Júnior;NOSSA CAMA É UMA LOUCURA;Quando as palavras se cruzam...
Negritude Júnior;O BEIJO;Beijo agarradinho beijo estaladinho
Negritude Júnior;O BEM QUE VOCÊ ME FAZ;Tô ficando preocupado...
Negritude Júnior;OLHOS VERMELHOS;As coisas já não andam bem pra mim
CANTOR;TÍTULO;INÍCIO DA LETRA
Negritude Júnior;QUE DURE PARA SEMPRE;Você está aí sozinha
Negritude Júnior;SAUDADE E SOLIDÃO;Tentei me encontrar no teu
Negritude Júnior;TANAJURA;Tana...tanajura jura que me ama
Negritude Júnior;TIC-TAC;Bate forte o tambor eu quero é tique tique
Negritude Júnior;VOCÊ FAZ FALTA;Falta alguma coisa no ar
Neil Diamond;SWEET CAROLINE;Where it began I can't begin to knowing
Neil Sedaka;BREAKING UP IS HARD TO DO;Tchu-ru-ru down doo bee doo down down
Neil Sedaka;OH CAROL;Oh Carol, I am but a fool...
Neil Sedaka;THE DIARY;Who oh oh oh oh oh oh oh
Neil Sedaka;YOU MEAN EVERYTHING TO ME;You are the answer to my lonely prayer
Nelly Furtado;ALL GOOD THINGS COME TO AN END;Honestly what will become of me
Nelly Furtado;PROMISCOUS GIRL;How you doin' young lady
Nelly Furtado;SAY IT RIGHT;In the day in the night say it right say
Nelly Furtado;TRY;All I know
Nelson Gonçalves;A TURMA DA SAUDADE;Laiá laiá laiá
Nelson Gonçalves;A VOLTA DO BOÊMIO;Boemia aqui me tens de regresso
Nelson Gonçalves;CABELOS BRANCOS;Não falem desta mulher perto de mim
Nelson Gonçalves;CAMINHEMOS;Não eu não posso lembrar que te amei
Nelson Gonçalves;CAMISOLA DO DIA;Amor eu me lembro ainda
Nelson Gonçalves;CARINHOSO;Meu coração não sei por que
Nelson Gonçalves;CARLOS GARDEL;Tango bandoneon uma guitarra que gem
Nelson Gonçalves;CASTIGO;A gente briga
Nelson Gonçalves;CHÃO DE ESTRELAS;Minha vida era um palco iluminado...
Nelson Gonçalves;CHORE COMIGO;Estou mais triste nesta triste noite f
Nelson Gonçalves;DEUSA DA MINHA RUA;A deusa da minha rua
Nelson Gonçalves;DEUSA DO ASFALTO;Um dia sonhei um porvir risonho
Nelson Gonçalves;FICA COMIGO ESTA NOITE;Fica comigo esta noite e não te...
Nelson Gonçalves;FLOR DO MEU BAIRRO;A flor do meu bairro tinha o lirismo
Nelson Gonçalves;MÁGOAS DE CABOCLO;Cabocla seu olhar está me dizendo...
Nelson Gonçalves;MARIA BETHÂNIA;Maria Bethânia tu és para mim…
Nelson Gonçalves;MEU VÍCIO É VOCÊ;Boneca de trapo pedaço da vida
Nelson Gonçalves;NAQUELA MESA;Naquela mesa ele sentava sempre…
Nelson Gonçalves;NORMALISTA;Vestida de azul e branco...
Nelson Gonçalves;PENSANDO EM TI;Eu amanheço pensando em ti
Nelson Gonçalves;RENÚNCIA;Hoje não existe nada mais entre nós
Nelson Gonçalves;RISQUE;Risque meu nome do seu caderno
Nelson Gonçalves;ÚLTIMO DESEJO;Nosso amor que eu não esqueço...
Nelson Gonçalves;VIOLÃO;Violão
Nelson Ned;DOMINGO À TARDE;O que é que você vai fazer domingo à tarde
Nelson Ned;PARA TI SENHOR JESUS;O meu primeiro pensamento...
Nélson Ned;TUDO PASSARÁ;Eu te dei meu amor
Nenhum de Nós;CAMILA, CAMILA;Depois da ultima noite de festa...
Nenhum de Nós;CANÇÃO DA MEIA-NOITE;Quando a meia-noite me encontrar
Nenhum de Nós;DANÇA DO TEMPO;Olhe sempre pros dois lados
Nenhum de Nós;EU CAMINHAVA;Eu caminhava…
Nenhum de Nós;FUGA;Nunca mais vai estar em casa
Nenhum de Nós;O ASTRONAUTA DE MÁRMORE;A lua inteira agora é um manto
Nenhum de Nós;SANTA FELICIDADE;Traga sua alegria e mude minha vida
Nenhum de Nós;VOCÊ VAI LEMBRAR DE MIM;Quando eu te vejo espero teu beijo
Netinho;'O SURDATO 'NNAMMURATO;Staje luntana da stu core
Netinho;A MENINA DAS MENINAS;A menina das meninas vem na contramão
Netinho;ABRA A SUA CABEÇA;Quero entrar na sua vida revirar seu
Netinho;ACONTECIMENTO;Você passa
Netinho;AMOR CALIENTE;Convidei-a para dançar
Netinho;BALANÇO LEGAL;Já tá tudo combinado
Netinho;BARRACOS (ESCOMBROS);Pra quem mora lá no morro
Netinho;BEIJO NA BOCA;Foi sem querer que eu beijei a sua boca
Netinho;CAPRICHO DOS DEUSES;Numa noite de lua uma estrela da rua
Netinho;COMO ?;Como vou deixar você
Netinho;ESSA GAROTA;È muita sensualidade...
Netinho;FIM DE SEMANA;Fim de semana é sexta-feira
Netinho;GAROTAS DO BRASIL;Garota colorida tão cheia de vida...
Netinho;INDECISÃO;Não dá pra viver sem você...
Netinho;MENINA;Menina que um dia eu conheci criança
Netinho;MENINA LINDA;Oh menina linda tão bela
Netinho;MILLA;Oh Milla mil e uma noites de amor
Netinho;PARAÍSO;Sol de verão quando bate em minhas
Netinho;PRA SEMPRE EU VOU TE AMAR;Quanto tempo longe de você...
Netinho;PRA TE TER AQUI;Me sinto tão sozinho por que não
Netinho;PRECISO DE VOCÊ;Fui atrás do que restou foi tão belo o
Netinho;RAINHA DO BAILE;Quem és tu? Rainha do baile que dança
Netinho;TOTAL;Total que me importa se duvidas
Netinho de Paula;MELHOR ASSIM;Se a gente se encontrar por aí...
Netinho de Paula;QUER CASAR COMIGO?;Abre a janela e deixa o sol entrar...
Netinho e Ivete Sangalo;ONDE VOCÊ SE ESCONDE;Onde você se esconde aonde te encon
Ney Matogrosso;ARDENTE;Sou ardente não vou negar
Ney Matogrosso;BALADA DO LOUCO;Dizem que sou louco por pensar assim
Ney Matogrosso;CALÚNIAS (TELMA EU NÃO SOU GAY);Diz que vai dar meu bem seu coração pra
Ney Matogrosso;HOMEM COM H;Nunca vi rastro de cobra nem couro
Ney Matogrosso;INVENTO;Vento quem vem das esquinas
Ney Matogrosso;LIG-LIG-LIG-LÉ;Chinês
Ney Matogrosso;MANEQUIM;Divino esse teu manequim
Ney Matogrosso;PARTIDO ALTO;Diz que deu, diz que dá diz que Deus...
Ney Matogrosso;SANGUE LATINO;Jurei mentiras e sigo sozinho...
CANTOR;TÍTULO;INÍCIO DA LETRA
Ney Matogrosso;SEU TIPO;Me diz que eu sou seu tipo
Ney Matogrosso;TANTO AMAR;Amo tanto e de tanto amar...
Ney Matogrosso;TIVE SIM;Tive sim outro grande amor
Ney Matogrosso;TRENZINHO DO CAIPIRA;Lá vai o trem com o menino...
Ney Matogrosso;UM POUCO DE CALOR;Saí a toa nessa madrugada
Ney Matogrosso;VIAJANTE;Eu me sinto tolo como um viajante.....
Ney Matogrosso;VIRA-LATA DE RAÇA;Eu sou só um bicho carente de carinho
Ney Matogrosso;SÃO FRANCISCO;La vai são francisco pelo,,,
Ney Matogrosso e Pedro Luís e a Par;A ORDEM É SAMBA;É samba que eles querem eu tenho...
Nicholas Torres (Carrossel);ROCK DAS LANCHONETES;É bom girar girar no banquinho de um balcão
Nico Fidenco;LEGATA A UN GRANELLO DI SABBIA;Mi vuoi lasciare e tu vuoi fuggire
Nico Rezende;ESQUECE E VEM;Dói mais teu silêncio que tua agressão
Nico Rezende;FINGE QUE NÃO FALOU;Tem castelos que são feitos de areia
Nightwish;NEMO;This is me for forever
Nightwish;WISH I HAD AN ANGEL;I wish I had an angel for one moment of
Nikka Costa;ON MY OWN;Sometimes I wonder where I’ve been...
Nila Branco;CHAMA;Fala
Nila Branco;DIVERSÃO;Já estou cheia de problemas
Nila Branco;PRA TE AMAR;Você vem com essa de ir embora
Nilton César;A NAMORADA QUE SONHEI;Receba as flores que lhe dou
Nilton César;AO MUNDO VOU CONTAR;Eu descobri amor em teu olhar
Nilton César;FÉRIAS NA INDIA;À Índia fui em férias passear...
Nilton César;PROFESSOR APAIXONADO;Minhas alunas é chegado o momento
Nilton César;LILIAN;Lílian teus olhinhos verdinhos falam me
Nina Simone;NE ME QUITTE PAS;Ne me quitte pas Il faut oublier…
Nino di Carlo;ARRIVEDERCI ROMA;T'invidio turista che arrivi
Nino Rosso;IO CHE NON VIVO SENZA TE;Siamo qui noi soli como ogni sera
Nirvana;COME AS YOU ARE;Come as you are as you were...
Nívea Soares;ENCHE-ME DE TI;Ao Teu encontro eu vou
Nívea Soares;REINA SOBRE MIM;Correrei para Ti meu Senhor
No Doubt;DON'T SPEAK;You and me We used to be together
Noite Ilustrada;MEUS TEMPOS DE CRIANÇA;Eu daria tudo que tivesse
Noite Ilustrada;MINHA RAINHA;Um dia você vai pensar direito
Noite Ilustrada;SAMBA DO AMIGO;Quando for chamar alguém de amigo
Norah Jones;COME AWAY WITH ME;Come away with me in the night
Norah Jones;DON'T KNOW WHY;I waited 'til I saw the sun
Norah Jones;WHAT AM I TO YOU;What am I to you tell me darlin' true
Novo Som;ACREDITA;Ei não fique assim
Novo Som;VOZ DO CORAÇÃO;Preciso te contar um segredo que é só
Novos Baianos;PRETA, PRETINHA;Preta, preta, pretinha
Núbia Lafayette;ESTA NOITE EU QUERIA QUE O MUNDO ACA;Esta noite eu queria que o mundo aca
Núbia Lafayette;FRACASSO;Relembro com saudade o nosso amor
Núbia Lafayette;LAMA;Se quiser fumar eu fumo se quiser beb
Núbia Lafayette;MATA-ME DEPRESSA;Mata-me depressa
Núbia Lafayette;SEGREDO;Teu mal é comentar o passado
NX Zero;ALÉM DE MIM;Não olhe para mim fingindo não saber
NX Zero;CARTAS PRA VOCÊ;Eu tento te esquecer
NX Zero;CEDO OU TARDE;Quando perco a fé fico sem controle
NX Zero;DAQUI PRA FRENTE;Estou aqui pra dizer que eu jamais
NX Zero;ESPERO A MINHA VEZ;Se o medo e a cobrança tiram minha e
NX Zero;NÃO É NORMAL;Porque toda vez que você sai
NX Zero;PELA ÚLTIMA VEZ;Não eu não vou te deixar ir embora as
NX Zero;RAZÕES E EMOÇÕES;Dizer
NX Zero e Freddy Gibbs;ONDE ESTIVER;Onde estiver espero que esteja feliz
O Rappa;A FEIRA;Ë dia de feira...
O Rappa;HÓSTIA;Os que sobravam encostados no balcão
O Rappa;MAR DE GENTE;A iô a ê... Brindo à casa brindo
O Rappa;MEU MUNDO É O BARRO;Moço peço licença eu sou novo aqui
O Rappa;MEU SANTO TA CANSADO;Ô na na na ô na na na ô na na na
O Rappa;MINHA ALMA (A PAZ QUE EU NÃO QUERO);A minha alma tá amada...
O Rappa;MONSTRO INVISÍVEL;Monstro invisível que comanda a horda
O Rappa;NA FRENTE DO RETO;O show tá começando o show tá começando
O Rappa;O QUE SOBROU DO CÉU;Faltou luz mas era dia
O Rappa;PESCADOR DE ILUSÕES;Se meus joelhos não doessem mais...
O Rappa;RODO COTIDIANO;Ôh ôh ôh ôh ôh my brother...
O Som dos Baixinhos;A HISTÓRIA DA SERPENTE;Essa é a história da serpente...
O Som dos Baixinhos;A JANELINHA;A janelinha fecha quando está chovendo...
O Som dos Baixinhos;BORBOLETINHA;Borboletinha tá na cozinha...
O Som dos Baixinhos;DEIXEI MEU SAPATINHO;Deixei meu sapatinho na janela do...
O Som dos Baixinhos;DONA ARANHA;A dona Aranha subiu pela parede...
O Som dos Baixinhos;O TREM DE FERRO;O trem de ferro quando sai de Pernanbuco...
O Som dos Baixinhos;PAPAGAIO LORO;Papagaio loro do bico dourado...
O-Town;ALL OR NOTHING;Oooh
Oasis;DON'T GO AWAY;Cold and frosty morning there's not a lo
Oasis;STOP CRYING YOUR HEART OUT;Hold up
Oasis;WONDERWALL;Today is gonna be the day
Odair José;A NOITE MAIS LINDA DO MUNDO;Thu thu… Vamos fazer desta noite…
Odair José;EU VOU TIRAR VOCÊ DESSE LUGAR;Olha a primeira vez que eu estive…
Odair José;EU, VOCÊ E A PRAÇA;Encostei o meu carro na praça
Odair José;MANDE NEM QUE SEJA UM TELEGRAMA;Já faz tanto tempo
Odair José;UMA VIDA SÓ (PARE DE TOMAR A PÍLULA);Já nem sei há quanto tempo
Offspring;WHY DON'T YOU GET A JOB?;My friend's got a girlfriend
Oficina G3;DEUS ETERNO;Oh Deus tú és o meu Deus forte
Oficina G3;NAVES IMPERIAIS;Somos como naves imperiais...
CANTOR;TÍTULO;INÍCIO DA LETRA
Oficina G3;PASTOR;O Senhor é o meu pastor e nada
Oficina G3;RAZÃO;A razão de tanta morte, tanta
Oficina G3;RESPOSTA DE DEUS;Veio como homem e entre nós
Oficina G3;VALÉRIA;Valéria vivia muito bem com
Oficina G3;ESPELHOS MÁGICOS;Os homens e seus espelhos mágicos
Oficina G3;O TEMPO;O vento toca o meu rosto
Oficina G3;O TEU AMOR;Quantas vezes olhei pra trás
Oficina G3;PASTOR;Ainda que lutas tristezas e opressões
Oingo Boingo;STAY;This is not the first time
Oingo Boingo;WE CLOSE OUR EYES;We close our eyes
Olivia N. John e J. Travolta;DON'T CRY FOR ME ARGENTINA;It won't be easy you'II think
Olivia N. John e J. Travolta;HAVE YOU NEVER BEEN MELLOW;There was a time when I was in a
Olivia N. John e J. Travolta;LET ME BE THERE;Wherever you go wherever you may
Olivia N. John e J. Travolta;SUMMER NIGHTS;Summer loving had me a blast...
Olivia Newton John;HOPELESSLY DEVOTED TO YOU;Guess mine is not the first heart broken
Olivia Newton John;I HONESTLY LOVE YOU;Maybe I hang around here…
Olodum;REQUEBRA;Oh requebra requebra requebra sim
Onze:20;MEU LUGAR;Você já sabe que em qualquer lugar eu tô pensan
Originais do Samba;ESPERANÇAS PERDIDAS;Quantas belezas deixadas
Orlando Dias;TENHO CIÚME DE TUDO;Tu és a criatura mais linda...
Orlando Morais;CRUZANDO RAIOS;Estrelas vão fugindo entre os faróis
Orlando Morais;VEM NÃO VEM;Você me sorri aperta minha mão...
Orlando Silva;AOS PÉS DA SANTA CRUZ;Aos pés da Santa Cruz você se ajoelho
Orlando Silva;LABIOS QUE BEIJEI;Lábios que beijei mãos que eu afaguei...
Orlando Silva;NADA ALÉM;Nada além ,nada além de uma ilusão....
Ornella Di Santis & Belo;AGENDA;Sei que pra você eu sou apenas mais um
Ornella Vanoni;IO TI DARO DI PIU;Una volta che e una volta
Orquestra da Terra;REI DO GADO;Sou desse chão onde o rei é peão
Os Abelhudos;AO MESTRE COM CARINHO;Quero aprender
Os Abelhudos;O DONO DA TERRA;Eu queria saber o que é o que é...
Os Aragenos;CÉU, SOL, SUL, TERRA E COR;Eu quero andar nas coxinhas...
Os Cariocas;GAROTA DE IPANEMA;Olha que coisa mais linda
Os Incríveis;ARCO-ÍRIS AZUL (KOKORONO NIJI);Saudade é a lembrança do amor que um dia
Os Incríveis;EU TE AMO, MEU BRASIL;As praias do Brasil ensolaradas
Os Incríveis;MARCAS DO QUE SE FOI;Este ano quero paz no meu coração...
Os Incríveis;VENDEDOR DE BANANAS;Olha a banana olha o bananeiro
Os Magníficos;A PREFERIDA DO BRASIL;Ah... até que enfim que bom você apar
Os Magníficos;ADORO;Adoro... esse teu corpo quente
Os Magníficos;AMOR ESCONDIDO;Esquece tudo que te ensinaram...
Os Magníficos;APAIXONADO;Quero, quero tanto ter você pra mim
Os Magníficos;É CHAMEGO OU XAVECO;Querer por querer cê vai querer...
Os Magníficos;FORA DE MIM;Pensei demais, e resolvi tirar você
Os Magníficos;ME USA;Momentos de amor quero com você
Os Magníficos;MEU TESÃO É VOCÊ;Quando você me olha, amor fico
Os Magníficos;O HOMEM IDEAL;Só quero um homem que me dê...
Os Magníficos;SÓ DEPENDE DE NÓS;"Só depende de nós ""pega"" fogo..."
Os Magníficos;VOLTE PRA MIM;Se me amas abra logo o jogo...
Os Morenos;CORDEIRINHO;Não vou negar...
Os Morenos;MARROM BOM BOM;A gente tem tudo pra dar certo
Os Morenos;MINA DE FÉ;Eu era feliz sem saber...
Os Morenos;TÁ A FIM DE SAMBAR;Tá a fim de sambar já pode chegar
Os Morenos;TÔ DENTRO, TÔ FORA;Festa de aniversário tô dentro...
Os Originais do Samba;A DONA DO PRIMEIRO ANDAR;Estou apaixonado apaixonado estou
Os Originais do Samba;ALEGRIAS DE DOMINGO;Sá sabadaba dá sabadá sabadaba dá
Os Originais do Samba;DO LADO DIREITO DA RUA DIREITA;Do lado direito da rua Direita
Os Originais do Samba;FALADOR PASSA MAL;Falador passa mal rapaz falador passa
Os Originais do Samba;O ASSASSINATO DO CAMARÃO;Assassinaram o camarão
Os Originais do Samba;O OURO E A MADEIRA;O ouro afunda no mar no mar
Os Originais do Samba;TESTAMENTO DE PARTIDEIRO;Pra minha mulher deixo amor sentiment
Os saltimbancos;BICHARIA;Au au au io o miau miau miau..
Os saltimbancos;HISTÓRIA DE UMA GATA;Me alimentaram me acariciaram
Os Serranos;A CHAPA VAI ESQUENTAR;Hoje a chapa vai esquentar
Os Serranos;BAILE DA MARIQUINHA;Mas olha quem vem chegando...
Os Thomés;MEU AMOR;Senti o vazio e foi tanta dor
Os Travessos;ADIVINHA;Adivinha o que eu quero com você...
Os Travessos;ALUGA-SE UM CORAÇÃO;Quando você vai embora sinto um...
Os Travessos;DIGO QUE TE AMO;Digo que te amo e você ri de mim...
Os Travessos;DISTÂNCIA;Tanto tempo longe...
Os Travessos;MARAVILHA TE AMAR;Por que você não larga...
Os Travessos;MEU QUERUBIM;Sempre quando a noite vem...
Os Travessos;NEM TUDO ESTÁ PERDIDO;Nem tudo está perdido...
Os Travessos;QUANDO A GENTE AMA;Não sei o que é que falta...
Os Travessos;QUER ME MACHUCAR;Nunca amei alguém assim desse jeito…
Os Travessos;TÔ TE FILMANDO (SORRIA);Toda vez que eu vejo você sinto...
Os Travessos;TU MANDAS NO MEU CORAÇÃO;Não sei quanto tempo o tempo deixou...
Os Travessos;UM DIA PRA NÓS DOIS;Preciso te ver saber se você vai...
Os Travessos;VOU TE PROCURAR;Hoje um casal me fez lembrar nós dois...
Os Vips;AFINAL CHEGOU;Afinal chegou
Os Vips;FAÇA ALGUMA COISA PELO NOSSO AMOR;Faça alguma coisa pelo nosso amor
Os Vips;QUE BOBO FUI;Eu não tinha percebido que você não m
Os Vips;A VOLTA;Estou guardando o que há de bom
Osmar Navarro;QUEM É?;Quem é que lhe cobre de beijos
Oswaldo Bezerra;CIDADÃO NO BREGA;Tem gente que não gosta lá do brega
Oswaldo Montenegro;A LISTA;Faça uma lista de grandes amigos
CANTOR;TÍTULO;INÍCIO DA LETRA
Oswaldo Montenegro;AGONIA;Se fosse resolver iria te dizer...
Oswaldo Montenegro;EU QUERO SER FELIZ AGORA;Se alguém disser pra você não cantar
Oswaldo Montenegro;INTUIÇÃO;Canta uma canção bonita
Oswaldo Montenegro;O CONDOR;Quando voa o condor com o céu por det
Oswaldo Montenegro;QUANDO A GENTE AMA;Quem vai dizer ao coração
Oswaldo Montenegro;BANDOLINS;Como fosse um par que nessa valsa triste
Oswaldo Montenegro;LUA E FLOR;Eu amava como amava um cantor
Otis Redding;SITTIN' ON THE DOCK OF THE BAY;Sittin' in the morning sun...
Otto;CRUA;Há sempre um lado que pesa
Ouvir e Crer;SAI DA TUA TERRA;Sai da tua terra
Ovelha;SEM VOCÊ NÃO VIVEREI;Ou ou ei ei sem você não viverei
P.O. Box;NÃO TÔ ENTENDENDO;Conheci uma garota supergata de...
P.O. Box;OS BICHINHOS;E a gente queria então fazer uma...
P.O. Box;PAPO DE JACARÉ;Tô viajando na onda dessa menina...
Padre Fábio de Melo;CONTRÁRIOS;Só quem já provou da dor quem sofreu se amarg
Padre Fábio de Melo;DEUS É CAPAZ;Deus é capaz de transformar tua vida
Padre Fábio de Melo;SEU AMOR É DEMAIS;Sei que o seu coração dói sei que o mundo
Padre Fábio de Melo;TODO HOMEM É BOM;Sim todo homem é bom todo humano é bom
Padre Fábio de Melo;TUDO É DO PAI;Eu pensei que podia viver por mim mesmo
Padre Fábio de Melo;TUDO POSSO;Posso tudo posso
Padre Fábio de Melo;VIDA;Pelas ruas da cidade
Padre Marcelo Rossi;ELE ESTÁ PRA CHEGAR;Se ilumine na luz das estrelas...
Padre Marcelo Rossi;ERGUEI AS MÃOS;Erguei as mãos e daí glória a Deus...
Padre Marcelo Rossi;IÊ IÊ IÊ DE JESUS;Iê iê iê...Reza, reza, reza nós rezaremos iê iê iê...
Padre Marcelo Rossi;NOITE FELIZ;Noite feliz noite feliz
Padre Marcelo Rossi;NOITES TRAIÇOEIRAS;Deus está aqui neste momento
Padre Marcelo Rossi;O VIRA DE JESUS;E os homens por que vieram...
Padre Marcelo Rossi – Chitãozinho;PARABÉNS PRA JESUS;Tudo que nós já vivemos...
Padre Marcelo Rossi e Bruno e Marro;NOSSA SENHORA DO BRASIL;Fonte de amor e luz
Padre Zezinho;MÃE DO CÉU MORENA;Mãe do Céu Morena senhora da América
Padre Zezinho;MEU BOM JOSÉ;Olha o que foi meu bom José
Padre Zezinho;ORAÇÃO PELA FAMÍLIA;Que nenhuma família
Padre Zezinho;PRA QUE EU SAIBA PERDOAR;Pra não ferir ninguém eu vim te procurar
Padre Zezinho;UM CORAÇÃO PARA AMAR;Um coração para amar
Pagdart;TAPA NA CARA;Você não pediu mainha...
Pamela;UM VERSO DE AMOR;Me lembro bem
Paolo;TANTA COISA;Esse olhar de lua crescente
Papas da Língua;BALADA DO AMOR PERDIDO;Feche os olhos meu amor
Papas da Língua;BLUSINHA BRANCA;De blusinha branca de blusinha branca
Papas da Língua;DISCO ROCK;Ela não pensou não acreditou
Papas da Língua;EU SEI;Eu sei... tudo pode acontecer
Papas da Língua;LUA CHEIA;Eta vidinha da boa ela me chama
Papas da Língua;MARY JANE;Shalala shalala lala shalala shala l
Papas da Língua;OBA, OBA;Oba oba oba
Papas da Língua;PEQUENO GRANDE AMOR;No no no no iô no no iô no no no no o
Papas da Língua;PRA GENTE PASSEAR;Nada vai fazer com que eu desista de
Papas da Língua;UM DIA DE SOL;Você falou que não ia fugir
Paquitas;FADA MADRINHA;É tão bom bom bom bom quem quer pão
Parabéns à Você;PARABÉNS A VOCÊ;Parabéns pra você
Parabéns pra Você;PARABÉNS A VOCÊ;Parabens pra voce nessa,,,
Paralamas do Sucesso;A LHE ESPERAR;Lá onde o vento vai dar
Paralamas do Sucesso;A NOVIDADE;A novidade veio dar à praia
Paralamas do Sucesso;AONDE QUER QUE EU VÁ;Olhos fechados pra te encontrar...
Paralamas do Sucesso;ASSALTARAM A GRAMÁTICA;Assaltaram a gramática assassinaram...
Paralamas do Sucesso;BUSCA VIDA;Vou sair pra ver o céu
Paralamas do Sucesso;CALEIDOSCÓPIO;Não é preciso apagar a luz
Paralamas do Sucesso;CAPITÃO DE INDÚSTRIA;Eu às vezes fico a pensar
Paralamas do Sucesso;CINEMA MUDO;Uôlei uôlei ôh ôh ôh ôh ôh ôh ôh
Paralamas do Sucesso;CUIDE BEM DO SEU AMOR;A vida sem freio me leva me arrasta…
Paralamas do Sucesso;ELA DISSE ADEUS;Ela disse adeus (Let her get on with)
Paralamas do Sucesso;LA BELLA LUNA;Por mais que eu pense
Paralamas do Sucesso;LANTERNA DOS AFOGADOS;Quando tá escuro e ninguém te ouve
Paralamas do Sucesso;LOURINHA BOMBRIL;Para e repara, olha como ela samba
Paralamas do Sucesso;MELÔ DO MARINHEIRO;Sabe de uma coisa rapaz
Paralamas do Sucesso;MEU ERRO;Eu quis dizer você não quis escutar
Paralamas do Sucesso;MEU SONHO;Pode ser que meu sonho seja assim
Paralamas do Sucesso;NA PISTA;Tão chato o fato de não te ter…
Paralamas do Sucesso;O BECO;No beco escuro explode a violência
Paralamas do Sucesso;O CALIBRE;Eu vivo sem saber…
Paralamas do Sucesso;ÓCULOS;Se as meninas do Leblon
Paralamas do Sucesso;ROMANCE IDEAL;Ela é só uma menina e eu pagando
Paralamas do Sucesso;SABER AMAR;A crueldade de que se é capaz deixar pra trás os
Paralamas do Sucesso;SEGUINDO ESTRELAS;Sigo palavras e busco estrelas…
Paralamas do Sucesso;SERÁ QUE VAI CHOVER;Eu fico pedindo atenção cachorro faz
Paralamas do Sucesso;SKA;A vida não é filme você não entendeu
Paralamas do Sucesso;TENDO A LUA;Eu hoje joguei tanta coisa fora
Paralamas do Sucesso;TRAC TRAC;Não passa o tempo ao menos para mim
Paralamas do Sucesso;UMA BRASILEIRA;Rodas em sol trovas em dó
Paralamas do Sucesso;VITAL E SUA MOTO;Vital andava a pé...
Paralamas do Sucesso;VOCÊ;Você é algo assim é tudo pra mim
Paralamas do Sucesso (com Frejat);UNS DIAS;O expresso do oriente...
Paramore;CRUSH, CRUSH, CRUSH;I got a lot to say to you
Paramore;THE ONLY EXCEPTION;When I was younger I saw my daddy cry
Parangolé;REBOLATION;Rebolation é bom bom rebolation é bom
CANTOR;TÍTULO;INÍCIO DA LETRA
Parangolé;TCHUBIRABIROM;Olha pra frente pra frente
Pat Benatar;FIRE AND ICE;Ooo you're givin' me the fever tonight
Pat Boone;LOVE LETTERS IN THE SAND;On a day like today
Patati Patatá;SE VOCÊ QUER SORRIR;Se você quer sorrir é com o Patati
Pato Fu;DEPOIS;Não foi dessa vez mas pode ter...
Pato Fú;ANDO MEIO DESLIGADO;Ando meio desligado...
Pato Fú;ANORMAL;Rádio ligado troco estações porque…
Pato Fú;CANÇÃO PRA VOCÊ VIVER MAIS;Nunca pensei um dia chegar...
Pato Fú;NADA ORIGINAL;Eu sei o que ele vai dizer
Pato Fú;PERDENDO OS DENTES;Pouco adiantou acender cigarro
Patricia Coelho;MEU SANGUE FERVE EM VOCÊ;Toda a minha vida eu te procurei...
Patricia Marx;TE CUIDA MEU BEM;Esse teu jeito de hipnotizar
Patrícia Marx;CERTO OU ERRADO;Certo ou errado certo ou errado
Patrícia Marx;ESPELHOS D'ÁGUA;Hum seus olhos são espelhos d'água
Patrícia Marx;FESTA DO AMOR;Uô,uô..no livro de leitura que você...
Patrícia Marx;QUANDO CHOVE;Quando olho nos teus olhos não vejo
Patrícia Marx;SONHO DE AMOR;Se uma estrela cadente o céu cruzar
Patrick Dimon;AL DI LA;Al di la del bene piu prezioso
Patrick Dimon;AMORE SCUSAMI;Amore scusami
Patrick Hernandez;BORN TO BE ALIVE;Born born to be alive...
Patrick Swayze;SHE’S LIKE THE WIND;She’s like the wind through my tree...
Patrulha do Samba;RALA NO PEZINHO;Menina chega pra cá...
Patrulha do Samba;RODOPIÔ;Menina bela tá na janela
Patty Page;CHANGING PARTNERS;We were waltzing together
Patty Page;I WENT TO YOUR WEDDING;I went your wedding altho'I was
Paul Anka;CRAZY LOVE;Crazy love it's just a crazy love
Paul Anka;DIANA;I'm so young and you're so old
Paul Anka;LONELY BOY;I'm just a lonely boy lonely and blue
Paul Anka;PAPA;Every day my Papa would work to
Paul Anka;PUPPY LOVE;And they called it puppy love...
Paul McCartney;ANOTHER DAY;Ev'ry day she takes a morning…
Paul McCartney;EBONY AND IVORY;Ebony and ivory...
Paul McCartney;NO MORE LONELY NIGHTS;I can wait another day until I call yo...
Paul Young;EVERYTIME YOU GO AWAY;Hey if we can solve any problem
Paula Fernandes;APAIXONADOS PELA LUA;Ontem tive um sonho
Paula Fernandes;PÁSSARO DE FOGO;Vai se entregar pra mim
Paula Fernandes;PRA VOCÊ;Eu quero ser pra você a alegria
Paula Fernandes;QUERO SIM;Eu tô com saudade da nossa amizade
Paula Fernandes;SEM VOCÊ;Nas incertezas de um caminho que é tã
Paula Fernandes;SENSAÇÕES;Eu me perdi perdi você perdi a voz
Paula Fernandes;SÓ PENSO EM NÓS;Cansei de mentir pra mim
Paula Fernandes e Almir Sater;JEITO DE MATO;De onde é que vem esses olhos tão tris
Paula Fernandes-Víctor e Léo;NÃO PRECISA;Você diz que não precisa
Paula Hunter;MAS QUEM DIRIA;Acordei tão só e me senti feliz
Paula Toller;À NOITE SONHEI CONTIGO;À noite sonhei contigo e não tava dor
Paula Toller;DERRETENDO SATÉLITES;Abro com as mãos te deixo olhar
Paula Toller;MEU AMOR SE MUDOU PRA LUA;Cai a tarde sobre os ombros
Paula Toller;QUEM TOME CONTA DE MIM;Dizem que o amor é cego
Paula Toller;VOCÊ ME GANHOU DE PRESENTE;Você me ganhou de presente
Paulinho da Viola;FOI UM RIO QUE PASSOU EM MINHA VIDA;Se um dia meu coração for...
Paulinho da Viola;ARGUMENTO;La laia… Tá legal…
Paulinho da Viola;NERVOS DE AÇO;Você sabe o que é ter um amor meu...
Paulinho Moska;A SETA E O ALVO;Eu falo de amor à vida
Paulinho Moska;ÍMÃ;Acabo de pousar na sua janela
Paulinho Moska;O ÚLTIMO DIA;Meu amor o que você faria se só te restasse um d
Paulinho Moska;PENSANDO EM VOCÊ;Eu estou pensando em você
Paulinho Moska;QUANTAS VIDAS VOCÊ TEM?;Meu amor
Paulinho Moska;VONTADE;Todo mundo tem alguma vontade
Paulo César Baruk;QUANTO AMOR;Quanto amor quanto amor Ele tem por m
Paulo Diniz;COMO VOU DEIXAR VOCÊ;Como vou deixar você se eu te amo
Paulo Diniz;E AGORA JOSÉ;E agora José
Paulo Diniz;O MEU AMOR CHOROU;O meu amor chorou não sei...
Paulo Diniz;PINGOS DE AMOR;A vida passa
Paulo Diniz;PONHA UM ARCO-ÍRIS NA SUA MORINGA;Ponha um arco-íris na sua moringa
Paulo Diniz;QUERO VOLTAR PRA BAHIA;I don't want to stay here
Paulo Diniz;UM CHOPP PRA DISTRAIR;Ela passou, deixando um sorriso no chão
Paulo Mikios;HOJE;Uma noite bem dormida uma boa......
Paulo Ricardo;COMO SE FOSSE A PRIMEIRA VEZ;Desde que eu te conheci...
Paulo Ricardo;DOIS;Quando você disse nunca mais
Paulo Ricardo;SONHO LINDO;Sonho lindo que se foi esperança que...
Paulo Ricardo;TUDO POR NADA;Se eu soubesse que ia ser assim
Paulo Ricardo;A CHEGADA;A asa do avião
Paulo Sérgio;MÁQUINAS HUMANAS;Chega um dia em que a gente
Paulo Sérgio;MEU FILHO DEUS QUE LHE PROTEJA;Eu recordo com felicidade dia mês e hora
Paulo Sérgio;MINHAS QUALIDADES, MEUS DEFEITOS;Eu me lembro aquele dia que você apa
Paulo Sérgio;NÃO CREIO EM MAIS NADA;Não sei o que faço a minha vida é uma luta
Paulo Sérgio;NEM VEJO A HORA DE VOLTAR AOS BRAÇO;Quando eu partir não quero ver
Paulo Sérgio;NO DIA EM QUE PARTI;No dia em que parti você chorou...
Paulo Sérgio;PELO AMOR DE DEUS;Pelo amor de Deus
Paulo Sérgio;ÚLTIMA CANÇÃO;Esta é a última canção que eu faço
Paulo Sérgio;VEJA;Veja meus olhos tristes choram tanto por
Paulo Sérgio;VOCÊ PODE ME PERDER;As suas brigas não vão resolver
Peabo Bryson & Celine Dion;BEAUTY AND THE BEAST;Uh uh uh uh
Peabo Bryson & Regina Belle;A WHOLE NEW WORLD;I can show you the world
CANTOR;TÍTULO;INÍCIO DA LETRA
Peaches and Herb;REUNITED;I was a fool to ever leave your side…
Peão Carreiro & Zé Paulo;BERRANTE DA SAUDADE;Quanta saudade de um berrante
Pearl Jam;BLACK;Hey oooh
Pearl Jam;EVEN FLOW;Freezin'...
Pearl Jam;JEREMY;At home drawing pictures of mountain top
Pearl Jam;LAST KISS;Oh where oh where can my baby…
Pearl Jam;SOLDIER OF LOVE;Lay down your arms and surrender to me…
Pedagógica;ADO-LE-TA;Ado le ta lê peti lê toma..
Pedagógica;CAI CAI BALÃO;Cai cai balao cai cai balao
Pedagógica;COELHINHO DE OLHOS VERMELHOS;De olhos vermelhos de pelo..
Pedagógica;FUI MORAR NUMA CASINHA;Fui morar numa casinha nha..
Pedagógica;MEU LANCHINHO;Me lanchinho me lanchinho
Pedagógica;MEU PINTINHO AMARELINHO;Meu pitinho amarelinho
Pedagógica;O SAPO NÃO LAVA O PÉ;O sapo não lava o pe não lava...
Pedagógica;O SÍTIO DO SEU LOBATO;Seu lobato tinha um sitio
Pedagógica;PIRULITO QUE BATE BATE;Pirulito que bate bate...
Pedagógica;PIUÍ PIUÍ PIUÍ;Piui piui piui coloca a mao...
Pedindo Bis;A GENTE BOTA PRA QUEBRAR;Hoje você não se zanga quando eu vou
Pedro Barreto;MEDO;Medo do trovão…
Pedro e Thiago;É MELHOR ASSIM;Eu só vim pra falar good bye good....
Pedro e Thiago;PRA ONDE VOCÊ FOR (WHEREVER YOU WIL;De noite eu penso quem estará no meu…
Pedro e Thiago;TOQUE DE MÁGICA;Quando a noite chegar tô pensando...
Pedro Luís e A Parede;ANIMAL;Animal
Pedro Mariano;GRANDE AMOR;Quem não quer ser feliz
Pedro Mariano;LUA PRA GUARDAR;Quando a lua vem eu estou aqui
Pedro Mariano;NAU;É quando eu sinto que falta algo
Pedro Mariano;PODE SER;Já me acostumei com a insegurança
Pedro Mariano;PRA VOCÊ DAR O NOME;Deixa pra lá que de nada adianta
Pedro Mariano;QUASE AMOR;Que poder é esse e o que que eu fiz
Pedro Mariano;SIMPLESMENTE;Simplesmente posso esperar
Pedro Mariano;SÓ CHAMAR;Na madrugada ela me liga não penso
Pedro Mariano;VOCÊ VAI VER;Você vai ver, você vai implorar
Pedro Mariano;VOZ NO OUVIDO;Tava esperando um telefonema teu
Pedro Nassif;NÃO CUSTA TENTAR;Te conhecer
Pedro Paulo e Matheus;EU VOU TE BUSCAR;Eu vou te buscar
Pedro Paulo e Matheus;MINTA, FINJA;Minta que esse abraço não te aqueceu
Pedro Paulo e Matheus;SAUDADE;Hoje me bateu uma saudade de você
Peggy Lee;JOHNNY GUITAR;Play the guitar play it
Peixelétrico;FELICIDADE;Fiquei feliz quando te vi por aqui...
Pena Branca e Xavantinho;VIOLA QUEBRADA;Quando da brisa….
Penélope;HOLIDAY;São três horas da manhã você me liga
Penélope;NAMORINHO DE PORTÃO;Namorinho de portão biscoito café meu
Peninha;ABRE CORAÇÃO;Vê se tira de uma vez
Peninha;AMO VOCÊ;Não me olhe assim desse jeito
Peninha;ARREPIA;Nós estamos dando certo...
Peninha;MATEMÁTICA;Você gosta de sonhar olhando as estrelas...
Peninha;QUAL CARÍCIA;Você faz tudo que eu gosto
Peninha;SÓ EU E VOCÊ;Não sei se é de noite, não sei se...
Peninha;SONHOS;Tudo era apenas uma brincadeira
Pepê e Neném;ESPERANDO PRA TE AMAR;Hum ah ah ah iê... Esse seu jeito...
Pepê e Neném;MAIS UMA VEZ;Eu sei que dá...
Pepê e Neném;MANIA DE VOCÊ;Por quê você não vem ficar comigo
Pepê e Neném;NA MAIOR;Lua de cristal sonho perigoso...
Pepê e Neném;NADA ME FAZ ESQUECER;Na na... Se você for embora vou fingir...
Pepeu Gomes;E FOI ASSIM;E foi assim
Pepeu Gomes;IMPRESSÃO DIGITAL;Lá onde lavei as mãos…
Pepeu Gomes;MASCULINO E FEMININO;Ser um homem feminino
Pepeu Gomes;MIL E UMA NOITES DE AMOR;Eu só quero você e mais nada
Pepeu Gomes;PEDRA NÃO É GENTE AINDA;Quem não respeita a natureza
Pepeu Gomes;SEXY YEMANJÁ;A noite vai ter lua cheia
Peppino Di Capri;CHAMPAGNE;Champagne...
Peppino Di Capri;ROBERTA;Lo sai non é vero che non ti voglio piú
Pequena Sereia - Sebastião;AQUI NO MAR;O fruto do meu vizinho parece melhor...
Percy Sledge;WHEN A MAN LOVES A WOMAN;When a man loves a woman...
Peri Ribeiro;ALGUÉM COMO TU;Alguém como tu assim como tu
Peri Ribeiro;SAMBA DO AVIÃO;Minha alma canta
Perla;PEQUENINA;Pequenina do meu amor...
Perlla e Belo;DEPOIS DO AMOR;Eu quero mais um pouco mais
Perry Como;AND I LOVE YOU SO;And I love you so
Pet Shop Boys;A DIFFERENT POINT OF VIEW;When I'm sitting so close to you
Pet Shop Boys;A MAN COULD GET ARRESTED;Late on Tuesday evening
Pet Shop Boys;IT'S A SIN;When I look back upon my life
Pet Shop Boys;WEST END GIRLS;Sometimes you're better off dead
Peter Cetera;GLORY OF LOVE;Tonight it's very clear
Peter Frampton;BABY I LOVE YOUR WAY;Shadows grow so long before my eyes...
Peter Frampton;BREAKING ALL THE RULES;We are the people one and all
Peter Frampton;I'M IN YOU;I don't care where I go when I'm with…
Peter Gabriel;MERCY STREET;Looking down on empty streets…
Peter, Paul and Mary;500 MILES;If you miss the train I'm on
Peter, Paul and Mary;PUFF;Puff the magic dragon lived by the sea
PG;POSSO OUVIR;Posso ouvir Sua voz posso sentir o Se
PG;QUERO SER TEU AMIGO;Jesus eu preciso de Ti
PHD;I WON'T LET YOU DOWN;You asked me if I'm happy here...
Phil Collins;ANOTHER DAY IN PARADISE;She calls out to the man on the street...
CANTOR;TÍTULO;INÍCIO DA LETRA
Phil Collins;ONE MORE NIGHT;One more night...
Phil Collins;TAKE A LOOK AT ME NOW (AGAINST ALL OD;How can I just let you walk away
Phil Collins;YOU'LL BE IN MY HEART;Come stop your crying it'll be all right
Philip Bailey & Phil Collins;EASY LOVER;Easy lover
Pholhas;FOREVER;I wanna feel your hands on my face....
Pholhas;MY MISTAKE;There was a place that I lived
Pholhas;SHE MADE ME CRY;Let me tell my whole story
Pimpinela;SIGA SEU RUMO;Faz tanto tempo que ele não liga pra
Pink Floyd;ANOTHER BRICK IN THE WALL;We don't need no education
Pino Donaggio;COME SINFONIA;Sogno,sogno e tu sei con me
Pique Novo;CHEGA DE SOFRER;Há tempo você não me liga...
Pique Novo;EU TENHO MUITO MAIS;Existem muitas coisas que é melhor não
Pique Novo;LIGANDO OS FATOS;Pode até falar que nada aconteceu
Pique Novo;PELÚCIA;Eu hoje estou grudado num bichinho
Pique Novo;TODO MUNDO SABE QUE EU TE AMO;Todo mundo sabe que eu te amo...
Pique Novo;UMA ESTRELA;Conversei com uma estrela…
Pirilampo e Saracura;BOIADEIRO ERRANTE;Eu venho vindo de uma querência
Pirilampo e Saracura;CABECINHA NO OMBRO;Encosta tua cabecinha no meu ombro
Pitty;ADMIRÁVEL CHIP NOVO;Pane no sistema alguém me desconfigu
Pitty;DÈJÁ VU;Nenhuma verdade me machuca nenhum
Pitty;EQUALIZE;Às vezes se eu me distraio...
Pitty;FRACASSO;O êxito tem vários pais órfão é o seu revés
Pitty;MÁSCARA;Diga quem você é me diga me fale
Pitty;ME ADORA;Tantas decepções eu já vivi aquela foi
Pitty;MEMÓRIAS;Eu fui matando os meus heróis aos poucos
Pitty;NA SUA ESTANTE;Te vejo errando e isso não é pecado
Pixote;A LUA E EU;Mais um ano se passou...
Pixote;FRANQUEZA;Olha eu me amarro na sua franqueza...
Pixote;FRENESI;Nada se compara ao nosso amor...
Pixote;IDEM;Você tem malicia no olhar demorou......
Pixote;INSEGURANÇA;Essa noite eu notei que você demorou
Pixote;LOUCURAS DE QUEM AMA;Eu sei o que eu quero...
Pixote;MEU AMOR;Minha pele sente frio sem você
Pixote;O AMOR NÃO TEM CULPA;Se um dia eu te encontrar de repente...
Placa Luminosa;FICA COMIGO;Amo você fica comigo...
Placa Luminosa;MAIS UMA VEZ;Telefono te procuro...
Placa Luminosa;SEGREDO;Hoje teu segredo é meu segredo
Placa Luminosa;VELHO DEMAIS;Toda vez que eu olho o espelho
Planta e Raiz;TÔ NO BARATO;Tô no barato de ver o mar
Planta e Raiz - Chorão;GUETO DO UNIVERSO;A Terra é o gueto do Universo mas tudo
Planta e Raiz - Claudia Leitte;FLORES NO MEU JARDIM;Flores do meu jardim só me resta cuidar
Platters;MY PRAYER;When the twilight is gone
Platters;ONLY YOU;Only you
Platters;SMOKE GETS IN YOUR EYES;They asked me how I knew...
Platters;THE GREAT PRETENDER;Oh yes, I’m the great pretender...
Plebe Rude;ATÉ QUANDO ESPERAR;Não é nossa culpa...
Pointer Sisters;I'M SO EXCITED;Tonight's the night…
Polegar;DÁ PRA MIM;Ô uô uô uô yeah
Police;EVERY BREATH YOU TAKE;Every breath you take
Police;EVERY LITTLE THING SHE DOES IS MAGIC;Though I've tried before to tell her…
Police;ROXANNE;Roxanne... You don’t have to put...
Premeditando o Breque;SÃO PAULO, SÃO PAULO;É sempre lindo andar na cidade de São
Preta Gil;EU E VOCÊ, VOCÊ E EU;Nós dois no meio da rua eu falava pra
Preta Gil;SINAIS DE FOGO;Quando você me vê...
Preta Gil;SUAVE;Olhar penetrante tão singular
Pretenders;BACK ON THE CHAIN GANG;I found a picture of you oh oh oh oh o
Preto no Branco;MARAVILHOSA;Estou sabendo
Priscilla e Yudi;CARRO-CÉU;Entre duendes e fadas a terra encantada
Procol Harum;A WHITER SHADE OF PALE;We skipped the light fandango
Pussycat Dolls;STICKWITU;Mmh... come on....
Quarteto em Cy/MPB4;FALANDO DE AMOR;Se eu pudesse por um dia esse amor...
Quatro Por Um;CINCO PÃES E DOIS PEIXINHOS;Nem sempre se sabe detalhes de um mil
Quatro Por Um;DIANTE DE TI;Vem Senhor encher este lugar
Queen;CRAZY LITTLE THING CALLED LOVE;This thing called love
Queen;I WANT TO BREAK FREE;I want to break free I want to break fre
Queen;LOVE OF MY LIFE;Love of my life, you've hurt me
Queen;SOMEBODY TO LOVE;Can anybody find be somebody to love?
Queen;THE SHOW MUST GO ON;Empty spaces, what are we living for?
Queen;WE ARE THE CHAMPIONS;I’ve paid my dues time after time...
Queen;WE WILL ROCK YOU;Buddy you're a boy make a big noise
Raça Negra;ASSIM É O NOSSO AMOR;Basta você e eu nós estamos no céu
Raça Negra;BOA SORTE;Me cansei de tudo que você me fez
Raça Negra;BONITA PAIXÃO (ANJO BOM);Depois que encontrei você minha vida iluminou
Raça Negra;CAROLINE;Você veio pra me fazer feliz
Raça Negra;CHEIA DE MANIAS;Cheia de manias toda dengosa
Raça Negra;CHUVA CAI;Chuva cai lá fora...
Raça Negra;CIGANA;Não deixe o tempo acabar com o
Raça Negra;CIÚME DE VOCÊ;Se você demora mais um pouco
Raça Negra;DEUS ME LIVRE;Te amo mas não quero...
Raça Negra;DOCE PAIXÃO;Escute o que eu tenho para lhe dizer
Raça Negra;É TARDE DEMAIS;Olha só você depois de me perder
Raça Negra;ESTOU MAL;Eu pensei que fosse fácil te esquecer
Raça Negra;JÁ PAGUEI O PREÇO;É... preciso te falar tudo que sinto
Raça Negra;JEITO FELINO;Só de pensar que sua boca beijou outra
CANTOR;TÍTULO;INÍCIO DA LETRA
Raça Negra;MARAVILHA;Foi bom te encontrar foi bom te conhecer
Raça Negra;ME LEVA JUNTO COM VOCÊ;No mel do seu beijo tem o gosto do amor
Raça Negra;O QUE EU FAÇO SEM VOCÊ;O que eu faço sem você
Raça Negra;OI ( ESTOU TE AMANDO);É Legal demais ter você pra mim
Raça Negra;PENSANDO EM VOCÊ;Sempre que estou sozinho fico pensando
Raça Negra;PERDI VOCÊ;Hoje me lembro com tristeza...
Raça Negra;PRECISO DAR UM TEMPO;Estou precisando de um tempo pra pens
Raça Negra;PRECISO DESSE AMOR;À noite no meu quarto, solidão
Raça Negra;PRECISO TER ALGUÉM;De novo a solidão bateu, eu vou chorar
Raça Negra;PROBLEMA MEU;Se eu quiser chorar problema meu...
Raça Negra;QUE PENA;Que pena tudo acabar que pena
Raça Negra;SERÁ;Tire suas mãos de mim
Raça Negra;SEU AMOR JÁ TERMINOU;Seu amor já terminou você já nem
Raça Negra;SÓ COM VOCÊ;Eu não quero mais fazer amor à toa
Raça Negra;SOZINHO;Todo aquele sonho que sonhei
Raça Negra;TE QUERO COMIGO;Não dá pra ficar sem você
Raça Negra;VOCÊ NÃO SABE DE MIM.;Quem é você........
Raça Negra e Reginaldo Rossi;DEIXA DE BANCA;Parabadá... Deixa de banca comigo…
Rádio Táxi;COM O RÁDIO LIGADO;Quando você me olha com esse olhar mo
Rádio Táxi;EVA;Meu amor, olha só hoje o sol não
Rádio Táxi;GAROTA DOURADA;Navegando no teu mar flutuando no
Rádio Táxi;SANDUÍCHE DE CORAÇÃO;Vou modificar meu modo de vida
Rádio Táxi;UM AMOR DE VERÃO;Um amor de verão tem um sol
Rádio Táxi;VIVENDO ILUSÃO;Quero estar contigo vivendo ilusão
Rádio Táxi;VOCÊ SE ESCONDE;Quando me toco estou sozinho
Raimundos;A MAIS PEDIDA;Nesse show não entra menor...
Raimundos;I SAW YOU SAYING;Reconheci a Madonna ali parada
Raimundos;MULHER DE FASES;Que mulher ruim jogou minhas coisas
Raimundos;REGGAE  DO MANEIRO;Se eu uso a manga da camisa que...
Raiz Coral;TOCOU-ME;Algemado por um peso oh quão triste a
Ramones;BLITZKRIEG BOP;Hey ho let's go hey ho let's go
Ramones;PET SEMATARY;Under the arc of a weather stain boards
Rapazolla;AQUI É O SEU LUGAR;Não dá pra entender o meu coração
Rapazolla;CORAÇÃO;Iô iô iô... Coração... para quê se
Rapazolla;QUAL É;Te quero na minha toda hora
Rapazolla;TE ESPERO NO FAROL;Sei que um dia vai lembrar
Rapazolla;TÔ CARENTE E ARROCHA;Quando você me deixou a minha vida de
Rastapé;AMOR DE RASTAPÉ;Eu tenho um sonho de criança amor...
Rastapé;BEIJO ROUBADO;Tenho a vontade de abraçar a noite...
Rastapé;COLO DE MENINA;A lua quando brilha falo de amor..........
Raul Seixas;A MAÇÃ;Se esse amor ficar entre nós dois...
Raul Seixas;A VERDADE SOBRE A NOSTALGIA;Tudo quanto é velho eles botam pra eu
Raul Seixas;ABRE-TE SÉSAMO;Lá vou eu de novo um tanto assustado
Raul Seixas;AL CAPONE;Ei, Al Capone vê se te emenda...
Raul Seixas;AVE MARIA DA RUA;No lixo dos quintais
Raul Seixas;BABILINA;Babilina Babilina saia do bordel
Raul Seixas;BABY;Baby hoje cê faz treze anos
Raul Seixas;CAPIM GUINÉ;Plantei um sítio no sertão de Piritiba
Raul Seixas;CHECK-UP;Acabei de dar um check-up geral
Raul Seixas;COMO VOVÓ JÁ DIZIA;Quem não tem colírio usa óculos...
Raul Seixas;COWBOY FORA DA LEI;Mamãe não quero ser prefeito
Raul Seixas;EU NASCI HÁ DEZ MIL ANOS ATRÁS;Um dia numa rua da cidade
Raul Seixas;EU SOU EGOÍSTA;Se você acha que tem pouca sorte
Raul Seixas;EU TAMBÉM VOU RECLAMAR;Mas é que se agora pra fazer sucesso
Raul Seixas;FAZENDO O QUE O DIABO GOSTA;Casamos no motel bem longe do altar
Raul Seixas;GITA;Eu que já andei pelo quatro cantos
Raul Seixas;HOW COULD I KNOW;Reformulation rearrange the game you're
Raul Seixas;LET ME SING, LET ME SING;U-ah bap-luba p-lah bein bum
Raul Seixas;MALUCO BELEZA;Enquanto você se esforça pra ser
Raul Seixas;MAS I LOVE YOU;O que é que cê quer que eu largue
Raul Seixas;MEDO DA CHUVA;É pena que você pense que eu sou
Raul Seixas;METAMORFOSE AMBULANTE;Eu prefiro ser essa metamorfose
Raul Seixas;MEU AMIGO PEDRO;Muitas vezes Pedro você fala
Raul Seixas;MOSCA NA SOPA;Eu sou a mosca que pousou em sua sopa
Raul Seixas;NÃO PARE NA PISTA;Não pare na pista
Raul Seixas;NÃO QUERO MAIS ANDAR NA CONTRAMÃO;Hoje uma amiga da Colômbia voltou
Raul Seixas;NO FUNDO DO QUINTAL DA ESCOLA;Não sei onde eu tô indo
Raul Seixas;NOVO AEON;O sol da noite agora está nascendo
Raul Seixas;O DIA EM QUE A TERRA PAROU;Essa noite eu tive um sonho
Raul Seixas;OS NÚMEROS;Meus amigos essa noite eu tive uma
Raul Seixas;OURO DE TOLO;Eu devia estar contente
Raul Seixas;PEIXUXA O AMIGUINHO DOS PEIXES;Entra pelas portas do fundo
Raul Seixas;POR QUEM OS SINOS DOBRAM;Nunca se vence uma guerra lutando sozinho
Raul Seixas;QUANDO ACABAR O MALUCO SOU EU;A Wop-bop-a-loo-mop a-lop-bam-boom
Raul Seixas;ROCK DAS ARANHAS;Subi no muro do quintal e vi uma
Raul Seixas;ROCK DO DIABO;Me dê um porco vivo pra eu encher a m
Raul Seixas;ROCKIXE;Vê se me entende olha o meu sapato
Raul Seixas;S.O.S.;Hoje é domingo missa e praia céu
Raul Seixas;SAPATO 36;Eu calço é trinta e sete meu pai me dá
Raul Seixas;SÓ PRA VARIAR;Tem que acontecer alguma coisa neném
Raul Seixas;SOCIEDADE ALTERNATIVA;Viva viva viva a Sociedade Alterna…
Raul Seixas;TAPANACARA;Urucubaca mandinga ataca mexe e me
Raul Seixas;TENTE OUTRA VEZ;Veja não diga que a canção está...
Raul Seixas;TREM DAS 7;Ói, ói o trem
CANTOR;TÍTULO;INÍCIO DA LETRA
Raul Seixas;TU ÉS O MDC DA MINHA VIDA;Tu és o grande amor da minha vida
Raul Seixas;CARIMBADOR MALUCO;Cinco quatro tres dois pare...
Ray Charles;GEORGIA ON MY MIND;Georgia Georgia the whole day through
Ray Charles;I CAN'T STOP LOVING YOU;Those happy hours that we once knew
Ray Charles;UNCHAIN MY HEART;Unchain my heart
Razão Brasileira;EU MENTI;Eu menti quando disse que não te
Razão Brasileira;NATURALMENTE;Entre nós dois talvez possa acontecer
Reba McEntire;FOR MY BROKEN HEART;There were no angry words at all
Rebelde;ENSINA-ME;Como dói perceber
Rebelde;FIQUE EM SILÊNCIO;Te encontro sem pressa dizendo o que
Rebelde;NOSSO AMOR;Foi tão mágico o jeito que tomou
Rebeldes;QUANDO ESTOU DO SEU LADO;E de repente o destino leva
Rebeldes;REBELDE PARA SEMPRE;Só quero o que é meu ir mais além
Red Hot Chili Peppers;OTHERSIDE;How long, how long will I slide?
Red Hot Chili Peppers;SCAR TISSUE;Scar tissue that I wish you saw
Red Hot Chili Peppers;UNDER THE BRIDGE;Sometimes I feel like I don't have a par
Red Hot Chilli Peppers;CALIFORNICATION;Psychic spies from China
Reginaldo Rossi;A RAPOSA E AS UVAS;Lembro com muita saudade daquele...
Reginaldo Rossi;DOMÍNIO DO CORAÇÃO;Se eu tivesse o dominio do meu ...........
Reginaldo Rossi;EU DEVIA TE ODIAR;Eu devia te odiar...
Reginaldo Rossi;GARÇON;Garçon, aqui nesta mesa de bar
Reginaldo Rossi;LEVIANA;Eu te amei me entreguei...
Reginaldo Rossi;MON AMOUR, MEU BEM, MA FEMME;Nesse corpo meigo e tão pequeno...
Reginaldo Rossi;O DIA DO CORNO;Ninguém nem homem nem mulher poderá
Reginaldo Rossi;PEDAÇO DE MAU CAMINHO;Antigamente eu era triste e não sabi
Reginaldo Rossi;TÔ DOIDÃO;Eu conheci um cara
Reginho e Banda Surpresa;MINHA MULHER NÃO DEIXA NÃO;Ei tu quer beber quero não
Regis Danese;FAMÍLIA;Te agradeço pela minha família
Regis Danese;FAZ UM MILAGRE EM MIM;Como Zaqueu eu quero subir
Regis Danese;MEU DEUS É FORTE;Entreguei a minha vida pra Jesus
Regis Danese;RESSUSCITA O MEU SONHO;Ressuscita os meus sonhos Senhor
Reinaldo;ATÉ AMANHÃ;Firma na palma da mão...
REM;LOSING MY RELIGION;Oh, life is bigger
Renascer IV;GRANDES COISAS;Grandes coisas fez o Senhor por...
Renascer IV;MAIS QUE VENCEDOR;Jesus em Tua fidelidade eu me...
Renascer IV;YESHUA HAMASHIA;Na cidaed de Davi no monte Sião...
Renascer Prise;ADORADOR;Declarar o meu amor a Ti
Renascer Prise;BOM ESTARMOS AQUI;Bom estarmos aqui louvando a Deus
Renascer Prise;BUSCAR-ME-EIS;Buscar-me-eis e me achareis
Renascer Prise;CRISTO VENCEDOR;Vem engrandecer a Deus comigo
Renascer Prise;DESEJAMOS;Desejamos a tua presença senhor
Renascer Prise;DEUS DO IMPOSSÍVEL;Seu nome é Deus do impossível
Renascer Prise;DIGNO DE LOUVOR;Digno de louvor é o Senhor
Renascer Prise;ENTRARMOS NESTE LUGAR;Entramos neste lugar
Renascer Prise;EU SEI QUE ESTÁS COMIGO;Eu sei que estás comigo, Senhor
Renascer Prise;GRAÇAS TE DAMOS;Por tudo que és por tudo que tens feit
Renascer Prise;RENDEMOS GLÓRIA;Viemos aqui, neste lugar
Renascer Prise;SE NÃO FORA O SENHOR;Se não fora o Senhor
Renascer V;MAIS DE TI;Oh Santo Deus posso comtemplar...
Renascer V;PLANO MELHOR;É só esperar acontecer...
Renascer V;VOZ DO ESPÍRITO;Espírito eu amo a Tua voz...
Renato e seus Blue Caps;A PRIMEIRA LÁGRIMA;A primeira lágrima
Renato e seus Blue Caps;ATÉ O FIM;Você vai crescer e então verá
Renato e seus Blue Caps;ESQUEÇA E PERDOE;Se um dia eu disse cansei de você
Renato e seus Blue Caps;FECHE OS OLHOS;Feche os olhos e sinta um beijinho...
Renato e seus Blue Caps;MENINA LINDA;Ah! Deixa essa boneca faça-me
Renato e seus Blue Caps;MEU BEM NÃO ME QUER;Briguei só pra ver se ela
Renato e seus Blue Caps;NÃO ME DIGA ADEUS;Não me diga adeus agora meu bem
Renato e seus Blue Caps;NÃO TE ESQUECEREI;Não te esquecerei meu eterno amor
Renato e seus Blue Caps;PRA VOCÊ NÃO SOU NINGUÉM;Eu não quero mais você perto de mim
Renato Guimarães;POEMA;Poema... é noite escura de amargura
Renato Russo;LA FORZA DELLA VITA;Anche quando ci buttiamo via
Renato Russo;MAIS UMA VEZ;Mas é claro que o sol vai voltar…
Renato Russo;STRANI AMORI;Mi dispiace devo andare via
Renato Teixeira;A VIOLA E O CANTADOR;La la la la
Renato Teixeira;AMORA;Depois da curva da estrada
Renato Teixeira;CAVALO BRAVO;Olhando um cavalo bravo no seu livre
Renato Teixeira;MORENINHA, SE EU TE PEDISSE;Moreninha se eu te pedisse
Renato Teixeira;SAUDADE;Se queres compreender o que é saudade
Renato Terra;COISA DE MOMENTO;Falar a verdade me faz tão bem
Resgate;5:50 AM;Abro os olhos sob o mesmo teto
Resgate;A PAZ;A mente imagina o paraíso
Resgate;ABRIR OS OLHOS;Corre todo dia, toda hora
Resgate;ACUSADOR;Eu conheço as tuas mentiras
Resgate;CONTROLE;Ele está no meio do seu povo
Resgate;DANIEL;Os manjares do rei o contágio fatal
Resgate;FLORZINHA;Eu sou uma florzinha de Jesus
Resgate;FOGO;Janeiro, fevereiro, março, abril
Resgate;LEVE FARDO;O duro Jugo, pesado fardo eu levei
Resgate;LIBERDADE;Uma gota seca na minha mente...
Resgate;MISTÉRIO;Andava como um político em cima
Resgate;PAPO DE LÓKI;A gente tá mal
Resgate;PARALELO;Morte, morte
Resgate;PRÍNCIPE;Um menino nos nasceu um filho
CANTOR;TÍTULO;INÍCIO DA LETRA
Resgate;QUEM É ELE;Quem é Ele?
Resgate;ROCK DA VOVÓ;Nas viagens que eu fazia nunca
Resgate;SOBRE A ROCHA;Disse o tolo em seu coração
Resgate;SOLIDÃO;A solidão e uma rachadura
Resgate;TEMPO;Tudo tem seu tempo determinado
Resgate;VIDA;Tantos morrem de fome em frente
Restart;LEVO COMIGO;Eu quis escrever uma canção
Restart;MENINA ESTRANHA;Eu conheci uma menina diferente
Restart;MINHA ESTRELA;Alguma coisa aconteceu
Restart;RECOMEÇAR;E eu sei
Restart;VOU CANTAR;Sei que os dias passaram
Ricardo & Eduardo;BEIJO, ME LIGA;Beijo me liga e a gente fica
Ricardo Braga;UMA ESTRELA VAI BRILHAR;Uma estrela vai brilhar no meu caminho...
Ricardo Chaves;ACABOU;Eu tenho andado meio preocupado
Ricardo Chaves;MIL CIDADES;Vai levar um tempo ainda para te esq
Ricardo Chaves;O BICHO;Quando o vento bater nos seus
Richard Marx;NOW AND FOREVER;Whenever I’m weary...
Richard Marx;RIGHT HERE WAITING;Oceans apart day after day…
Richie Valens;DONNA;Oh Donna Oh Donna...
Rick Astley;CRY FOR HELP;She's taken my time convinced me she's f
Rick Astley;NEVER GONNA GIVE YOU UP;We're no strangers to love…
Rick e Renner;BEBEDEIRA;Tô chegando no rodeio procurando
Rick e Renner;BERRANDO QUE NEM BOI;Oh meu Deus do céu pra onde é que ela
Rick e Renner;CARA DE PAU;Eu não tenho vergonha na cara...
Rick e Renner;COISA DE DEUS;Linda bem mais que linda
Rick e Renner;CREDENCIAL;Vou fazer de tudo pra te esquecer
Rick e Renner;DOIDINHO POR VOCÊ;Não precisa perguntar é só olhar você
Rick e Renner;É DEZ, É CE, É MIL;Você me parte de desejo...
Rick e Renner;ELA É DEMAIS;Ela tem um jeito lindo de me olhar
Rick e Renner;ENROSCA, ENROSCA;Se enrosca meu amor se enrosca...
Rick e Renner;ESCOLTA DE VAGALUMES;Voltando pra minha terra eu renasci
Rick e Renner;EU MEREÇO;Foi só uma noite e nada mais
Rick e Renner;EU SEM VOCÊ;Meus dias sem te ver são difíceis…
Rick e Renner;FAZ AMOR QUE PASSA;Estressado não tem graça
Rick e Renner;FILHA;Hoje eu parei pra escrever
Rick e Renner;FIM DE SEMANA;Do jeito que você me olha você me...
Rick e Renner;HOMEM CARENTE;Tô precisando tanto de um olhar assim
Rick e Renner;MÃE;Mãe hoje eu descobri que eu cresci
Rick e Renner;MINHA LUZ;Deus eu quero estar sempre contigo...
Rick e Renner;MULEKA;Gruda gruda na cintura da muleka...
Rick e Renner;NÃO QUERO, MAS EU TE AMO;Coração apaixonado não tem quem segu
Rick e Renner;NEGATIVO, POSITIVO;Às vezes quero que você se dane
Rick e Renner;NÓIS TROPICA MAIS NÃO CAI;Nóis tropica mais não cai…
Rick e Renner;NOS BARES DA CIDADE;Garçom me traga outra garrafa...
Rick e Renner;NOSSA SENHORA APARECIDA;Ó Senhora Aparecida rainha da minha
Rick e Renner;O AMOR E EU;O amor e eu somos mesmo parecidos...
Rick e Renner;O QUE É QUE ELA TEM!;Já sofri por ela já bebi por ela...
Rick e Renner;PASSE O TEMPO QUE PASSAR;Tudo que ficou depois que a gente ter
Rick e Renner;PRA FICAR DEZ;È pra remexer pra requebrar...
Rick e Renner;RIACHO SERENO;O riacho é sereno o caminho é tranq
Rick e Renner;SEGUIR EM FRENTE;Vou seguir em frente vou tentar...
Rick e Renner;SÓ PENSANDO EM VOCÊ;Recordações não param…
Rick e Renner;TCHAU SAUDADE;Mesmo com outra pessoa eu me sinto tã
Rick e Renner;TE AMO, PAI;Pai senta aqui comigo que eu quero ol
Rick e Renner;VEM ME NAMORAR;Você revolucionou a minha vida...
Rick e Renner;VOCÊ DECIDE;Se o seu coração está perdido
Rick e Renner;VOU GANHAR VOCÊ;Quando você chega ilumina tudo
Rick Sollo;DE VOLTA PRO MEU CORAÇÃO;Olha o sol chegando e você indo embora
Rick Vallen;DIZEM QUE EU MUDEI;Dizem que eu mudei que eu não era assim
Rick Vallen;PRA SER AMOR;Pra ser amor
Ricky Martin;LIVIN' LA VIDA LOCA;She's into superstition
Ricky Martin;LA COPA DE LA VIDA;La vida es pura pasion hay que
Ricky Martin;MARIA;Un, dos, tres
Ricky Martin with Meja;PRIVATE EMOTION (WITH MEJA);Every endless night has a dawning day
Righteous Brothers;UNCHAINED MELODY;Oh my love my darling
Rihanna;UNFAITHFUL;Story of my life searching for the right
Rinaldo e Uriel;EU NUNCA MAIS VOU TE ESQUECER;Se eu tivesse o coração que...
Rionegro e Solimões;A GENTE SE ENTREGA;Uma dose de saudade misturada...
Rionegro e Solimões;AJEITE O TREM AÍ;Ajeite o trem aí que o chão vai…
Rionegro e Solimões;BALANÇOU SACUDIU;A galera gritou quando o brete se
Rionegro e Solimões;BATE O PÉ;Alô galera bate a mão e bate o pé...
Rionegro e Solimões;BRETE DA SOLIDÃO;Hoje vou sair pro abraço quero...
Rionegro e Solimões;DE BEM COM A VIDA;De bem com a vida de bem com a vida...
Rionegro e Solimões;DE SÃO PAULO A BELÉM;Deu um arroxo no peito eu fiquei...
Rionegro e Solimões;ESTRELA GUIA;Eu não sei…
Rionegro e Solimões;EU DE CÁ VOCÊ DE LÁ;No final dessa história
Rionegro e Solimões;FALTA VOCÊ;O dia vai se acabando a tarde...
Rionegro e Solimões;FLORESCE;Um jeito meigo de olhar um modo simpl
Rionegro e Solimões;FRIO DA MADRUGADA;Sei que você quer voltar quem sou eu...
Rionegro e Solimões;LENHA;Eu não sei dizer o que quer dizer...
Rionegro e Solimões;MADRUGADA TRISTE;Onde anda você...
Rionegro e Solimões;MINHA SERENATA;Nesta rua deserta e calma
Rionegro e Solimões;MOÍDO DE PAIXÃO;Saudade tá no meu olhar
CANTOR;TÍTULO;INÍCIO DA LETRA
Rionegro e Solimões;O GRITO DA GALERA;Eu toquei o meu berrante pra chamar a
Rionegro e Solimões;ONDE ANDA VOCÊ;Hoje com os meus amigos o assunto foi
Rionegro e Solimões;ORVALHO DA SAUDADE;Saudade faz cair orvalho...
Rionegro e Solimões;SÓ ALEGRIA;Hoje omeu coração tá a fim de....
Rionegro e Solimões;SÓ EU SEI;Se é pra valer ou não
Rionegro e Solimões;SÓ LEMBRANÇAS;Pra quem vive de saudade...
Rionegro e Solimões;TÁ MENTINDO;Tá mentindo tá mentindo dizendo que...
Rionegro e Solimões;TEMPORAL DE LÁGRIMAS;Quando a saudade chega sofre…
Rionegro e Solimões;TÔ MAL;Se quer saber como estou
Rionegro e Solimões;TÔ POR AI;To por ai.....
Rionegro e Solimões;TRAZ MAIS UMA;Traz mais uma aê que aquela já acabo
Rionegro e Solimões;VIDA DE CÃO;Já faz tanto tempo que tudo acabou
Rionegro e Solimões;VIDA LOUCA;Eu não quero nem saber dessa vida lou
Rionegro e Solimões;NA SOLA DA BOTA;É na sola da bota é na palma da mão...
Rita de Cássia;CAMA VAZIA;Não faço rodeios não meço palavras
Rita Lee;AGORA SÓ FALTA VOCÊ;Um belo dia resolvi mudar…
Rita Lee;AMBIÇÃO;Eu saí pra estrada e não tenho pra
Rita Lee;AMOR E SEXO;Amor é um livro sexo é esporte...
Rita Lee;ARROMBOU A FESTA;Ai ai meu Deus o que foi que aconteceu
Rita Lee;BAILA COMIGO;Baila comigo como se baila na tribo
Rita Lee;BANHO DE ESPUMA;Que tal nós dois numa banheira
Rita Lee;CASO SÉRIO;Eu fico pensando em nóis dois
Rita Lee;CECY BOM (C'EST SI BON);Cecy bom
Rita Lee;COISAS DA VIDA;Quando a lua apareceu
Rita Lee;COISAS DE CASAL;Tive sorte de encontrar você...
Rita Lee;COR-DE-ROSA CHOQUE;As duas faces de Eva e Bela...
Rita Lee;DESCULPE O AUÊ;Desculpe o auê, eu não queria magoar
Rita Lee;DOCE VAMPIRO;Venha me beijar meu doce vampiro
Rita Lee;ESSE TAL DE ROQUE ENROW;Ela nem vem mais pra casa doutor
Rita Lee;FLAGRA;No escurinho do cinema
Rita Lee;JARDIM DA BABILÔNIA;Suspenderam os jardins da Babilônia...
Rita Lee;LANÇA PERFUME;Lança menina lança todo esse perfume
Rita Lee;LUZ DEL FUEGO;Eu hoje represento a loucura
Rita Lee;MANIA DE VOCÊ;Meu bem você me dá água na boca
Rita Lee;MEIO FIO;Onde quer que eu vá...
Rita Lee;MUTANTE;Juro que não vai doer se um dia eu ro
Rita Lee;NEM LUXO NEM LIXO;Como vai você? Assim como eu
Rita Lee;O AMOR EM PEDAÇOS;Vivemos sob o mesmo teto...
Rita Lee;OVELHA NEGRA;Levava uma vida sossegada
Rita Lee;PEGA RAPAZ;Pega rapaz meu cabelo à la garçon
Rita Lee;PRA VOCÊ EU DIGO SIM (IF I FEEL);Se eu me apaixonar vê se não vai...
Rita Lee;REZA;Deus me proteja da sua inveja
Rita Lee;SAÚDE;Me cansei de lero-lero
Rita Lee;SÓ DE VOCÊ;Será que a gente ainda será
Rita Lee;TUDO VIRA BOSTA;O ovo frito o caviar e o cozido...
Rita Lee e Zélia Duncan;PAGU;Mexo remexo na inquisição
Rita Lee-Roberto de Carvalho;BWANA;Bwana bwana me chama que eu vou
Rita Pavone;CHE M'IMPORTA DEL MONDO;Che m'importa del mondo
Rita Pavone;COME TE NON C'E NESSUNO;Come te non c'e nessuno tu sei l'unic
Rita Pavone;DATEMI UN MARTELO (REMIX);Datemi um martelo che cosa ne vuoi fare?
Rita Pavone;FORTISSIMO;Pianissimo
Rita Ribeiro;FILHOS DA PRECISÃO;Pelas marginais
Ritchie;A VIDA TEM DESSAS COISAS;Perdi a hora mas encontrei você aqui
Ritchie;CASANOVA;Boa noite rainha como vai
Ritchie;FALA;Eu não sei dizer nada por dizer
Ritchie;LÁGRIMAS DEMAIS;No seu mundo também bate o sol
Ritchie;MENINA VENENO;Meia-noite no meu quarto ela vai subir
Ritchie;PELO INTERFONE;Chamo por você ninguém atende
Ritchie;POR QUE FUI TE AMAR ASSIM;Sei que te perdi dessa vez pra nunca
Ritchie;TRANSAS;Tanto tempo faz que a gente transa
Ritchie;VÔO DE CORAÇÃO;No canto da sala o seu holograma
Robbie Williams;ADVERTISING SPACE;There's no earthly way of knowing...
Robbie Williams;ANGELS;I sit and wait
Robbie Williams;BETTER MAN;Send someone to love me I need to rest
Robbie Williams;BEYOND THE SEA;Somewhere beyond the sea somewhere waiti...
Robbie Williams;ROAD TO MANDALAY;Save me from drowning in the sea
Robbie Williams;SEXED UP;Loose lips on ships
Robbie Williams & Nicole Kidman;SOMETHIN' STUPID;I know I stand in line
Robert Plant;SEA OF LOVE;Do you remember when we met…
Roberta Campos e Nando Reis;DE JANEIRO A JANEIRO;Não consigo olhar no fundo dos seus
Roberta Flack;FEEL LIKE MAKING LOVE;Strollin' in the park
Roberta Flack;KILLING ME SOFTLY WITH HIS SONG;Strumming my pain with his fingers
Roberta Flack;THE CLOSER I GET TO YOU;The closer I get to you
Roberta Flack & Peabo Bryson;TONIGHT I CELEBRATE MY LOVE FOR YOU;Tonight I celebrate my love for you
Roberta Miranda;A MULHER EM MIM;Em meu coração os amores vem e
Roberta Miranda;AMANHÃ;Me prendeste numa redoma...
Roberta Miranda;ATRAÇÃO FATAL;Ai amor eu tô com medo dessa solidão...
Roberta Miranda;BOLERO NUNCA MAIS;Outra vez a saudade troxe você...
Roberta Miranda;DÓI;Dói sentir que o nosso amor aos
Roberta Miranda;É AMOR DEMAIS;Oh amor...
Roberta Miranda;EU TE AMO, TE AMO, TE AMO;Tanto tempo longe de você
Roberta Miranda;FAZ AMOR COMIGO;Teu sorriso iluminado fez revolução.......
Roberta Miranda;HISTÓRIA DO SERTÃO;O sertanejo quando pega na viola...
Roberta Miranda;MEU DENGO;Vem cá meu dengo ai ai ai ai ai
CANTOR;TÍTULO;INÍCIO DA LETRA
Roberta Miranda;NO CORAÇÃO A PAIXÃO NA CABEÇA O CIÚM;Depois de tanta solidão mil vezes o meu coração.
Roberta Miranda;POBRE ESPERANÇA;Pobre coração vivendo de saudades
Roberta Miranda;SÃO TANTAS COISAS;São tantas coisas só nós sabemos
Roberta Miranda;SEMPRE MAIS;Sinto... você insiste em dizer...
Roberta Miranda;VÁ COM DEUS;A cada dia que se passa
Roberta Sá;A VIZINHA DO LADO;A vizinha quando passa com seu...
Roberta Sá;AMOR BLUE;Um gato de olhos azuis olhando a lua
Roberta Sá;GIRANDO NA RENDA;É no samba de roda eu vou
Roberta Sá;JANEIROS;É como o vento leve em seu lábio ass
Roberta Sá;PELAS TABELAS;Ando com minha cabeça já pelas tabelas
Roberta Sá;SAMBA DE AMOR E ÓDIO;Não há abrigo conta o mal
Roberta Sá e Lenine;FOGO E GASOLINA;Você é um avião eu sou um edifício
Roberto Carlos;A GAROTA DO BAILE;Quem não acreditar
Roberto Carlos;A GUERRA DOS MENINOS;Hoje eu tive um sonho que foi o mais...
Roberto Carlos;A MENINA E O POETA;Virgem menina morena
Roberto Carlos;A NAMORADA;Você que vem dentro da
Roberto Carlos;ABRAZAME ASÍ;Abrazame así
Roberto Carlos;AMADA AMANTE;Esse amor demais antigo
Roberto Carlos;AMANTE À MODA ANTIGA;Eu sou aquele amante à moda antiga
Roberto Carlos;AMIGO;Você, meu amigo de fé, meu irmão
Roberto Carlos;AMOR SEM LIMITE;Quando agente ama alguém de verdade...
Roberto Carlos;AQUELE BEIJO QUE TE DEI;Aquele beijo que te dei
Roberto Carlos;ARRASTA UMA CADEIRA;Amigo arrasta uma cadeira
Roberto Carlos;AS BALEIAS;Não é possível que você suporte a
Roberto Carlos;AS CANÇÕES QUE VOCÊ FEZ PRA MIM;Hoje eu ouço as canções que você
Roberto Carlos;AS CURVAS DA ESTRADA DE SANTOS;Se você pretende saber quem eu sou..
Roberto Carlos;BRUCUTU;Olha o Brucutu Brucutu
Roberto Carlos;CAFÉ DA MANHÃ;Amanhã de manhã vou pedir o café
Roberto Carlos;CAMA E MESA;Eu quero ser a sua canção...
Roberto Carlos;CAMINHONEIRO;Todo dia quando eu pego a estrada...
Roberto Carlos;CANZONE PER TE;La festa appena cominciata
Roberto Carlos;CAVALGADA;Vou cavalgar por toda a noite...
Roberto Carlos;COISA BONITA;Amo você assim
Roberto Carlos;COMO DOIS É DOIS;Quando você me ouvir cantar venha não creia
Roberto Carlos;COMO É BOM SABER;Ao contrário do que eu esperava
Roberto Carlos;COMO É GRANDE O MEU AMOR POR VOCÊ;Eu tenho tanto pra lhe falar
Roberto Carlos;COMO VAI VOCÊ?;Como vai você, eu preciso saber da sua vida
Roberto Carlos;CORAÇÃO;Com o coração na voz e o grito mais feroz
Roberto Carlos;CORRO DEMAIS;Meu bem qualquer instante que eu
Roberto Carlos;CUSTE O QUE CUSTAR;Já não sei dizer se sou feliz ou não...
Roberto Carlos;DE QUE VALE TUDO ISSO;De que vale tudo isso se você não es
Roberto Carlos;DE TANTO AMOR;Ah! Eu vim aqui amor só pra me...
Roberto Carlos;DESABAFO;Por que me arrasto aos seus pés
Roberto Carlos;DETALHES;Não adianta dem tentar
Roberto Carlos;É PAPO FIRME;Essa garota é papo firme
Roberto Carlos;E POR ISSO ESTOU AQUI;Olha dentro dos meus olhos...
Roberto Carlos;É TEMPO DE AMAR;Nunca mais me fale assim
Roberto Carlos;EMOÇÕES;Quando eu estou aqui
Roberto Carlos;ESPERANDO VOCÊ;Não sei por que acreditei
Roberto Carlos;ESQUEÇA (FORGET HIM);Esqueça se ele não te ama
Roberto Carlos;ESSE CARA SOU EU;O cara que pensa em você toda hora
Roberto Carlos;EU E ELA;Um grande amor começa agora
Roberto Carlos;EU PRECISO DE VOCÊ;Eu preciso de você
Roberto Carlos;EU QUERO APENAS;Eu quero apenas olhar os campos
Roberto Carlos;EU SOU TERRÍVEL;Eu sou terrível e é bom parar
Roberto Carlos;EU TE DAREI O CÉU;Eu te darei o céu meu bem...
Roberto Carlos;FALANDO SÉRIO;Falando sério
Roberto Carlos;FERA FERIDA;Acabei com tudo, escapei com vida
Roberto Carlos;FOLHAS DE OUTONO;As folhas caem o inverno já chegou
Roberto Carlos;FORÇA ESTRANHA;Eu vi um menino correndo eu vi o tempo...
Roberto Carlos;FURDÚNCIO;Onde ela vai eu vou onde ela está eu estou
Roberto Carlos;HISTÓRIA DE UM HOMEM MAU;Eu vou contar pra todos
Roberto Carlos;ILEGAL, IMORAL OU ENGORDA;Vivo condenado a fazer o que não
Roberto Carlos;LADY LAURA;Tenho às vezes vontade deser...
Roberto Carlos;LOBO MAU;Eu sou do tipo que não gosta
Roberto Carlos;LUZ DIVINA;Luz que me ilumina o caminho
Roberto Carlos;MEU QUERIDO, MEU VELHO, MEU AMIGO;Esses seus cabelos brancos bonitos
Roberto Carlos;MEXERICO DA CANDINHA;A Candinha vive a falar de mim em tu
Roberto Carlos;MULHER DE 40;Sorriso bonito olhar de quem sabe
Roberto Carlos;MULHER PEQUENA;Quando uma mulher pequena
Roberto Carlos;NAMORADINHA DE UM AMIGO MEU;Estou amando loucamente...
Roberto Carlos;NÃO SE ESQUEÇA DE MIM;Onde você estiver não se esqueça
Roberto Carlos;NEGRO GATO;Eu sou o negro gato de arrepiar....
Roberto Carlos;NINGUÉM VAI TIRAR VOCÊ DE MIM;Não me canso de falar que te amo
Roberto Carlos;NOITE DE TERROR;Fazia noite fria eu logo fui dormir
Roberto Carlos;NOSSA SENHORA;Cubra-me com seu manto de amor...
Roberto Carlos;NOSSO AMOR;Nosso amor não é possível terminar
Roberto Carlos;O CALHAMBEQUE;Essa é uma das muitas...
Roberto Carlos;O CÔNCAVO E O CONVEXO;Nosso amor é demais
Roberto Carlos;O GRANDE AMOR DA MINHA VIDA;A primeira vez que eu te vi ...
Roberto Carlos;O PORTÃO;Eu cheguei em frente ao portão
Roberto Carlos;O PROGRESSO;Eu queria poder afagar uma fera
Roberto Carlos;O SÓSIA;Tudo começou quando certo dia
Roberto Carlos;OS SETE CABELUDOS;Tudo começou quando Lili foi à esquina
CANTOR;TÍTULO;INÍCIO DA LETRA
Roberto Carlos;OS SEUS BOTÕES;Os botões da blusa que você usava
Roberto Carlos;OUTRA VEZ;Você foi o maior dos meus casos
Roberto Carlos;PAREI NA CONTRAMÃO;Vinha voando no meu carro
Roberto Carlos;PAREI, OLHEI;Parou olhou
Roberto Carlos;PEGA LADRÃO;Estava com um broto no portão
Roberto Carlos;PROPOSTA;Eu te proponho nós nos amarmos...
Roberto Carlos;QUANDO;Quando você se separou de mim
Roberto Carlos;QUERO QUE VÁ TUDO PRO INFERNO;De que vale o céu azul e o sol
Roberto Carlos;ROSINHA;Oh Rosa Rosinha
Roberto Carlos;ROTINA;O sol ainda não chegou e o relógio há pouco
Roberto Carlos;SE VOCÊ PENSA;Se você pensa que vai fazer de mim
Roberto Carlos;SÓ VOU GOSTAR DE QUEM GOSTA DE MIM;De hoje em diante
Roberto Carlos;SUA ESTUPIDEZ;Meu bem meu bem você tem que...
Roberto Carlos;TEM COISAS QUE A GENTE NÃO TIRA DO CO;Que bom te encontrar
Roberto Carlos;TODOS ESTÃO SURDOS;La larara...Desde o começo...
Roberto Carlos;UN GATTO NEL BLU;Quando era bambino che allegria
Roberto Carlos;VÊ SE VOLTA PRA MIM;Deixa que eu me acerte com
Roberto Carlos;VOCÊ DEIXOU ALGUÉM A ESPERAR;Você deixou alguém a esperar
Roberto Carlos;VOCÊ NÃO SERVE PRA MIM;Não fique triste não se zangue...
Roberto Carlos;EU DISSE ADEUS;Eu disse adeus
Roberto Carlos e Balão Mágico;É TÃO LINDO;Se tem bigodes de foca nariz de taman
Roberto Leal;BATE O PÉ;Ai bate o pé bate o pé bate o pé
Roberto Leal;CASA PORTUGUESA;Numa casa Portuguesa fica bem
Roberto Leal;DEIXA VIR O NATAL;O ano inteiro o mundo é cruel
Roberto Leal;O IMIGRANTE;Tantos sonhos são desfeitos
Roberto Leal;VERDE VINHO;Ninguém na rua na noite fria
Roberto Livi;MARIA ISABEL;A praia estava deserta o sol surgia
Roberto Muller;ENTRE ESPUMAS;Uma noite sentou-se à minha mesa
Roberto Ribeiro;TODO MENINO É UM REI;Todo menino é um rei
Roberto Trevisan;UM MATUTO EM NEW YORK;Sou um matuto mas sou matuto de luxo
Robinson Monteiro;PRA SEMPRE EU VOU TE AMAR;Sei que nada vai mudar...
Rockwell;KNIFE;You touched my life
Rod Stewart;I DON'T WANT TO TALK ABOUT IT;I can tell by your eyes
Rod Stewart;SAILING;I am sailing I am sailing
Rod Stewart;SOME GUYS HAVE ALL THE LUCK;Some guys have all the luck…
Rodrigo Faro;NÃO DIGA NADA;Olha pra mim não diga nada...
Rodrigo Santos;NÃO VÁ;Tenho saudades da nossa conversa
Rodrigo Santos;PÃO-DURO;Chegou o pão-duro
Rodriguinho;LUZ NA ESCURIDÃO;Por que será que toda vez que eu te ve
Rodriguinho;PALAVRA DE AMIGO;Quantas vezes eu vou ter que te falar
Rodriguinho e Nana Damasceno;O AMOR VENCEU;Conto os dias conto as horas
Rodriguinho e Thiaguinho;FATALMENTE;Passei a vida inteira
Roger e Robson;LINDA MENINA;Linda... menina linda
Roger e Robson-Eduardo Costa;QUÍMICA;Vai encarar ou me deixar aqui falando
Rolando Boldrin;MANHÃ BONITA;Manhã bonita apaixonada vem pra fest
Rolling Stones;(I CAN'T GET NO) SATISFACTION;I can't get no satisfaction
Rolling Stones;ANGIE;Angie, Angie
Rolling Stones;AS TEARS GO BY;It is the evening of the day
Rolling Stones;JUMPIN' JACK FLASH;Wah-choo!
Rolling Stones;LADY JANE;My sweet Lady Jane
Rolling Stones;RUBY TUESDAY;She would never say where she came from
Rolling Stones;WILD HORSES;Childhood living is easy to do
Ronaldo e os Barcelos;FELIZ ANIVERSÁRIO;Feliz aniversário meu amor espero
Ronaldo Resedá;KITCH ZONA SUL;A vida que eu imaginei
Ronaldo Resedá;MARROM GLACÊ;Chanpagne no gelo salgados e doces...
Ronnie Von;A PRAÇA;Hoje eu acordei com saudades de você
Ronnie Von;CACHO DE UVA;Assim como a brisa
Ronnie Von;CACHOEIRA;Tantos mistérios pra desvendar...
Ronnie Von;DIA DE FOLGA;Eu almoço sozinho e você ainda na c
Ronnie Von;MEU BEM;Se você quiser ouvir então a minha história
Ronnie Von;TEMPO DE ACORDAR;Eu acordei e notei
Rosa Passos;LADEIRA DA PREGUIÇA;Essa ladeira que ladeira é essa
Rosana;AMOR DIVIDIDO;Nem sempre a vida vem
Rosana;CUSTE O QUE CUSTAR;Guarde um pedacinho de você
Rosana;DIRETO NO OLHAR;Eu saio dos teus mistérios
Rosana;MÚSICA E LÁGRIMA;O rádio então tocou a música outra v
Rosana;NEM UM TOQUE;Tanta coisa pra dizer e a gente nem se
Rosana;O AMOR E O PODER;A musica na sombra o ritmo no ar...
Rosana;ONDE O AMOR ME LEVA;Não eu digo com certeza
Rosana;ORAÇÃO (Disney);Se alguém está me ouvindo
Rose Nascimento;VITÓRIA DE ELIAS;A bíblia nos fala de um homem de Deus...
Rose Nascimento;FIEL POR TODA VIDA;Se alguém tentar te humilhar
Rose Nascimento;SEMPRE FIEL;Deus sempre abre uma porta pra livrar
Rosemary;JÓIA;Como jóia rara que precisa ser...
Rouge;BEIJO MOLHADO;Quero tanto espero tanto seu beijo…
Rouge;BLÁ BLÁ BLÁ;Você sabe tudo pra ensinar...
Rouge;BRILHA LA LUNA;Quero uma noite pra bailar o zouk…
Rouge;NÃO DÁ PRA RESISTIR;Eu não quero confessar…
Rouge;PÁ PÁ LÁ LÁ;Quando te vejo assim
Rouge;RAGATANGA (ASEREJÉ);Olha lá quem vem virando a esquina…
Rouge;UM ANJO VEIO ME FALAR;Tão difícil entender o coração...
Rouge e KLB;NUNCA DEIXE DE SONHAR;Há uma luz em algum lugar…
Roupa Nova;À FLOR DA PELE;Ninguém merece solidão fala pro
Roupa Nova;A FORÇA DO AMOR;Abriu minha visão no jeito do amor
CANTOR;TÍTULO;INÍCIO DA LETRA
Roupa Nova;A VIAGEM;Há tanto tempo que eu deixei você
Roupa Nova;AMAR É...;Amar...é quando não dá mais pra
Roupa Nova;ANJO;Se você vê estrelas demais lembre
Roupa Nova;BEM MAIOR;Bem maior que os mares
Roupa Nova;BEM SIMPLES;Tudo bem simples tudo bem natural...
Roupa Nova;CANÇÃO DE VERÃO;É como um sol de verão queimando...
Roupa Nova;CHAMA;Pelo brilho da manhã sinto acesa a c
Roupa Nova;CLAREAR;Clarear baby clarear
Roupa Nova;COM VOCÊ FAZ SENTIDO;Mais um sinal pessoas passam por mim
Roupa Nova;COMEÇO, MEIO E FIM;A vida tem sons que pra gente ouvir
Roupa Nova;CORAÇÃO PIRATA;Na najê .....O meu coração pirata......
Roupa Nova;CORAÇÕES PSICODÉLICOS;Ainda me lembro daquele beijo
Roupa Nova;CRISTINA;Sua boca na minha, seus olhos fechados
Roupa Nova;DE VOLTA PRO FUTURO;Sou o mesmo que te amou não me diga
Roupa Nova;DEIXA O AMOR ACONTECER;Qualquer coisa no meu coração...
Roupa Nova;DONA;Dona desses traiçoeiros
Roupa Nova;JÁ NEM SEI MAIS;Às vezes não entendo o frio…
Roupa Nova;LINDA DEMAIS;Linda só você me fascina te desejo
Roupa Nova;MARGARIDA;Andei terras do meu reino em vão…
Roupa Nova;ME FAÇA UM FAVOR;Quero que você me faça um favor
Roupa Nova;MEU UNIVERSO É VOCÊ;Mais que a luz das estrelas ah ah...
Roupa Nova;MUITO MAIS;Melhor acreditar…
Roupa Nova;NATAL TODO DIA;Um clima de sonho se espalha no ar
Roupa Nova;NOSSA HISTÓRIA;Hoje eu venho outra vez meu lugar
Roupa Nova;OS CORAÇÕES NÃO SÃO IGUAIS;Você tem o tempo que quiser
Roupa Nova;RAZÃO DE VIVER;Lá no final há um lugar
Roupa Nova;SAPASTO VELHO;Você lembra lembra...
Roupa Nova;SEGUINDO NO TREM AZUL;Confessar sem medo de mentir
Roupa Nova;SENSUAL;Nada a dizer antes de sentir...
Roupa Nova;SHOW DE ROCK'N ROLL;Ela só se liga em astrologia...
Roupa Nova;TÍMIDA;Lábios com sabor de hortelã...
Roupa Nova;UM ANJO MUITO ESPECIAL;Anjo anjo... uô ôh u-ôh u-ôh ôh
Roupa Nova;VOCÊ NO CORAÇÃO;Não sei porque
Roupa Nova;VOLTA PRA MIM;Amanheci sozinho na cama num vazio
Roupa Nova;WHISKY A GO-GO;Foi numa festa gelo e cuba libre
Roupa Nova e Cláudia Leite;UM SONHO A DOIS;Ela sabe o jeito de agradar
Roupa Nova e Ivete Sangalo;O SAL DA TERRA;Vamos precisar de todo mundo
Roxette;DRESSED FOR SUCCESS;Tried to make it little by little
Roxette;FADING LIKE A FLOWER;In a time where the sun descends alone
Roxette;IT MUST HAVE BEEN LOVE;It must have been love But it’s over now...
Roxette;JOYRIDE;Hello you fool I love you
Roxette;LISTEN TO YOUR HEART;I know there's somethin'
Roxette;SPENDING MY TIME;What’s the time...
Roxette;THE LOOK;One two three four
Roy Orbison;ONLY THE LONELY;Only the lonely you know the way
Roy Orbison;PRETTY WOMAN;Pretty woman walking down the street...
Roy Orbison;YOU GOT IT;Every time I look into your lovely eyes
Royce do Cavaco;A SAUDADE DÓI;Não ligue pro que aconteceu
Royce do Cavaco;FRENTE A FRENTE;A gente se enganou pensando que era
Royce do Cavaco;MEU CORAÇÃO É TEU;Infelizmente nós somos assim
Royce do Cavaco;SÓ VOCÊ;Quando a luz se apaga
RPM;A CRUZ E A ESPADA;Havia um tempo em que eu vivia
RPM;ALVORADA VORAZ;Virada do século alvorada...
RPM;LOURAS GELADAS;Disfarça e faz que nem me viu...
RPM;OLHAR 43;Seu corpo é o fruto proibido
RPM;ONDE ESTÁ O MEU AMOR;Onde está o meu amor…
RPM;RÁDIO PIRATA;Abordar navios mercantes...
RPM;RAINHA;Vem como uma chuva de verão…
RPM;REVOLUÇÕES POR MINUTO;Sinais de vida no país vizinho
RPM;VIDA REAL;Se você pudesse me dizer...
Rud e Robson;TATUAGEM;Quanto mais eu penso O tempo passa
Rud e Robson;TOMAR UM GOLE;Eu to cansado de trabaiá eu quero tom
Rush;A FAREWELL TO KINGS;When they turn the pages of history
Ryan e Sharpay;BOP TO THE TOP;Mucho gusto ay que fabulosa
S. Harnick & J. Bock;SUNRISE SUNSET;Is this the little girl I carried
S.C.Foster;OH SUSANNA;I've come from Alabama with my banjo
Sá e Guarabira;ATRÁS POEIRA;Ele pegou um baio
Sá e Guarabira;ESPANHOLA;Por tantas vezes eu andei mentindo
Sá e Guarabira;HARMONIA;Como um bicho da rua pode ter...
Sá e Guarabira;ROQUE SANTEIRO;Dizem que Roque Santeiro
Sá e Guarabira;SOBRADINHO;O homem chega e já desfaz a natureza
Sá, Rodrix e Guarabyra;MESTRE JONAS;Dentro da baleia mora mestre Jonas
Sade;BY YOUR SIDE;You think I'd leave your side baby...
Sade;SMOOTH OPERATOR;Diamond life lover boy
Sagrado Coração da Terra-Malú Aires;SOB O SOL;Sobre as nossas cabeças o sol...
Samantha Mumba;GOTTA TELL YOU;Yeah, yeah, yeah, yeah, yeah
Samantha Sang & Bee Gees;EMOTION;It's over and done
Sampa Crew;AMOR VIRTUAL;Meu a mor virtual...
Sampa Crew;CORAÇÃO TE ACALMA;Quantas vezes eu te disse coração
Sampa Crew;ETERNO AMOR;Oculto em minha alma há tempos tranca
Sampa Crew;EU NASCI PRA TE AMAR;Eu nasci pra te amar só pra te amar......
Sampa Crew;ME DÊ UMA CHANCE;Amor escrevo essa carta...
Sampa Crew;MESMO ASSIM;Foram tantas coisas boas
Sampa Crew;NO MESMO LUGAR;Já faz algum tempo
CANTOR;TÍTULO;INÍCIO DA LETRA
Sampa Crew;O ANJO E A FLOR;Preste atenção tudo é segredo
Sampa Crew;QUER ME DOMINAR;Quem é que brinca de amor
Sampa Crew;VERDADE PAIXÃO;Eu vou além de mim sem nada temer
Sampa Crew;VOCÊ PERTO DE MIM;Como fazer pra esquecer teu beijo
Sampa Crew e Dani Voguel;DISTÂNCIA;Você não tá entendendo que eu não tô
Samprazer;ISSO É CAÔ;Se liga aí estão querendo por um fim no amor da
Samprazer;NA PAGODEIRA;Minha namorada tá de mal comigo
Sandra;MARIA MAGDALENA;You take my love you want my soul...
Sandra de Sá;AGORA EU SEI;Você me diz que eu sou seu...
Sandra de Sá;BYE, BYE TRISTEZA;Ninguém aqui é puro anjo ou demônio
Sandra de Sá;JOGA FORA;É cansei já não dá mais você...
Sandra de Sá;NÃO VÁ;De repente me deu
Sandra de Sá;OLHOS COLORIDOS;Os meus olhos coloridos me fazem refl
Sandra de Sá;RETRATOS E CANÇÕES;Hoje eu me peguei...
Sandra de Sá;SOLIDÃO;Solidão dá um tempo e vá saindo...
Sandra de Sá;SOUL DE VERÃO (FAME);Tudo vai mudar quando essa luz se acender
Sandra de Sá;SOZINHA;Às vezes no silêncio da noite
Sandra de Sá;VAMOS VIVER;Vamos consertar o mundo
Sandra de Sá e Gabriel O Pensador;DANÇANDO COM A VIDA;Eu não devo nada a ninguem...
Sandra de Sá e Tim Maia;NÃO TEM SAÍDA;Eu errei... mas jogue a primeira
Sandro e Gustavo;A GARAGEM DA VIZINHA;Lá na rua onde eu moro conheci...
Sandy;AQUELA DOS 30;Hoje já é quinta-feira e eu já tenho quase 30
Sandy;PÉS CANSADOS;Fiz mais do que posso
Sandy;QUEM EU SOU;A vida me mostrou que é pouco o que e
Sandy e Andrea Bocelli;VIVO POR ELLA;Vivo por ella sin saber
Sandy e Junior;APRENDER A AMAR;Ô uô ô... Tenho um segredo pra contar...
Sandy e Junior;ENROSCA;Enrosca o meu pescoço...
Sandy e Junior;NA BOA SEM CHORAR;Depois de uma noite em claro...
Sandy e Junior;NADA VAI ME SUFOCAR;Parei com você não vou arriscar
Sandy e Junior;NÃO DÁ PRA NÃO PENSAR;Não dá pra não pensar em você...
Sandy e Junior;O AMOR NÓS GUIARÁ;Vamos ter momento a chorar....
Sandy e Junior;VAMO PULÁ;Estou sentindo solta pelo ar...
Sandy e Júnior;A GENTE DÁ CERTO;Do lado de lá do lado de cá...
Sandy e Júnior;A LENDA;Bem lá no céu uma luz existe...
Sandy e Júnior;ABRE A PORTA MARIQUINHA;Abre a porta Mariquinha...
Sandy e Júnior;ABRI OS OLHOS;Sei mais do que eu quis mais do que sou
Sandy e Júnior;AS QUATRO ESTAÇÕES;A noite cai o frio desce...
Sandy e Júnior;BOCA A BOCA;Foi assim que aconteceu nossa
Sandy e Júnior;COM VOCÊ;Desde quando te encontrei..........
Sandy e Júnior;DESPERDIÇOU;Você desperdiçou o amor...
Sandy e Júnior;DIG-DIG-JOY;Dig sig joy dig joy bo boy
Sandy e Júnior;EM CADA SONHO;Cada vez que eu penso te sinto
Sandy e Júnior;ENCANTO;Se eu pudesse libertar...
Sandy e Júnior;ESTRANHO JEITO DE AMAR;Quanta bobagem tudo o que se falou
Sandy e Júnior;ETC E TAL;Quando eu encontrar um amor...
Sandy e Júnior;EU ACHO QUE PIREI;Quando eu te vi na minha frente...
Sandy e Júnior;EU QUERO MAIS;Eu quero mais mais que alegria…
Sandy e Júnior;IMORTAL (IMMORTALITY);É bem assim que estou é tudo...
Sandy e Júnior;MALIA;Cosa c'era nel fior che m'hai dato
Sandy e Júnior;MARIA CHIQUINHA;Que cô cê foi fazê no mato Maria
Sandy e Júnior;NADA É POR ACASO;Já faz algum tempo que eu fui te…
Sandy e Júnior;NO FUNDO DO CORAÇÃO;Eu quero ser um lindo sonho...
Sandy e Júnior;O AMOR FAZ;Eu ficava olhando as estrelas...
Sandy e Júnior;OLHA O QUE O AMOR ME FAZ;Meu coração bate ligeiramente apertado...
Sandy e Júnior;PRA DANÇAR COM VOCÊ;No baile da escola eu espero você
Sandy e Júnior;QUANDO VOCÊ PASSA;Esse turu turu turu aqui dentro...
Sandy e Júnior;SUPER HEROI (NÃO É FÁCIL);Não quero imitar Deus ou coisa assim…
Sandy e Júnior;VAI TER QUE REBOLAR;Garota o que é que eu faço
Sandy e Júnior;VOCÊ PRA SEMPRE (INVEJA);Eu só quero estar no teu pensamento...
Sandy e Junior - Chitãozinho e Xororó;VAMOS CONSTRUIR (LOVE CAN BUILD A BRI;Sei que ainda sou criança tenho muito que apren
Sandy e Toquinho;ERA UMA VEZ;Era uma vez, um lugarzinho...
Santa Esmeralda;YOU'RE MY EVERYTHING;You're my everything
Santa Geração;PODEROSO DEUS;Ao que está assentado no trono
Santa Geração 2 (Igreja Batista de Co;TEU FLUIR É MELHOR;Teu fluir é melhor do que tudo que co
Santana;CORAZÓN ESPINADO;Esa mujer me esta matando...
Santana;EVIL WAYS;You've got to change your evil ways
Santana;OYE COMO VA;Oye como va mi ritmo
Santana;SMOOTH;Man it's a hot one
Santana & Michelle Branch;THE GAME OF LOVE;Tell me Just what you want me to be…
Santana Feat.The Product G&B;MARIA MARIA;Ladies and gents'
Savage Garden;I KNEW I LOVED YOU;Oooh
Scorpions;WIND OF CHANGE;I follow the Moskva down to Gorky Park
Scott Mackenzie;SAN FRANCISCO;If you’re going to San Francisco...
Scracho;DIVINA COMÉDIA;Ahhhh...
Seal;CRAZY;In a church by the face he talks about the
Secos e Molhados;FLORES ASTRAIS;Um grito de estrelas vem do infinito
Secos e Molhados;MUITAS PESSOAS;Muitas pessoas sonharam
Secos e Molhados;MULHER BARRIGUDA;Mulher barriguda que vair ter menino
Secos e Molhados;MULHERES DE ATENAS;Mirem-se no exemplo daquelas mulheres...
Secos e Molhados;O VIRA;O gato preto cruzou a estrada
Secos e Molhados;QUE FIM LEVARAM TODAS AS FLORES;Que fim levaram todas as flores
Secos e Molhados;ROSA DE HIROSHIMA;Pensem nas crianças mudas...
Selma Reis;EMOÇÕES SUBURBANAS;Às vezes morro por cantar demais
Selma Reis;SOMBRA EM NOSSO OLHAR;Sei, só não sei porque penso em você
CANTOR;TÍTULO;INÍCIO DA LETRA
Sem Compromisso;ETERNAMENTE;Não sei como explicar...
Sem Compromisso;FELICIDADE ESCONDIDA;Deixo um beijo de adeus
Sem Compromisso;MARIANA, PARTE MINHA;Se eu beijar a sua boca
Sem Compromisso;NASCENTE;Sempre que eu olho pra você...
Sempre Livre;ESSE SEU JEITO SEXY DE SER;Você combinou no mesmo bat-local
Sempre Livre;EU SOU FREE;Só estudei em escola experimental
Sempre Livre;FUI EU;Os pés descalços queimando o asfalto…
Sensação;CORAL DE ANJOS;Um coral de anjos cantou uma linda
Sensação;PALMA DA MÃO;Vamo pro pagode Mané...
Sensação;PRECISO DESSE MEL;Quando a sua beleza pisou
Sensação;SENTIMENTO NU;É...tudo era azul sentimento nu um
Sérgio Britto e Negra Li;AQUI NESTE LUGAR;Ninguém sabe quanto cabe pedir e alguém sabe
Sérgio e Tchelo;TE BUSQUEI NAS AVENIDAS;Já é tarde tá chovendo e madru....
Sergio Endrigo;TI AMO;Per avermi sorriso in triste mattino
Sérgio Loroza;O MEU PONTO FRACO É MULHER;Tinha arrumado uma grana era fim de
Sergio Malandro;O ESCÂNDALO (UM CAPETA EM FORMA DE;Conheci um capeta em forma de guri
Sérgio Mendes;ÁGUA DE BEBER;Eu quis amar mas tive medo
Sérgio Murilo;BROTO LEGAL;Oh, oh, que broto legal garota fenomenal
Sérgio Reis;ADEUS MARIANA;Nasci lá na cidade me casei na serra...
Sérgio Reis;CABOCLA TEREZA;Lá no alto da montanha
Sérgio Reis;CAVALO PRETO;Tenho um cavalo preto por nome
Sérgio Reis;CHALANA;Lá vai a chalana bem longe se vai...
Sérgio Reis;CHICO MINEIRO;Fizemos a última viagem
Sérgio Reis;CIDADE GRANDE;Abre a porteira que eu quero entrar
Sérgio Reis;CORAÇÃO DE PAPEL;Se você pensa que meu coração é
Sérgio Reis;FILHO ADOTIVO;Com sacrifício...
Sérgio Reis;FUI PRA CASA DA VIZINHA;Tomei uma cerveja no bar da
Sérgio Reis;MEU CAVALO ZAINO;Eu tenho um cavalo zaino
Sérgio Reis;O MENINO DA PORTEIRA;Toda vez que eu viajava
Sérgio Reis;PANELA VELHA;Tô de namoro com uma moça solteirona
Sérgio Reis;PINGA NI MIM;Nesta casa tem goteira pinga...
Sérgio Reis;SAUDADE DA MINHA TERRA;De que me adianta viver na cidade
Sérgio Reis;TOCANDO EM FRENTE;Ando devagar porque já tive pressa...
Sérgio Reis;TREM DO PANTANAL;Enquanto esse velho trem...
Sérgio Reis;TRISTE BERRANTE;Já vai bem longe esse tempo
Sérgio Sampaio;EU QUERO BOTAR MEU BLOCO NA RUA;Há quem diga que eu dormi de touca
Seu Cuca;INDECISÃO;Em plena madrugada nós dois na hora e
Seu Cuca;NÃO HÁ;Eu quero você
Seu Jorge;A DOIDA;A doida vazou a doida vazou
Seu Jorge;ALMA DE GUERREIRO;Jorge vem de lá da Capadócia
Seu Jorge;AMIGA DA MINHA MULHER;Ela é amiga da minha mulher
Seu Jorge;BURGUESINHA;Vai no cabelereiro no esteticista
Seu Jorge;CAROLINA;Carolina é uma menina bem difícil d
Seu Jorge;COTIDIANO;Don-din don-don don-din don-don
Seu Jorge;MINA DO CONDOMÍNIO;Tô namorando aquela mina
Seu Jorge;PESSOAL PARTICULAR;Ela sabe que eu quero muito lhe espero
Seu Jorge;QUEM NÃO QUER SOU EU;Vou ficar a noite em claro sem pegar no sono
Seu Jorge;SAMBA QUE NEM RITA À DORA;O Chico falou que a Rita levou
Seu Jorge;SÃO GONÇA;Pretinha
Seu Jorge;TIVE RAZÃO;Tive razão posso falar
Seu Jorge;TRABALHADOR;Está na luta
Severino Araújo;ANOS DOURADOS;Parece que dizes te amo Maria
Shakira;DÓNDE ESTÁS CORAZÓN?;Dónde estás corazón?
Shakira;ESTOY AQUI;Ya sé que no vedrás todo lo que fue
Shakira;GYPSY;Broke my heart down the road
Shakira;OJOS ASI;Ayer conocí un cielo sin sol........
Shania Twain;I'M GONNA GETCHA GOOD;Let's go Don't wantcha for the weekend
Shania Twain;MAN I FEEL LIKE A WOMAN;Let's go girls
Shania Twain;YOU'RE STILL THE ONE;When I first saw you I saw love
Shania Twain & Back Street Boys;FROM THIS MOMENT ON;From this moment life has begun
Sheena Easton;FOR YOUR EYES ONLY;For your eyes only
Sheryl Crow;ALL I WANNA DO;Hit it This ain't no disco
Sidney Magal;CÉU COR DE ROSA;Ontem na tarde formosa
Sidney Magal;ME CHAMA QUE EU VOU;Seu corpo estremece e já não consegue...
Sidney Magal;SANDRA ROSA MADALENA;Quero vê-la sorrir, Quero vê-la cantar...
Sidney Magal;SE TE AGARRO COM OUTRO TE MATO;Se te agarro com outro te mato...
Sidney Magal;TENHO (TENGO);Tenho um mundo de sensações
Silverchair;ANA'S SONG;Please die Ana
Silverchair;MISS YOU LOVE;Millionaire say got a big shot deal
Silvia Machete;SIMPLESMENTE MULHER;Tantas... sou só uma e sou tantas
Silvinha;MINHA PRIMEIRA DESILUSÃO;Eu sou tão menina pra me enamorar
Silvinha;SPLISH SPLASH;Splish splash fez o beijo que eu dei...
Sílvio Brito;CIDADÃO;Tá vendo aquele edifício moço?
Sílvio Brito;ESPELHO MÁGICO;Espelho meu espelho meu
Silvio Caldas;MINHA PALHOÇA;Mas se você quisesse morar na minha p
Silvio César;LEVANTE OS OLHOS;Levante os olhos
Silvio César;SERENATA;Dorme fecha esse olhar entardescente
Simon and Garfunkel;BRIDGE OVER TROUBLED WATER;When you're weary feeling small
Simon and Garfunkel;THE SOUND OF SILENCE;Hello darkness my old friend
Simone;BATE O SINO;Bate o sino pequenino sino de Belém
Simone;DESESPERAR JAMAIS;Desesperar jamais
Simone;É FESTA;Quando a gente ama faz...
Simone;ENTÃO É NATAL;Então é Natal e o que você fez...
Simone;ESPERE POR MIM, MORENA;Espere por mim, morena espere...
CANTOR;TÍTULO;INÍCIO DA LETRA
Simone;IOLANDA;Esta canção não é mais que
Simone;LOCA;Loca... Loca al sentir me...
Simone;NATAL BRANCO (WHITE CHRISTMAS);Lá onde a neve cai
Simone;O AMANHÃ;A cigana leu meu destino...
Simone;PAIXÃO E FÉ;Já bate o sino bate na catedral
Simone;QUEM É VOCÊ;Quem será que me chega na toca da noite
Simone;SEPARAÇÃO;Melhor assim
Simone;VENEZIANA;Por favor nunca mais meu amor…
Simone;A BICICLETA;Bicicleta sou sua amiga,,,
Simone part. Frejat;SEDA PURA;Suave esta noite de scotch...
Simoni;CERTAS COISAS;Não existiria som
Simoni;QUANDO TE VI;Nem o sol, nem o mar, nem o brilho
Simoní e Alexandre Pires;PELO MENOS UMA VEZ;Descansei a dor no azul do mar
Simoninha;É BOM ANDAR A PÉ;É bom andar a pé
Simple Minds;DON'T YOU FORGET ABOUT ME;Hey hey hey hey uh uh uh oh
Simple Plan;PERFECT;Hey dad look at me....
Simple Red;HOLDING BACK THE YEARS;Holding back the years
Simply Red;EVERY TIME WE SAY GOODBYE;Every time we say goodbye
Simply Red;SO NOT OVER YOU;Don't know why I still slept on my side
Simply Red;STARS;Anyone who ever held you
Simply Red;YOU MAKE ME FEEL BRAND NEW;My love
Sinead O'Connor;NOTHING COMPARES TO YOU;It's been seven hours and fifteen days…
Skank;ACIMA DO SOL;Assim ela já vai achar o cara...
Skank;AMORES IMPERFEITOS;Não precisa me lembrar não vou fugir...
Skank;BALADA DO AMOR INABALÁVEL;Leva essa canção de amor dançante...
Skank;CANÇÃO NOTURNA;Misterioso luar de fronteira....
Skank;DE REPENTE;Olhei
Skank;DOIS RIOS;O céu está no chão...
Skank;É PROIBIDO FUMAR;É proibido fumar diz o aviso que eu li
Skank;É UMA PARTIDA DE FUTEBOL;Ô bola na trave não altera o placar
Skank;ESMOLA;Uma esmola pelo amor de Deus
Skank;EU DISSE A ELA;Quando eu disse a ela que o amor passou
Skank;EU E A FELICIDADE;E afinal ela quer me entregar ou não
Skank;FICA;Se você vai trabalhar e me deixar que pena...
Skank;FOTOS NA ESTANTE;Sem mais nem menos sem remédio sem des
Skank;GAROTA NACIONAL;Aqui nesse mundinho fechado
Skank;JACKIE TEQUILA;Funk lá no morro da mangueira
Skank;MACACO PREGO;Eu sou macaco prego...
Skank;MANDRAKE E OS CUBANOS;Será que você gostou…
Skank;MIL ACASOS;Mil acasos me levam a você
Skank;NOITES DE UM VERÃO QUALQUER;Noites de um verão qualquer
Skank;O HOMEM QUE SABIA DEMAIS;Sabia?
Skank;PACATO CIDADÃO;Oh pacato cidadão eu te chamei
Skank;PARA-RAIO;Passa o tempo lento ensaio
Skank;PEGADAS NA LUA;A parte que me cabe nesse peito seu...
Skank;RESPOSTA;Bem mais que o tempo que nós
Skank;SAIDEIRA;Tem um lugar diferente lá depois
Skank;SEUS PASSOS;E quando caio do seu bolso
Skank;SIDERADO;Porque eu te espero na neblina
Skank;SUTILMENTE;E quando eu estiver triste
Skank;TANTO;Coveiros gemem tristes...
Skank;TÃO SEU;Sinto sua falta
Skank;TE VER;Te ver e não te querer
Skank;TRÊS LADOS;Escutei alguem abrir os portões é...
Skank;UM MAIS UM;Éramos nós... éramos nós um mais um
Skank;UMA CANÇÃO É PRA ISSO;Uma canção é pra acender o sol
Skank;VOU DEIXAR;Vou deixar a vida me levar...
Skank e Negra Li;AINDA GOSTO DELA;Hoje acordei sem lembrar se vivi ou s
Skeeter Davis;THE END OF THE WORLD;Why does the sun go on shining
Smash Mouth;ALL STAR;Somebody once told me
Smokie;LIVING NEXT DOOR TO ALICE;Sally called when she goes got the
SNZ;SE EU PUDESSE;Quando te encontrei...
Só no Sapatinho;SÓ NO SAPATINHO;Ela chega vaidosa e sorridente
Só Pra Contrariar;A REDE;Quando ela partiu ela levou...
Só Pra Contrariar;AMOR VERDADEIRO;Olhe dentro de mim, você pode se ver
Só Pra Contrariar;DE CORPO SEM ALMA;Às vezes a solidão...
Só Pra Contrariar;DEPOIS DO PRAZER;Tô fazendo amor,  com outra pessoa
Só Pra Contrariar;DÓI DEMAIS;Tá doendo sim tá doendo em mim
Só Pra Contrariar;É BOM DEMAIS;Não larga do meu pé me chama de meu rei
Só Pra Contrariar;ESSA TAL LIBERDADE;O que é que eu vou fazer com essa tal
Só Pra Contrariar;FINAL FELIZ;Chega de fingir...
Só Pra Contrariar;INTERFONE;A cidade já pegou no sono...
Só Pra Contrariar;LINDA;É uma coisa sem explicação
Só Pra Contrariar;MACHUCA DEMAIS;Você machuca demais esse meu coração...
Só Pra Contrariar;MEU JEITO DE SER;Era só dizer pra mim que não sentia
Só Pra Contrariar;MINEIRINHO;Eu não tenho culpa de
Só Pra Contrariar;MINHA FANTASIA;A minha fantasia era te ter um dia…
Só Pra Contrariar;MINHA METADE;Será que a gente entrega
Só Pra Contrariar;NÃO CHORA;Quando eu era o seu amor não havia...
Só Pra Contrariar;NOSSO SONHO NÃO É ILUSÃO;Estão falando pra eu tomar cuidado
Só Pra Contrariar;NUNCA MAIS TE MACHUCAR;Dói demais saber que eu errei e não
Só Pra Contrariar;O AMOR, VOCÊ E EU;Se olhar nos meus olhos verá o que tenho
Só Pra Contrariar;OUTDOOR;Já coloquei num outdoor e em todos
Só Pra Contrariar;PECADO CAPITAL;Dinheiro na mão é vendaval
CANTOR;TÍTULO;INÍCIO DA LETRA
Só Pra Contrariar;PRIMEIRO AMOR;É na escola da vida que a gente aprende
Só Pra Contrariar;QUE SE CHAMA AMOR;Como é que uma coisa assim
Só Pra Contrariar;QUEM ME DERA;A noite madrugou se fez manhã...
Só Pra Contrariar;SAI DA MINHA ABA;Sai pra lá se manca vê se me esquece
Só Pra Contrariar;TÁ POR FORA;Chega de plantar loucura
Só Pra Contrariar;TÃO SÓ;Eu fiquei sozinho mais uma noite
Só Pra Contrariar;TE AMAR SEM MEDO;Tá difícil esconder a paixão que
Só Pra Contrariar;TEU OLHAR;Tua boca murmurou assim prazer te......
Só Pra Contrariar;TRIBUTO AOS MAMONAS;Apesar do pouco tempo que eu fico
Só Pra Contrariar;TUDO MENOS AMOR;Tudo que quiseres te darei ó flor
Só Pra Contrariar;VEM ME LIVRAR DESSE ABANDONO;Vá embora eu não quero...
Só Pra Contrariar;VOCÊ VIROU SAUDADE;Você virou razão virou...
Só Pra Contrariar e Gloria Estefan;SANTO SANTO;De joelhos eu te peço escute a minha oração...
Som Maior;GALHOS SECOS;Nos galhos secos de uma árvore...
Som Maior;O QUE FARÁS;Você já parou pra pensar...
Soraya Moraes;CONHECI UM GRANDE AMIGO;Conheci um grande amigo
Soraya Moraes;DIGNO DE GLÓRIA;Digno de glória e honra levantamos n
Sorriso Maroto;A PRIMEIRA NAMORADA;Eu não sei se vale a pena
Sorriso Maroto;AINDA EXISTE AMOR EM NÓS;Nós estamos separados
Sorriso Maroto;AMANHÃ;Amanhã
Sorriso Maroto;ASSIM VOCÊ MATA O PAPAI;Ai ai ai... Assim você mata o papai
Sorriso Maroto;CLICHÊ;Sem você passei a ver o que nunca enxerguei
Sorriso Maroto;FICA COMBINADO ASSIM;Fico pensando um jeito de te falar
Sorriso Maroto;FUTURO PROMETIDO;A lua que prometi está ali
Sorriso Maroto;NA CAMA;Ê larauê lalaiá
Sorriso Maroto;PRA MIM NÃO É;Do meu jeito louco diferente
Sorriso Maroto;TARDE DEMAIS;Tarde demais pra você se tocar
Sorriso Maroto;TOPO DO MUNDO;Diz quanto custa o teu sorriso
Sorriso Maroto;VOCÊ ME MALTRATA;Já me dei demais sem receber
Sorriso Maroto;TENHO MEDO;Será que é melhor agora eu ser since
Soweto;AMOR DEMAIS;É amar demais pra toda vida...
Soweto;DERÊ;Derê, derê rê rê, derê rê rê, rê rê
Soweto;FAROL DAS ESTRELAS;Voei de prazer no céu..
Soweto;MAÇÃ DO AMOR;O seu nome eu anotei na minha
Soweto;MOMENTOS;Deixa o nosso mundo se encontrar
Soweto;MUNDO DE OZ;A alegria brilhou no olhar logo que
Soweto;NÃO FOI À TOA;Amor...
Soweto;REFÉM DO CORAÇÃO;Sempre alguém me desperta cio e...
Soweto;TEMPO DE APRENDER;Dei tanto amor pra você mas você não...
Soweto;TUDO FICA BLUE;Tudo fica blue quando o sol se põe para a lua...
Soweto e Neguinho B. Flor;NEGRA ÂNGELA;Eu prefiro acreditar que é mentira
Spandau Ballet;ONLY WHEN YOU LEAVE;Laying in the after glow
Spandau Ballet;TRUE;So true funny how it seems
Spice Girls;2 BECOME 1;Candle light and soul forever…
Spice Girls;VIVA FOREVER;Do you still remember how we used to be
Spice Girls;WANNA BE;If you want my future forget my past...
Steely Dan;DO IT AGAIN;In the morning you go gunning
Stephen Bishop;IT MIGHT BE YOU;Time... I’ve been passing time...
Steppenwolf;BORN TO BE WILD;Get your motor runnin'head down
Steve Miller Band;ABRACADABRA;I heat up I can't cool down
Stevie Wonder;ALL IN LOVE IS FAIR;All is fair in love
Stevie Wonder;I JUST CALLED TO SAY I LOVE YOU;No New Year's Day to celebrate
Stevie Wonder;ISN’T SHE LOVELY;Isn’t she lovely isn’t she wonderful...
Stevie Wonder;MY CHERIE AMOUR;La la... My cherie amour...
Stevie Wonder;YESTER-ME, YESTER-YOU, YESTERDAY;Yester-me, yester-you, yesterday...
Stevie Wonder;YOU ARE THE SUNSHINE OF MY LIFE;You are the sunshine of my life...
Sting;FIELDS OF GOLD;You'll remember me when the west…
Sting;WE'LL BE TOGETHER;I see me with you…
Strike;FLUXO PERFEITO;Não te ver é me encontar imerso nesse mar de f
Strike;NO VENENO;Ela adora me odiar não me dá trela
Strike;O JOGO VIROU;E eu sigo em frente
Strike;PARAÍSO PROIBIDO;Here we go...
Strokes (The);LAST NIGHT;Last night she said oh baby I feel so d
Suave, Edrigo Baggio e Michel Martin;NOSSA FESTA COMEÇOU;Tô na rua pra dançar todo mundo pode
Super Feliz;BOLA PRA FRENTE;Vitória bola pra frente explode o Brasil
Supertramp;BREAKFAST IN AMERICA;Take a look at my girlfriend
Supertramp;DREAMER;Dreamer You know you are a dreamer…
Supertramp;IT’S RAINING AGAIN;It’s raining again oh no my love’s...
Supertramp;TAKE A LONG WAY HOME;So you think you're a Romeo…
Supertramp;THE LOGICAL SONG;When I was young…
Supla;GAROTA DE BERLIM;Caminhava eu sozinho...
Supla;GREEN HAIR (JAPA GIRL);She said she's only sixteen...
Survivor;EYE OF THE TIGER;Risin' up back on the street...
Susan Boyle;I DREAMED A DREAM;I dreamed a dream in days gone by
Suzanne Vega;LUKA;My name is Luka
Swing e Simpatia;IRRACIONAL;Já tem um mês e tal que a gente está
Swing e Simpatia;NÃO DÁ O BRAÇO A TORCER;Eu sempre deixo a porta encostada
Sylvinho;MEU URSINHO BLAU BLAU;Aí meu ursinho Blau blau de brinquedo...
Taiguara;AMANDA;Amanda
Taiguara;HOJE;Hoje Trago em meu corpo
Taiguara;TEU SONHO NÃO ACABOU;Hoje a minha pele já não tem cor
Taiguara;UNIVERSO NO TEU CORPO;Eu desisto não existe essa manhã
Taiguara;VIAGEM;Vai abandona a morte em vida em que hoje estás
Take That;BACK FOR GOOD;I guess now it’s time for me to give up...
CANTOR;TÍTULO;INÍCIO DA LETRA
Tammy Wynette;STAND BY YOUR MAN;Sometimes it's hard to be a woman
Tania Alves;OUÇA;Ouça vá viver sua vida com outro bem....
Tânia Alves;FRANQUEZA;Você passa por mim e não olha
Tânia Alves;SABOR DE MIM;Quanto tempo desfrutamos desse
Tânia Cristal;ESQUISITO;Eu já vi você em tantos lugares
Tânia Mara;FEBRE DE AMOR;E vai caindo a noite
Tânia Mara;LOUCA PAIXÃO;Você chegou e pôs em mim o seu olhar…
Tânia Mara;O QUE EU SINTO;Simplesmente não posso negar
Tânia Mara;O QUE EU SINTO;Simplesmente não posso negar
Tânia Mara;SE QUISER;Se quiser fugir
Tânia Mara;UM TEMPO DE PAIXÃO;Já não tenho medo mais de falar do meu
Tânia Mara e Alexandre Pires;NÃO ME AME;Por que você chora depois de amar
Tatau;MAIS DE MIL MOTIVOS;Eta garota assustada
Tchakabum;DANÇA DA ONDA;Vou te pegar...
Tchê Barbaridade;É SÁBADO O DIA;Essa noite nesse baile eu quero me ar
Tchê Barbaridade;VOCÊ NÃO VALE NADA;Você não vale nada mas eu gosto de vo
Tchê Campeiro;O AVIÃOZINHO;Olha lá no céu é o aviãozinho
Tchê Garotos;CACHORRO PERIGOSO;Cachorro perigoso safado carinhoso
Tchê Garotos;CHEGA DE DEPRÊ;Hoje vou sair
Tchê Garotos;CLARÃO DA LUA;Agora estou aqui
Tchê Garotos;CRIADO TIPO BICHO;Violeiro mandando laçassos de dedos
Tchê Garotos;É LÁ QUE MORA ELA;Oh oh...
Tchê Garotos;EU VOU CAIR NA ZOEIRA;Fim de semana preparo o meu coração
Tchê Garotos;MENININHA;Todos os dias na escola quando eu vi
Tchê Garotos;O MEU AMOR ME FEZ FELIZ;O meu amor me fez feliz por que
Tchê Garotos;O SOM DO POVO;Tá chegando o som do povo
Tchê Garotos;VAMOS FAZER FESTA;Joga as mãos pra cima tristeza não in
Tchê Garotos;VEM ME DENGAR;Namorar com você é gostoso demais
Tears for Fears;WOMAN IN CHAINS;You better love loving and you better b
Teatro Mágico;NOSSO PEQUENO CASTELO;Já longe de tanta fumaça
Telex;SÓ DELÍRIO;Eu não tenho culpa
Teodoro e Sampaio;A GOSTOSONA;Gostosona sai na rua assanha a
Teodoro e Sampaio;AQUI PRA ELA;Minha mulher quer sair pra dançar...
Teodoro e Sampaio;COWBOY CONQUISTADOR;Onde tem festa festa de rodeio
Teodoro e Sampaio;É MENTIRA DELA;Minha mulher diz que eu vou pro boteco...
Teodoro e Sampaio;FOGO NO FACHO;Essa mulher tem fogo no facho
Teodoro e Sampaio;GARANHÃO DA MADRUGADA;Sou um homem ciumento amo e quero…
Teodoro e Sampaio;HOMEM QUE BATE EM MULHER;Homem que bate em mulher covarde é
Teodoro e Sampaio;MULHER CHORONA;Êta mulher chorona chora feito uma...
Teodoro e Sampaio;O BEIJO DO ADEUS;Devolva todas minhas coisas
Teodoro e Sampaio;O CHORÃO;Mas que trem doido que coisa mais esqui
Teodoro e Sampaio;O PEÃO E O VIOLEIRO;Onde tem festa de peão tem violeiro
Teodoro e Sampaio;O TREM TÁ FEIO;Disse que aqui mais nada é de graça
Teodoro e Sampaio;PAIXÃO PROIBIDA;Querida nós nos enganamos
Teodoro e Sampaio;PITOCO;Ganhei um cachorrinho por nome de Pit
Teodoro e Sampaio;ROELA DO ENO;O Eno é meu amigo e companheiro
Teodoro e Sampaio;SE A CASA CAIR;E se a casa cair deixa que caia
Teodoro e Sampaio;TAPETE DA SALA;Não precisa mais dizer que me ama
Teodoro e Sampaio;UM SÉCULO SEM TI;Quanta história eu tenho inventado
Terrasamba;ABC DO TERRA;Você me disse que sabe sambar
Terrasamba;CARRINHO DE MÃO;Padá, badá
Terrasamba;LIBERAR GERAL;Nada mal
Terrasamba;ROMÂNTICO LÍRICO;Você já tá careca de saber...
Terrasamba;TÁ TIRANDO ONDA;Tá tirando onda, tá tirando ondinha
Terry Winter;SUMMER HOLIDAY;On a summer day I met you
Testament;ALONE IN THE DARK;When I was but very young
Tetê Espíndola;ESCRITO NAS ESTRELAS;Você pra mim foi o sol
Thaeme e Thiago;AI QUE DÓ;Foi se aventurar e agora ficou só ai que dó
Thais Gullin;PAIXÃO, PASSIONE;Paixão
The  Originals;UM FILME COM FINAL FELIZ;Quantas estrelas quantas promessas
The 5th Dimension;AQUARIUS;When the moon is in the seventh house…
The Buggles;VIDEO KILLED THE RADIO STAR;I heard you on my wireless…
The Cars;DRIVE;Who's gonna tell you when...
The Cascades;RHYTHM OF THE RAIN;Listen to the rhythm of the falling
The Chi-Lites;OH GIRL;Oh girl
The Corrs;EVERYBODY HURTS;When your day is long
The Corrs;FORGIVEN NOT FORGOTTEN;All alone staring on watching her life
The Corrs;RUNAWAY;Say it's true…
The Corrs;RUNAWAY;Say it's true
The Cranberries;LINGER;If you... if you could return
The Cranberries;ODE TO MY FAMILY;Doo, doo, doo, doo, doo, doo, doo, doo
The Cranberries;ZOMBIE;Another head hangs lowly Child is slowl
The Crests;SIXTEEN CANDLES;Happy birthday Happy birthday, baby....
The Cure;BOYS DON'T CRY;I would say I'm sorry
The Fevers;CÂNDIDA;No céu todo azul mil estrelas a brilh
The Fevers;GUERRA DOS SEXOS;Cheguei pra conquistar o mundo
The Fevers;JÁ CANSEI;Eu me lembro que eu dizia
The Fevers;MÃE;Mãe a vida foi você quem me deu
The Fevers;MAR DE ROSAS;Você bem sabe...
The Fevers;NATHALIE;Tudo é triste em meu viver
The Fevers;NINGUÉM VIVE SEM AMOR;Mais um dia amanheceu e eu sozinho a
The Fevers;SE VOCÊ DISSER QUE SIM;Se você disser que sim e aceitar o me
The Fevers;SE VOCÊ ME QUISER;Quando eu te encontrei eu não imaginei
The Fevers;VEM ME AJUDAR;Perdi você porque não julguei…
CANTOR;TÍTULO;INÍCIO DA LETRA
The Four Tops;ASK THE LONELY;When you feel that you can make..
The Four Tops;REACH OUT I'LL BE THERE;Now if you feel that you can't go on…
The Hollies;THE AIR THAT I BREATHE;If I could make a wish I think I'd pass…
The Housemartins;BUILD;Clambering men in big bad boots
The Human League;DON'T YOU WANT ME;You were working as a waitress...
The Korgis;EVERYBODY'S GOT T0 LEARN SOMETIME;Change your heart look around you...
The Marmalade;REFLECTIONS OF MY LIFE;The changing of sunlight to moonlight
The Originals;AMAR VOCÊ;Amar você O sonho que guardei…
The Originals;UMA HISTÓRIA PRA FICAR;Quando estou nos teus braços fecho os olhos
The Outfield;CLOSER TO ME;One look one touch…
The Parlotones;FLY TO THE MOON;Fairytales all tell a lie
The Rembrandts;I'LL BE THERE FOR YOU;So no one told your life was gonna be t
The Ronettes;BE MY BABY;The night we met I knew I needed you so
The Smiths;ASK;Shyness is nice and shyness can't stop y
The Smiths;GIRLFRIEND IN A COMA;Girlfriend in a coma I know
The Wallflowers;HEROES;I I wish you could swim like the dolphin
The White Stripes;SEVEN NATION ARMY;I'm going to fight them off a seven nation
The Wonders;THAT THING YOU DO;You... doin' that thing you do
Thiaguinho;AINDA BEM;Ainda bem que te encontrei
Thiaguinho;LEITE CONDENSADO;É meu amigo falou que é bom quero pegar també
Tião Carreiro e Pardinho;AMARGURADO;O que é feito daqueles beijos que eu
Tihuana;DE LONGE;Ver as coisas como elas são
Tihuana;QUE VES;Olhando no olho posso viajar...
Tihuana;TROPA DE ELITE;Agora o bicho vai pegar
Tim Maia;A FESTA DO SANTO REI;Hoje é o dia de Santos Reis...
Tim Maia;ACENDA O FAROL;Pneu furou
Tim Maia;AMIGA;Amiga
Tim Maia;AMIGO VERDADEIRO;Hei de estar aqui
Tim Maia;AZUL DA COR DO MAR;Ah, se o mundo inteiro me pudesse ouvir
Tim Maia;BONS MOMENTOS;Bons momentos eu passei, fui feliz
Tim Maia;CARINHOS;Hoje eu sei que é você amor
Tim Maia;CHOCOLATE;Chocolate, chocolate, chocolate...
Tim Maia;CORONÉ ANTONIO BENTO;Coroé Antonio Bento...
Tim Maia;CRISTINA;Vou-me embora agora pra longe
Tim Maia;DESCOBRIDOR DOS SETE MARES;Uma luz azul me guia com a firmeza e
Tim Maia;DO LEME AO PONTAL;Do Leme ao Pontal não há nada igual
Tim Maia;ESTÁ DIFÍCIL DE ESQUECER;Não foi nada em vão
Tim Maia;EU AMO VOCÊ;Toda vez que eu olho...
Tim Maia;GOSTAVA TANTO DE VOCÊ;Não sei por que você se foi
Tim Maia;LÁBIOS DE MEL;Deixe que eu sinta teu corpo
Tim Maia;LEVA;Foi bom eu ficar com você o ano inteiro
Tim Maia;ME DÊ MOTIVO;É engraçado às vezes a gente sente
Tim Maia;NÃO QUERO DINHEIRO, SÓ QUERO AMAR;Vou pedir pra você voltar
Tim Maia;NÃO VOU FICAR;Há muito tempo eu vivi calado
Tim Maia;PAIXÃO ANTIGA;Paixão antiga sempre mexe com a gente...
Tim Maia;PEDE A ELA;Pede a ela pra ligar pra mim...
Tim Maia;PRECISO SER AMADO;Eu preciso de carinho eu preciso de
Tim Maia;PRIMAVERA;Quando o inverno chegar
Tim Maia;PRIMAVERA;Quando o inverno chegar…
Tim Maia;PUDERA;Pudera te encontrar aqui pudera......
Tim Maia;RÉU CONFESSO;Venho lhe dizer
Tim Maia;SOSSEGO;Ora bolas não me amole...
Tim Maia;TELEFONE;Alô, alô quem fala...
Tim Maia;VALE TUDO;Vale, vale tudo vale, vale tudo
Tim Maia, Fábio e Hyldon;VELHO CAMARADA;Como vai meu velho camarada
Tim Moore;YES;Oh oh oh yes yes
Timbalada;BEIJA FLOR;Eu fui embora meu amor chorou
Tina Turner;PRIVATE DANCER;Well the men come in these places
Tina Turner;SIMPLY THE BEST;I call you I need you my heart's on fir
Tina Turner;STEAMY WINDOWS;I was thinkin' 'bout parkin' the other…
Tina Turner;WHAT'S LOVE GOT TO DO WITH IT;You must understand...
Tina Turner e Al Green;LET'S STAY TOGETHER;I'm I'm so in love with you whatever you want
Tino;FICA COMIGO;Quero saber o que te faz ser assim...
Tiririca;EU SOU CHIFRUDO;Essa música eu quero oferecer para
Tiririca;FLORENTINA;Essa música eu tava cantando aí na
Titãs;A MELHOR BANDA DE TODOS OS TEMPOS;Quinze minutos de fama mais um...
Titãs;ALUGA-SE;A solução pro nosso povo eu vou dar...
Titãs;ANTES DE VOCÊ;Antes não pensava em você
Titãs;COMIDA;Bebida é água comida é pasto você tem
Titãs;DOMINGO;Não sei o que fazer não sei o que faze
Titãs;É PRECISO SABER VIVER;Quem espera que a vida seja feita de
Titãs;ENQUANTO HOUVER SOL;Quando não houver saída...
Titãs;EPITÁFIO;Devia ter amado mais ter chorado...
Titãs;EU NÃO VOU DIZER NADA;Eu não vou falar de amor
Titãs;FLORES;Olhei até ficar cansado...
Titãs;HOMEM PRIMATA;Desde os primórdios até hoje em dia ...
Titãs;INSENSÍVEL;Até parece loucura não sei explicar
Titãs;ISSO;Isso que acontece com a gente…
Titãs;MARVIN;Meu pai não tinha educação...
Titãs;O INFERNO SÃO OS OUTROS;Não quero rotina nem disciplina
Titãs;O MUNDO É BÃO SEBASTIÃO;Porque o sol saiu porque o seu dente…
Titãs;OS CEGOS DO CASTELO;Eu não quero mais mentir...
Titãs;POLÍCIA;Dizem que ela existe pra ajudar
Titãs;PORQUE EU SEI QUE É AMOR;Porque eu sei que é amor
CANTOR;TÍTULO;INÍCIO DA LETRA
Titãs;PRA DIZER ADEUS;Você apareceu do nada
Titãs;PROVAS DE AMOR;Acabo de te trair em pensamento...
Titãs;SONÍFERA ILHA;Não posso mais viver assim
Toke Divinal;PEQUENA PRINCESA;Pequena princesa és a primavera
Tokyo;HUMANOS;Esse humanos
Tom e Dito;TAMANCO MALANDRINHO;Vista sua mortalha azul turquesa
Tom Jobim;CHEGA DE SAUDADE;Vai, minha tristeza, e diz a ela que
Tom Jobim;DESAFINADO;Se você disser que eu desafino amor...
Tom Jobim;ELA É CARIOCA;Ela é carioca... basta o jeitinho dela
Tom Jobim;LÍGIA;Eu nunca sonhei com você
Tom Jobim;LUÍZA;Rua espada nua bóia no céu imensa
Tom Jobim;SAMBA DE UMA NOTA SÓ;Eis aqui este sambinha feito de uma
Tom Jobim;WAVE;Vou te contar os olhos já não podem
Tom Jobim, João Gilberto, Astrud e G;CORCOVADO;Quiet nigths of quiet stars...
Tom Jones;GREEN GREEN GRASS OF HOME;The old hometown looks the same
Tom Jones;TILL;Till the moondeserts the sky
Tomate;PARARÁ;Ei, vou te mostrar o meu poder
Tommy James;CRIMSON AND CLOVER;No I don't hardly know her but I
Toni Braxton;HOW COULD AN ANGEL BREAK MY HEART;I heard he sang a lullaby...
Toni Braxton;SPANISH GUITAR;A smoky room a small caf?
Toni Braxton;UNBREAK MY HEART;Don’t leave me in all this pain...
Toni Tornado;BR-3;A gente corre na BR-3
Tonico e Tinoco;MORENINHA LINDA;Meu coração tá pisado...
Tony Benett;I LEFT MY HEART IN SAN FRANCISCO;The loveliness of Paris...
Tony Bennett;STELLA BY STARLIGHT;The song a robim sings
Tony Dallara;LA NOVIA;Bian che spien dente va la novia
Tony Garrido;ME LIBERTEI;Jurei nunca mais fazer som por aqui
Tony Orlando;THE A YELLOW RIBBON'ROUND THE OLD OA;I'm comin'home I've done my time
Tony Orlando & Dawn;KNOCK THREE TIMES;Hey girl, what ya doin' down there...
Tony Platão;DIA 36;Esquece não pensa mais lenço azul a a
Tony Platão;MARES DA ESPANHA;Nem que eu caminhasse às três da manhã
Tony Platão;NEGRO AMOR;Vá se mande
Toploader;DANCING IN THE MOONLIGHT;We get it on most every night
Toque no Altar (Ministério Apascentar;RESTITUI;Os planos que foram embora
Toque no Altar (Ministério Apascentar;TE LOUVAREI;Perto quero estar junto aos Teus pés
Toquinho;AQUARELA;Numa folha qualquer eu desenho um sol
Toquinho;COMME FACETTE MAMMETA;Quanno mámmeta t'ha fatta
Toquinho;O FILHO QUE EU QUERO TER;É comum a gente sonhar eu sei
Toquinho e Vinícius;A TONGA DA MIRONGA DO CABULETÊ;Lá lá lá eu caio na bossa...
Toquinho e Vinícius;CANTO DE OSSANHA;"O homem que diz ""dou"" não dá"
Toquinho e Vinícius;CARTA AO TOM 74;Rua Nascimento Silva cento e sete
Toquinho e Vinícius;COMO DIZIA O POETA;Quem já passou por essa vida e não vi
Toquinho e Vinícius;ESCRAVO DA ALEGRIA;E eu que andava nessa escuridão
Toquinho e Vinícius;ESSA MENINA;Você não tem mesmo o que fazer essa
Toquinho e Vinícius;MARCHA DA QUARTA-FEIRA DE CINZAS;Acabou nosso carnaval
Toquinho e Vinícius;MARIA VAI COM AS OUTRAS;Maria era uma boa moça pra turma lá
Toquinho e Vinícius;MEU PAI OXALÁ;Atotô baluayê atotô babá
Toquinho e Vinícius;MORENA FLOR;Morena flor
Toquinho e Vinícius;O VELHO E A FLOR;Por céus e mares eu andei
Toquinho e Vinícius;POR QUE SERÁ;Por que será
Toquinho e Vinícius;REGRA TRÊS;Tantas você fez que ela cansou...
Toquinho e Vinícius;SÃO DEMAIS OS PERIGOS DESTA VIDA;São demais os perigos desta vida
Toquinho e Vinícius;SEI LÁ (A VIDA TEM SEMPRE RAZÃO);Tem dias que eu fico pensando na vida
Toquinho e Vinícius;TARDE EM ITAPOÃ;Um velho calção de banho
Toquinho e Vinícius;TESTAMENTO;Você que só ganha pra juntar
Toquinho e Vinicius – Maria Creuza;CATENDÊ;Meu catendê de lá de China
Tori Amos;CRUCIFY;Every finger in the room is pointing at
Toto;AFRICA;I hear the drums echoing tonight...
Toto;I'LL BE OVER YOU;Some people live their dreams…
Tracy Chapman;BABY CAN I HOLD YOU;Sorry is all that you can't say
Train;DROPS OF JUPITER (TELL ME);Now that she's back in the atmosphere
Travie McCoy Feat.Bruno Mars;BILLIONAIRE;I wanna be a billionaire so frickin bad
Travis Tritt;ANYMORE;I can't hide the way I feel…
Trem da Alegria;É DE CHOCOLATE;Por detrás do arco-íris além do horizonte
Trem da alegria;HE-MAN;No mundo de Etérnia bem distante daqui
Trem da alegria;THUNDERCATS;Thunder... Thundercats... Cortando o céu
Trem da Alegria;UNI, DUNI, TÊ;Eu quis saber da minha estrela guia
Trem da Alegria;DONA FELICIDADE;Lua lá no céu queijo pão de mel...
Trem da Alegria;PIUÍ ABACAXI;Piuí piuí piuí abacaxi...
Tremendo;ISSO É TREMENDO;Todos batendo palmas isso é Tremendo
Tribalistas;ANJO DA GUARDA;Escureceu o sol baixou...
Tribalistas;CARNAVÁLIA;Vem pra minha ala…
Tribalistas;É VOCÊ;É você... só você...
Tribalistas;GRÃO DE AMOR;Me deixe sim
Tribalistas;JÁ SEI NAMORAR;Já sei namorar…
Tribalistas;PASSE EM CASA;Passam pássaros e aviões e no chão...
Tribalistas;TRIBALISTAS;Os tribalistas já não querem ter razão…
Tribalistas;VELHA INFÂNCIA;Você é assim um sonho pra mim…
Tribo de Jah;UMA ONDA QUE PASSOU;Eu não pratico bruxaria...
Trio Bravana;MÃE, TÔ NA BALADA;Vixe hoje eu nem quero ver essa história
Trio Esperança;A FESTA DO BOLINHA;Eu ontem fui à festa na casa do...
Trio Esperança;BOLINHA DE SABÃO;Sentado na calçada...
Trio Esperança;FILME TRISTE;Filme triste que me fez chorar...
Trio Esperança;O PASSO DO ELEFANTINHO;Quando ele nasce já é forte...
CANTOR;TÍTULO;INÍCIO DA LETRA
Trio Esperança;O RETRATO;Encontrei na carteira do meu bem
Trio Irakitan;DESESPERADAMENTE;Vem meu coração te chama tão desesper
Trio Los Angeles;TRANSAS E CARETAS;Shalalala shalalala
Trio Los Angeles;VEM DANÇAR MAMBOLÊ;Aprendam essa nova dança
Trio Parada Dura;TELEFONE MUDO;Eu quero que risque o meu nome da sua
Tunai;ADEUS À DOR;Pelo que se passou pelo que se sofreu
Tunai;FRISSON;Meu coracão pulou...
Turma do Pagode;LANCINHO;Uh uh uh... Você sempre quis alguém que
Turma do Pagode;SELINHO;Lêlêlê... Aquela imagem não me sai do pensame
Turma do Pagode;TOMA JEITO CORAÇÃO;Coração coração coração
Turma do Pirlimpimpim;LINDO BALÃO AZUL;Eu vivo sempre no mundo da lua
Turtles;HAPPY TOGETHER;Imagine me and you I do
Twister;PERDI VOCÊ;Fui tudo o que não queria ser,
Twister;QUARENTA GRAUS;Yeah yeah, nada mal...
Twister;SE UM DIA EU TIVER VOCÊ;Ela me olha um olhar gelado...
Twister;UM BEIJO SEU;Às vezes eu me lembro...
U.S.A. For Africa;WE ARE THE WORLD;There comes a time when we...
U2;ELEVATION (TOMB RAIDER MIX);Elevation
U2;I STILL HAVEN'T FOUND WHAT I'M LOOKING;I have climbed highest mountain…
U2;NEW YEAR'S DAY;All is quiet on new year's day
U2;ONE;Is it gettin’ better or do you feel the...
U2;PRIDE (IN THE NAME OF LOVE);One man come in the name of love
U2;RUNNING TO STAND STILL;And so she woke up..
U2;SUNDAY BLOODY SUNDAY;I can’t believe the news today...
U2;WITH OR WITHOUT YOU;See the stone set in your eyes...
Udora;A FALTA (QUE ME FAZ);Eu vou me dou te abro uma porta
Udora;PELO MENOS HOJE;Hoje pelo menos hoje não há mais mist
Ultraje a Rigor;CIÚME;Eu quero levar uma vida moderninha
Ultraje a Rigor;EU GOSTO DE MULHER;Vou te contar o que me faz andar
Ultraje a Rigor;EU ME AMO;Eu eu eu eu há quanto tempo
Ultraje a Rigor;INDEPENDENTE FUTEBOL CLUBE;Eu não sou seu eu não sou de ninguém
Ultraje a Rigor;INÚTIL;A gente não sabemos escolher presidente
Ultraje a Rigor;MARYLOU;Eu tinha uma galinha que se
Ultraje a Rigor;NOS VAMOS INVADIR A SUA PRAIA;Daqui do morro dá pra ver tão legal
Ultraje a Rigor;PELADO;Uau que legal nós dois pelados aqui
Um Toque a Mais;VIDA BANDIDA;Vida bandida que me traz tristeza
Uncle Kracker;FOLLOW ME;You don't know how you met me
Uns e Outros;CARTA AOS MISSIONÁRIOS;Missionários de um mundo vagam…
Valdecir Aguiar;AMIGOS PRA SEMPRE;Amigo
Valdecir Aguiar;CANÇÃO DO AFLITO;Senhor, olhe para mim
Valdecir Aguiar;ME DESTE AMOR;Sozinho eu vivi perdido em meu
Valdecir Aguiar;VAI DAR TUDO CERTO;Se a gente colocar a nossa fé
Valdecir Aguiar;VENCEDOR;Posso todas as coisas em quem me
Valdecir Aguiar;VITÓRIA DO POVO DE DEUS;Eu recebi de Deus e não posso
Valdecir Aguiar;VOLTA POR CIMA;Não dá pra esquecer o passado
Van Halen;CAN'T STOP LOVING YOU;There's a time and place for ev'rything
Van Halen;DREAMS;World turns black and white
Van Halen;JUMP;I get up, and nothing gets me down
Vander Lee;ESPERANDO AVIÕES;Meus olhos te viram triste
Vander Lee;ONDE DEUS POSSA ME OUVIR;Sabe o que eu queria agora meu bem
Vander Lee;PENSEI QUE FOSSE O CÉU;Estou aqui mas esqueci minha alma num
Vanessa Anne Hudgens;WHAT I'VE BEEN LOOKING FOR;It's hard to believe that I couldn't see
Vanessa da Mata;AI, AI, AI;Se você quiser eu vou te dar um amor
Vanessa Da Mata;AINDA BEM;Lá lá... Ainda bem...
Vanessa da Mata;AMADO;Como pode ser gostar de alguém
Vanessa da Mata;BOA SORTE (GOOD LUCK);É só isso não tem mais jeito
Vanessa da Mata;EU SOU NEGUINHA;Eu tava encostado ali minha guitarra…
Vanessa da Mata;NÃO ME DEIXE SÓ;Ah ah ah ah ah ah ah ah ah ah ah ah a
Vanessa da Mata;NOSSA CANÇÃO;Olha aqui preste atenção...
Vanessa da Mata;O TAL CASAL;Depois que o mau tempo foi
Vanessa da Mata;ONDE IR;Eu não sei o que vi aqui eu não sei…
Vanessa Hudgens;SAY OK;You are fine you are sweet
Vanessa Jackson;DE VOLTA PRA MIM;Na nara… Hoje eu vi você e me deu…
Vanessa Jackson;JEITO DE AMAR;Comigo ia ser diferente
Vanessa Rangel;LEVE-ME DAQUI;Leve-me daqui... Breve...
Vanessa Rangel;PALPITE;Tô com saudades de você debaixo
Vanessa Williams;SAVE THE BEST FOR LAST;Sometimes the snow comes down in June…
Vânia Abreu;BEM OU MAL;Pode ser que seja normal acordar quer
Vanusa;ESTADO DE FOTOGRAFIA;Estou morrendo como morre uma foto
Vanusa;MANHÃS DE SETEMBRO;Fui eu que se fechou no mundo…
Vanusa;MENSAGEM;Quándo o carteiro chegou...
Vanusa;MUDANÇAS;Hoje eu vou mudar vasculhar minhas gavetas
Vanusa;O MAGO DE PORNÓIS;Todo dia bem cedinho eu levanto de m
Vanusa;PRA NUNCA MAIS CHORAR;Vem, vem pra bem perto dos meus
Vavá;CONVITE DE CASAMENTO;A gente morou e cresceu na mesma rua...
Vavá;DESENCONTROS;Será verdade que a gente nasceu...
Vavá;DONA CAROLA;Levantei-me da cama sem poder
Vavá;ME LIGA;É um luar que some é um sol que...
Vavá;TUA CARA;Esse som tem sua cara tem teu jeito.....
Vera Lúcia;O JARDINEIRO JESUS;Quero viver a vida num lindo jardim
Verônica Sabino;ÀS VEZES, NUNCA;Às vezes nunca te vi antes
Verônica Sabino;DEMAIS;Foi um vento que passou...
Verônica Sabino;EU PRECISO DE VOCÊ;Como o sol precisa de um poente
Verônica Sabino;LUA BRANCA;Ó lua branca de encantos e fulgores
CANTOR;TÍTULO;INÍCIO DA LETRA
Verônica Sabino;MELHOR PRA MIM;Olhando as estrelas
Verônica Sabino;PRA SEMPRE;O amor já estava escrito já estava
Verônica Sabino;TODO SENTIMENTO;Preciso não dormir
Victor e Léo;ÁGUA DE OCEANO;Em pleno deserto te encontrei
Victor e Léo;AMIGO APAIXONADO;Pensando bem eu gosto mesmo de você
Victor e Léo;AMOR DE ALMA;Você me deu a mão
Victor e Léo;AO VIVO E EM CORES;Sem palavras assisto você
Victor e Léo;BOA SORTE PRA VOCÊ;Pra você não foi sério
Victor e Léo;BORBOLETAS;Percebo que o tempo já não passa
Victor e Léo;DEUS E EU NO SERTÃO;Nunca vi ninguém
Victor e Léo;ESTRELA CADENTE;Pararara papararara
Victor e Léo;FADA;Fada fada querida
Victor e Léo;FLOR DO CAMPO;Minha linda meu amor meu sabor minha
Victor e Léo;FOTOS;Joguei fora fotos de nós dois
Victor e Léo;JOGO DA VIDA;Ela estava linda em plenitude infin
Victor e Léo;LEMBRANÇAS DE AMOR;Veja só
Victor e Léo;MEU EU EM VOCÊ;Eu sou o brilho dos teus olhos ao me o
Victor e Léo;NADA NORMAL;Lareira pra acender
Victor e Léo;NÃO MAIS;Hei
Victor e Léo;NÃO ME PERDOEI;Eu queria ser um anjo e não passo apenas do qu
Victor e Léo;RIOS DE AMOR;Eu estava ali aos pés do vento
Victor e Léo;SEM VOCÊ;Nas incertezas de um caminho que é tã
Victor e Léo;SINTO FALTA DE VOCÊ;Parecia muito fácil
Victor e Léo;SONHOS E ILUSÕES EM MIM;No fraco pôr-do-sol me fortaleço
Victor e Léo;TEM QUE SER VOCÊ;Um dia seus pés vão me levar
Victor e Léo;TIMIDEZ;Timidez nunca me deixou dançar nem se
Victor e Léo;VIDA BOA;Moro num lugar
Village People;MACHO MAN;Body... wanna feel my body
Vineyard;SENHOR, TE QUERO;Eu Te busco Te procuro Oh Deus
Vineyard;VEM, ESTA É A HORA;Vem esta é a hora da adoração
Vinícius Cantuária;CHEIO DE AMOR;Cheio de amor sincero coisa sem expli
Vinícius Cantuária;SÓ VOCÊ;Demorei muito pra te encontrar
Vinícius de Morais;SAMBA DA BENÇÃO;É melhor ser alegre que ser triste
Vinny;EU NÃO ACREDITO EM VOCÊ;Eu abro todas as janelas da casa
Vinny;HELOÍSA, MEXE A CADEIRA;Mexe a cadeira e bota na beira
Vinny;ONDE VOCÊ VAI?;Vou esperar até o dia amanhecer...
Vinny;SEJA COMO FOR;"Fecha a porta entra logo e ""vamo"" nessa..."
Vinny;SHAKE BOOM;Yeh aha bota lenha na fogueira...
Vinny;TE ENCONTRAR DE NOVO;Ié ié thubi... Me lembro de você entrar...
Virgulóides;BAGULHO NO BUMBA;Nesse bumba eu não ando mais
Vixe Mainha;CAFÉ COM PÃO;Por essa nega
Waguinho;É MELHOR CÊ VOLTAR PRA MIM;Você levou o meu coração...
Waguinho;KID BRILHANTINA;Topete na testa uma calça cocota...
Waldck Soriano;EU NÃO SOU CACHORRO NÃO;Eu não sou cachorro não pra viver.........
Waldick Soriano;A CARTA;Minha querida saudações
Waldick Soriano;EU VOU TER SEMPRE VOCÊ;Você jamais saberá querida
Waldick Soriano;PAIXÃO DE UM HOMEM;Amigo....Por favor leve esta carta...
Waldick Soriano;PERFUME DE GARDÊNIA;Perfume de gardênia tem em tua boca
Waldick Soriano;TORTURAS DE AMOR;Hoje que a noite está calma
Waldirene;A GAROTA DO ROBERTO;Sou a garota papo-firme que o Robert
Wanderléia;É TEMPO DO AMOR;Já chegou já chegou novamente a bonan
Wanderléia;EU JÁ NEM SEI;Eu já nem sei...
Wanderléia;FOI ASSIM;Foi assim...
Wanderléia;ME AME OU ME DEIXE;Vai embora vai
Wanderléia;PARE O CASAMENTO;Antes de continuar a cerimônia
Wanderléia;PROVA DE FOGO;Esta é uma prova de fogo
Wanderléia;QUANDO VI VOCÊ DORMINDO;Quando eu vi você dormindo
Wanderléia;SE TUDO PODE ACONTECER;Se tudo pode acontecer
Wanderléia;TE AMO;Quisera ter a coragem de dizer
Wanderléia;TERNURA;Uma vez você falou que eu era o seu amor...
Wanderléia, Renato e Seus Blue Cap;EXÉRCITO DO SURF;Nós somos jovens jovens jvens...
Wanderley Cardoso;DOCE DE COCO;Meu bem desculpe a comparação
Wanderley Cardoso;MINHA NAMORADA;Porque este lugar me traz assim
Wanderley Cardoso;O BOM RAPAZ;Parece que eu sabia que hoje era o
Wanderley Cardoso;SEMPRE LHE DIREI (LADY LAY);Sempre lhe direi sempre lhe direi dire
Wando;A PRÓXIMA VÍTIMA;Quem é que está fazendo amor...
Wando;ÁGUA NA BOCA;Tem mulheres que quando cruzam os
Wando;AQUELE AMOR QUE FAZ GOSTOSO ME DEIX;Eu era tão feliz eu tinha um grande...
Wando;CHORA CORAÇÃO;Um amor quando se vai deixa a marca
Wando;COISA CRISTALINA;Lá vou eu de novo coração nos olhos
Wando;DEUS TE PROTEJA DE MIM;Deus te proteja pela onda de alegria
Wando;É AMOR;De repente eu paro de estalo...
Wando;EU ACHO QUE ESTOU PERDENDO VOCÊ;Você não liga mais nem tem tempo pra mim
Wando;EU JÁ TIREI A TUA ROUPA;Eu já tirei a tua roupa nesses pensa
Wando;FOGO E PAIXÃO;Você é luz, é raio, estrela e luar
Wando;GAZELA;Houve um tempo
Wando;GOSTO DE MAÇÃ;O vento tocava meu rosto
Wando;GOSTOSA;É tão gostosa ela é toda faceira
Wando;MINHA RELIGIÃO;Eu ando procurando mas não vou achar
Wando;MOÇA;Moça me espere amanhã
Wando;MORDIDA NA MAÇÃ;Eu queria me esconder um dia desses
Wando;OBSCENO;Você provoca
Wando;SAFADA;Eu te quero assim
Wando;TÁ FALTANDO UM ABRAÇO;A saudade corre feito um rio
CANTOR;TÍTULO;INÍCIO DA LETRA
Wanessa;NÃO ME LEVE A MAL (LET ME LIVE);Sim o tempo cura tudo
Wanessa Camargo;AMOR AMOR;Yeah yeah… Não estou sofrendo…
Wanessa Camargo;APAIXONADA POR VOCÊ;Você chegou e eu descobri a paixão..
Wanessa Camargo;CULPADA;Me diz que vai embora que ama outra p
Wanessa Camargo;EU ESTAREI AQUI (YOU CAN LET ME DOWN);Deixa eu ver o seu coração...
Wanessa Camargo;EU POSSO TE SENTIR;Quando eu sinto a mágica do amor ...
Wanessa Camargo;EU QUERO SER O SEU AMOR;Na nana... Tá na hora de assumir...
Wanessa Camargo;GOSTAR DE MIM;Eu vi o ceú tam claro....
Wanessa Camargo;LOUCA;Estou sozinha perdida na cama
Wanessa Camargo;ME ABRACE (ABRÁZAME);Saiba que este é meu último pedido
Wanessa Camargo;ME ENGANA QUE EU GOSTO;Esse amor que se esconde em..
Wanessa Camargo;ME PEGA DE JEITO;Se correr o bicho pega
Wanessa Camargo;METADE DE MIM;Às vezes ainda sinto vontade de
Wanessa Camargo;NÃO RESISTO A NÓS DOIS;Eu gosto de você eu penso em você
Wanessa Camargo;O AMOR NÃO DEIXA;O que fazer quando um querer...
Wanessa Camargo;SEM QUERER;Pisei na bola meu Deus e agora…
Wanessa Camargo;TANTA SAUDADE;Eu nunca fui do tipo que se apaixonava...
Wanessa Camargo;UM DIA... MEU PRIMEIRO AMOR;Para começar um beijo…
Wanessa Camargo;NÃO TÔ PRONTA PRA PERDOAR;Pedir perdão
Wess & Dori Chessi;NOI DUE PER SEMPRE;D'un tratto sei cosi diversa
Wess & Dori Chessi;TU NELLA MIA VITA;Se tu sbagli e t'arrabbi da sola
Wham;LAST CHRISTMAS;Oh oh oh oh wo wo ah ah last
Whitesnake;HERE I GO AGAIN;I don't know where I'm going
Whitesnake;IS THIS LOVE;I should have known better...
Whitesnake;LOVE AIN'T NO STRANGER;Who knows where the cold wind blows
Whitney Houston;ALL AT ONCE;All at once…
Whitney Houston;DIDN'T WE ALMOST HAVE IT ALL;Remember when we held on in the rain…
Whitney Houston;GREATEST LOVE OF ALL;I believe the children are our future
Whitney Houston;HOW WILL I KNOW;There's a boy I know, he's the one I dre
Whitney Houston;I HAVE NOTHING;Share my life take me for what I am…
Whitney Houston;I WILL ALWAYS LOVE YOU;If I should stay I would only be
Whitney Houston;LOVER FOR LIFE;Hey hey baby ooh boy yeah oh baby…
Whitney Houston;ONE MOMENT IN TIME;Each day I live I want to be...
Willie Nelson;ALWAYS ON MY MIND;Maybe I didn't love you
Willie Nelson;CITY OF NEW ORLEANS;Ridin' on the City of New Orleans
Wilma Bentivegna;HINO AO AMOR (HYMNE A L'AMOUR);Se o azul do céu escurecer
Wilson e Soraia;CANSEI DE CHORAR;Tô cansado de cho cho cho chorar
Wilson Miranda;A LIÇÃO;Vá siga em paz com o outro amor
Wilson Miranda;ALGUÉM É BOBO DE ALGUÉM;O que eu chorei por ti dá um oceano
Wilson Miranda;ESTOU COMEÇANDO A CHORAR;Não não tive a intenção não vê que
Wilson Pickett;FUNK BROADWAY;Every town I go in there's a street
Wilson Sideral;CINCO DIAS;Lá longe vai um automóvel te levando
Wilson Sideral;FUGINDO DE MIM;Pisando fundo acelerando tudo
Wilson Sideral;LANÇADO AO MAR;Com a coragem e o desespero
Wilson Sideral;UM BEIJO SEU;Hoje eu tô louco
Wilson Simonal;A VIDA É SÓ PRA CANTAR;Eu canto essa canção em busca de um s
Wilson Simonal;DUAS CONTAS;Teus olhos são duas contas pequeninas
Wilson Simonal;MAMÃE PASSOU AÇUCAR EM MIM;Eu sei que tenho muitos garotos
Wilson Simonal;MEU LIMÃO, MEU LIMOEIRO;Meu limão, meu limoeiro meu pé...
Wilson Simonal;MUSTANG COR DE SANGUE;A questão social industrial
Wilson Simonal;SÁ MARINA;Descendo a rua da ladeira...
Wilson Simonal;TRIBUTO A MARTIN LUTHER KING;Se sou negro de cor
Wilson Simonal;VESTI AZUL;Estava na tristeza que dava dó
Wilson Simoninha;MAIS UM LAMENTO;Sigo em frente
Wings;MY LOVE;And when I go away I know
Xuxa;ABECEDÁRIO DA XUXA;A de amor
Xuxa;BRINCAR DE ÍNDIO;Vamos bricar de índio
Xuxa;CINCO PATINHOS;Cinco patinhos foram passear...
Xuxa;CIRCO;A gente gosta de brincar de circo...
Xuxa;DANÇA DA XUXA;Inventei uma dança nova que vai fazer
Xuxa;DANÇA DO MACACO;Uu aa... Imitando o macaco...
Xuxa;DANÇANDO COM O TXUTXUCÃO;Mexe a cintura com o Txutxucão...
Xuxa;DINDA OU DINDINHA;Faz de conta que sou a Fada Madrinha...
Xuxa;DOCE MEL;Bom estar com você brincar com você
Xuxa;DOIS PEIXINHOS;Era uma vez  dois peixinhos bonitinhos...
Xuxa;FESTA DO ESTICA E PUXA;E todos dançam pega estica e puxa
Xuxa;ILARIÊ;Tá na hora tá na hora
Xuxa;LUA DE CRISTAL;Tudo pode ser se quiser será
Xuxa;MARQUEI UM X;Marquei um X um X
Xuxa;PAGOXU;Baixinhos baixinhas altinhos...
Xuxa;PIPOCA;Pipoca ah! Que cheiro de pipoca
Xuxa;TINDOLELÊ;Todo mundo tá feliz tá feliz
Xuxa;ARCO-ÍRIS;Vou pintar arco iris de energia
Xuxa;MILAGRE DA VIDA;Descobri uma palavra que...
Xuxa;PARABÉNS DA XUXA;Hoje vai ser uma festa
Xuxa e José Augusto;QUERER É PODER;Eu posso ir onde eu quiser
Yahoo;ANJO;Estou sozinho e não sei como enfrentar
Yahoo;CAMINHOS DO SOL;Sem você a vida pode parecer
Yahoo;MORDIDA DE AMOR;Quando faz amor se olha no espelho
Yahoo;PAIXÃO ESQUECIDA;Teus olhos dizem tantas coisas que son
Young Rascals;GROOVIN';Groovin' on a Sunday afternoon...
Zé Geraldo;A FÉ;Tá na prece do cristão na festa do pa
Zé Geraldo;SENHORITA;Minha meiga senhorita eu nunca pude
CANTOR;TÍTULO;INÍCIO DA LETRA
Zé Henrique e Gabriel;AH, QUE DEUS É ESSE!;Se Ele chegar nesse lugar
Zé Henrique e Gabriel;ARRASOU;Arrasou chegou aqui parou
Zé Henrique e Gabriel;DECLARAÇÃO;Eu fiquei estacionado aqui
Zé Henrique e Gabriel;MORRO DE SAUDADE;Morro de saudade longe do seu beijo
Zé Henrique e Gabriel;O BRASIL TA CHEIO;Ela foi embora e não vai voltar
Zé Henrique e Gabriel;SOLIDÃO DANDO RISADA;Eu quis voar além do sol
Zé Henrique e Gabriel;TEM TUDO A VER;Tem tudo a ver tudo a ver eu e você
Zé Henrique e Gabriel;TA TUDO OK;Ok você tomou a sua decisão
Zé Paulo;LOUCO POR VOCÊ;Não sei mais o que fazer pra trazer você pra mim
Zé Ramalho;A TERCEIRA LÂMINA;É aquela que fere que virá mais...
Zé Ramalho;A ÚLTIMA NÁU;Levando a bordo El Rei Dom Sebastião
Zé Ramalho;ADMIRÁVEL GADO NOVO;Vocês que fazem parte dessa massa
Zé Ramalho;AVOHAI;Um velho cruza a soleira de botas…
Zé Ramalho;ENTRE A SERPENTE E A ESTRELA;Há um brilho de faca onde o amor...
Zé Ramalho;GAROTO DE ALUGUEL;Baby
Zé Ramalho;JARDIM DAS ACÁCIAS II;Nada vejo por esta cidade
Zé Ramalho;KRIPTÔNIA;Não admito que me fale assim
Zé Ramalho;MEU NOME É TRUPIZUPE;O meu nome é Trupizupe sou o galo de
Zé Ramalho;MISTERIOS DA MEIA NOITE;Mistério da meia noite que voam...
Zé Ramalho;O VENTO VAI RESPONDER;Quantos caminhos se tem que andar
Zé Ramalho;VILA DO SOSSEGO;Oh eu não sei se eram os antigos que
Ze Ricardo e Thiago - Israel Novaes;SINAL DISFARÇADO;Peguei no seu cabelo você diz que ficou
Zé Rodrix;ABAIXO A CUECA;Homens chegou o momento da luta
Zé Rodrix;SOY LATINO-AMERICANO;Não acordo muito cedo mas não fico pr
Zeca Baleiro;CALMA AÍ, CORAÇÃO;Eu já falei tantas vezes e você nada de
Zeca Baleiro;FLOR DA PELE;Ando tão à flor da pele
Zeca Baleiro;QUASE NADA;De você sei quase nada
Zeca Baleiro;SAMBA DO APPROACH;Venha provar meu brunch...
Zeca Baleiro;TELEGRAMA;Eu tava triste tristinho…
Zeca Baleiro;VOCÊ É MÁ;Vá se danar
Zeca Baleiro;SALÃO DE BELEZA;Se ela se penteia eu não sei
Zeca Baleiro e Fágner;A TUA BOCA;Não é veneno a tua boca
Zeca Baleiro e Fágner;PALAVRAS E SILÊNCIOS;Não se move uma montanha
Zeca Pagodinho;BAGAÇO DA LARANJA;Fui num pagode, acabou a comida...
Zeca Pagodinho;BEIJA-ME;Beija-me
Zeca Pagodinho;CADA UM NO SEU CADA UM;Cada um na sua onda
Zeca Pagodinho;CADÊ MEU AMOR;Cadê meu amor tão bonito do início
Zeca Pagodinho;CALANGUEEI;Calangueei calangueai
Zeca Pagodinho;CAVIAR;Você sabe o que é caviar…
Zeca Pagodinho;COCO DE CATOLÉ;Quebra o coco baiana quebra o coco
Zeca Pagodinho;COMUNIDADE CARENTE;Eu moro numa comunidade carente…
Zeca Pagodinho;CORAÇÃO EM DESALINHO;Numa estrada dessa vida eu te...
Zeca Pagodinho;DEIXA A VIDA ME LEVAR;Eu já passei por quase tudo nessa...
Zeca Pagodinho;DONA ESPONJA;Laiá laiá…Já incorporou Brahmará…
Zeca Pagodinho;É PRECISO MUITO AMOR;É preciso muito amor para suportar essa mulher
Zeca Pagodinho;JURA;Jura jura jura pelo Srnhor...
Zeca Pagodinho;MANECO TELECOTECO;Ih ó o maneco aí coitado do tamborim....
Zeca Pagodinho;NEGA DADIVOSA;Lá vai a nega pra feira descendo a la
Zeca Pagodinho;NINGUÉM MERECE;Quero alguém que me queira também…
Zeca Pagodinho;O DONO DA DOR;Queria felicidade não pra me
Zeca Pagodinho;O PENETRA;Quem é ele?...
Zeca Pagodinho;O QUE RESTA DE NÓS;Amor não deixe cair pelo chão
Zeca Pagodinho;POSSO ATÉ ME APAIXONAR;Gosto que me enrosco de um rabo de
Zeca Pagodinho;QUANDO A GIRA GIROU;O céu de repente se anuviou
Zeca Pagodinho;QUEM É ELA?;Quem é ela que vai todo dia na capel
Zeca Pagodinho;SAMBA PRA MOÇAS;Incandiá incandiou
Zeca Pagodinho;SEU BALANCÊ;Quando o canto da sereia...
Zeca Pagodinho;UMA PROVA DE AMOR;Manda que eu faço chover pede que eu
Zeca Pagodinho;VACILÃO;Olha só o pé quebrado que o sujeito...
Zeca Pagodinho;VAI VADIAR;Eu quis te dar um grande amor...
Zeca Pagodinho;VERDADE;Descobri que te amo demais
Zeca Pagodinho;EXAUSTINO;Exaustino não quer se estressar
Zeca Pagodinho;RATATUIA;Parei na dela montei casa na favela
Zeca Pagodinho e Almir Guineto;INSESATO DESTINO;Ô insensato destino pra quê...
Zélia Duncan;ALMA;Alma deixa eu ver sua alma...
Zélia Duncan;CARNE E OSSO;A alegria do pecado às vezes toma c
Zélia Duncan;CATEDRAL;No deserto que atravesse
Zélia Duncan;DOR ELEGANTE;Um homem com uma dor é muito mais ele
Zélia Duncan;ENQUANTO DURMO;Muitas perguntas que afundas de respos
Zélia Duncan;ME REVELAR;Tudo aqui quer me revelar.....
Zélia Duncan;NOS LENÇÓIS DESSE REGGAE;Flash de viagem
Zélia Duncan;SENTIDOS;Não quero seu sorriso
Zélia Duncan;TUDO SOBRE VOCÊ;Queria descobrir em vinte e quatro ho
Zélia Duncan e Lenine;NATURALMENTE;Ter nada nada para ter
Zélia Duncan e Simone;A IDADE DO CÉU;Não somos mais que uma gota de luz
Zero e Paulo Ricardo;AGORA EU SEI;Há muito tempo eu ouvi dizer
Zezé Di Camargo e Luciano;A FERRO E FOGO;A ferro e fogo não dá…
Zezé Di Camargo e Luciano;A GENTE FICA SEM SE AMAR;Quando acordar de manhã...
Zezé Di Camargo e Luciano;AMOR QUE FICA;Tá com medo de olhar nos meus olhos
Zezé Di Camargo e Luciano;AMOR SELVAGEM;Amor selvagem vejo em seu olhar...
Zezé Di Camargo e Luciano;ANDORINHA MACHUCADA;Outra vez ela buscou o meu abraço
Zezé Di Camargo e Luciano;ANTES DE VOLTAR PARA CASA;Antes de voltar pra casa diga pro seu...
Zezé Di Camargo e Luciano;ÁTOMOS;Do universo eu sou uma partícula par
Zezé Di Camargo e Luciano;BALANÇOU;Eu quero ver o agito da massa
CANTOR;TÍTULO;INÍCIO DA LETRA
Zezé Di Camargo e Luciano;CADA VOLTA É UM RECOMEÇO;Mais uma vez
Zezé Di Camargo e Luciano;CHEGA;Chega de quebrar a cara com você
Zezé Di Camargo e Luciano;COMO UM ANJO;Como um anjo você apareceu na minha vida
Zezé Di Camargo e Luciano;CORAÇÃO ESTÁ EM PEDAÇOS;Hoje eu vim te procurar a saudade era
Zezé Di Camargo e Luciano;CORAÇÃO NA CONTRAMÃO;Te procurei pela casa dei de cara comigo
Zezé Di Camargo e Luciano;DA BOCA PRA FORA;Pode tudo se perder...
Zezé Di Camargo e Luciano;DIZ PRO MEU OLHAR;Quantas vezes em silêncio
Zezé Di Camargo e Luciano;DOCE MALDADE;Você fala que é de mim que você gosta
Zezé Di Camargo e Luciano;DOIS CORAÇÕES E UMA HISTÓRIA;No meio da conversa um caso...
Zezé Di Camargo e Luciano;DOU A VIDA POR UM BEIJO;Difício demais de amar assim.............
Zezé Di Camargo e Luciano;É O AMOR;Eu não vou negar que sou louco
Zezé Di Camargo e Luciano;EU AMO;Eu sei tudo que passa na tua cabeça
Zezé Di Camargo e Luciano;EU SÓ PENSO EM VOCÊ;Maybe I didn't love you quite as often
Zezé Di Camargo e Luciano;EU TE AMO (AND I LOVE HER);Foi tanto que eu te amei
Zezé Di Camargo e Luciano;FAÇA ALGUMA COISA;Faça alguma coisa enquanto é tempo
Zezé Di Camargo e Luciano;FAZ EU PERDER  JUÍZO;Faz eu perder o juízo mexe com meu coração
Zezé Di Camargo e Luciano;FELICIDADE QUE SAUDADE DE VOCÊ;É amor tudo que eu sinto por você…
Zezé Di Camargo e Luciano;FERA MANSA;Olhar quarenta e cinco….
Zezé Di Camargo e Luciano;FOI;Chuva cai lá fora e molha meu rosto
Zezé Di Camargo e Luciano;FOI A PRIMEIRA VEZ;Foi a primeira vez a mais forte talvez
Zezé Di Camargo e Luciano;FUI EU;É mais um dia sem você
Zezé Di Camargo e Luciano;HOJE EU QUERO TE AMAR;Meu amor me espere vou logo chegar
Zezé Di Camargo e Luciano;IMPERFEITO;Uma chuva de lembranças
Zezé Di Camargo e Luciano;INDIFERENÇA;Fala pra mim, diz a verdade
Zezé Di Camargo e Luciano;MENINO CANTADOR;Sou menino cantador que só quer falar...
Zezé Di Camargo e Luciano;MENTES TÃO BEM;Me promete amor sincero uma vida in
Zezé Di Camargo e Luciano;MEU PAÍS;Aqui não falta sol aqui não falta chu
Zezé Di Camargo e Luciano;MEXE QUE É BOM;Fim de semana de novo eu tô no meio...
Zezé Di Camargo e Luciano;MUDA DE VIDA;Não sei aonde eu ando com a cabeça
Zezé Di Camargo e Luciano;NA HORA H;Eu preciso te dizer que ainda
Zezé Di Camargo e Luciano;NÃO QUERO TE PERDER;Quero sim
Zezé Di Camargo e Luciano;NEM MAIS UMA DÚVIDA;Quero acabar co essa duvida.....
Zezé Di Camargo e Luciano;NO DIA EM QUE EU SAÍ DE CASA;No dia em que saí de casa...
Zezé Di Camargo e Luciano;NOSSO AMOR É OURO;Nosso amor é ouro jóia rara de...
Zezé Di Camargo e Luciano;NUNCA AMEI ASSIM;Sei que quero sei que amo
Zezé Di Camargo e Luciano;O POVO FALA E NÓIS NAMORA;Deixa o povo falar
Zezé Di Camargo e Luciano;O QUE É QUE EU FAÇO;Por quanto tempo....
Zezé Di Camargo e Luciano;O QUE É QUE NÃO FAZ POR AMOR;Ela chega bem cedo e já me tira do
Zezé Di Camargo e Luciano;O QUE VAI SER DE NÓS;Diz nada não
Zezé Di Camargo e Luciano;OLHA EU AÍ;Olha eu aí...
Zezé Di Camargo e Luciano;PÃO DE MEL;Você é minha luz estrada meu
Zezé Di Camargo e Luciano;PARE;Pare. Até quando você quer...
Zezé Di Camargo e Luciano;PASSOU DA CONTA;Passou da conta agora chega...
Zezé Di Camargo e Luciano;PIOR É TE PERDER;Quanta gente a gente...
Zezé Di Camargo e Luciano;POR AMOR TE DEIXO IR;Pode ir, não impeço sua viagem
Zezé Di Camargo e Luciano;PRA MUDAR MINHA VIDA;Queria tanto te dizer que eu já...
Zezé Di Camargo e Luciano;PRA NÃO PENSAR EM VOCÊ;Quando a saudade doer e a solidão
Zezé Di Camargo e Luciano;PRA SEMPRE;Vai... longe muito longe
Zezé Di Camargo e Luciano;PRA SEMPRE EM MIM (YOU NEEDED ME);Pra que mentir pro meu olhar...
Zezé Di Camargo e Luciano;PRECISO DE UM TEMPO;Sei que sou assim…
Zezé Di Camargo e Luciano;PRECISO SER AMADO;Não preciso de amor eu preciso é ser amado
Zezé Di Camargo e Luciano;PRIMEIRO AMOR;Eu quero te ver, eu quero saber
Zezé Di Camargo e Luciano;RÉDEAS DO POSSANTE;Cada palmo dessa estrada
Zezé Di Camargo e Luciano;SALVA MEU CORAÇÃO;Sou Louco pelo mel da sua boca
Zezé Di Camargo e Luciano;SAUDADE BANDIDA;Outra vez meu coração te procura
Zezé Di Camargo e Luciano;SAUDADE DOS BEATLES;Às vezes volto no tempo
Zezé Di Camargo e Luciano;SEM MEDO DE SER FELIZ;Tira essa paixão da cabeça tira essa
Zezé Di Camargo e Luciano;SERÁ QUE FOI SAUDADE;Diga logo o que te troxe aqui...
Zezé Di Camargo e Luciano;SERAFIM E SEUS FILHOS;São três machos e uma fêmea por…
Zezé Di Camargo e Luciano;SEUS OLHOS;Seus olhos são dois faróis na noite
Zezé Di Camargo e Luciano;SUFOCADO;Pra que fingir que sofre eu sei que…
Zezé Di Camargo e Luciano;TÃO LINDA E TÃO LOUCA;É o sol é o mar
Zezé Di Camargo e Luciano;TAPA NA CARA;Seus olhos são laços que prendem meus p
Zezé Di Camargo e Luciano;TARDE DEMAIS;Sei que ficou no seu quarto
Zezé Di Camargo e Luciano;TOMA JUÍZO;Hoje estou aqui, vim falar de mim
Zezé Di Camargo e Luciano;TRISTEZA DO JECA;Nestes versos tão singelos...
Zezé Di Camargo e Luciano;VEM CUIDAR DE MIM;Eu já fiz de tudo prá não te perder
Zezé Di Camargo e Luciano;VIVENDO POR VIVER;Sem motivo vou vivendo por aí
Zezé Di Camargo e Luciano;VOCÊ VAI VER;Você pode encontrar muitos amores
Zezé Di Camargo e Luciano;VOLTA PRO MEU CORAÇÃO;Noite fria triste céu cinzento
Zizi Possi;A PAZ;A pas invadindo meu coração...
Zizi Possi;ASA MORENA;Me faz pequena asa morena
Zizi Possi;CORSÁRIO;Meu coração tropical tá coberto de ne
Zizi Possi;EU ANDO OK;Vidão verão que sol paixão
Zizi Possi;EU SÓ SEI AMAR ASSIM;Muito pra mim é nada
Zizi Possi;MEU AMIGO, MEU HERÓI;Óh meu amigo meu herói
Zizi Possi;NOITE;Eu fico quieta num canto
Zizi Possi;O AMOR VEM PRA CADA UM;Seu coração tem algo que nunca...
Zizi Possi;PER AMORE;Io conosco la tua estrada ogni passo
Zizi Possi;PERIGO;Nem quero saber se o clima é
Zucchero;SENZA UNA DONNA;I change my world I wanna change...
